5,1401443262095761408,2021-06-06 07:38:05,#겨울이버블 민정이 기타곡 갑자기 추천하고 싶어졌어... 내가 예전부터 민정이가 꼭 불러줬음 싶었던 노래 있었는데 When We Were Young - Adele 이고 알지?? 이거 나도 기타 독학 중이라 쳐봤는데 진짜 쉬워 한번 연습 해봐ㅏ 그리고 이 어플에 쉬운 기타 코드로 바꿔놓은 곡들 진짜 많어 추천🤍 https://t.co/gxPFPiau35
7,1401431069455388676,2021-06-06 06:49:38,"#유지민은봐라 #겨울이버블
즐주보내🥲🤍🤍 https://t.co/z6uTJW0epa"
9,1401429932354412555,2021-06-06 06:45:07,"이 영화를 추천합니다 
태국 영화 😉👍🏻 #겨울이버블 https://t.co/x630CwKp2T"
12,1401425930413764609,2021-06-06 06:29:13,난 당신의 깊은 목소리 너무 사랑! 너무 매력적입니다. 하지만 난 당신의 목소리가 동시에 부드럽고 깊은 수있는 방법을 좋아한다. #겨울이버블 #윈터버블
13,1401422973576245251,2021-06-06 06:17:28,"난 정말 당신이 쇼에 너무 당신의 춤 실력을 보여 주었다 바랍니다. 아, 그런데. 카리나, 지젤, 닝에게 셀카 레슨을받는 것을 잊지 마세요. 닝닝은 룸메이트이므로 셀카 레슨을 요청할 수 있습니다.좋은 사진을 찍어주세요. 나는 당신이 당신의 능력을 향상시킬 수 있습니다 알고 있습니다 #겨울이버블"
17,1401419328755408896,2021-06-06 06:02:59,"하지만 난 당신이 해리 스타일 또는 에드 시런 외에 영어 노래 노래를 바랍니다. 머라이어 캐리, 휘트니 휴스턴, 아리아나 그란데 처럼요 당신이 리한나처럼 rnb 노래를 부르는 걸 들었 으면 좋겠어요. #겨울이버블 #윈터버블"
18,1401419231837646848,2021-06-06 06:02:36,"너도 랩 할 수 있다는 걸 알아! 다음에 랩 실력을 보여 주시길 바랍니다. 오, 우리는 또한 당신이 쇼에서 춤추는 것을 보지 못했습니다. 난 당신이 당신의 춤 기술 언젠가을 보여 바랍니다. 나는 당신의 부드러운 목소리를 좋아합니다. #겨울이버블 #윈터버블"
24,1401407700643160072,2021-06-06 05:16:47,"#윈터버블 #겨울이버블
어제부터 계속 비밀의 화원 커버 듣는 중이야 민정이가 너무 잘 불렀어🥺 앞으로도 민정이 노래 듣는 기회가 많았으면 좋겠다"
26,1401405825831227398,2021-06-06 05:09:20,"#겨울이버블
책 추천 달러구트 꿈백화점 읽어봐바 겨울아
꿈과 관련된 판타지물인데
읽을 때 마다 가슴이 막 따뜻해져"
27,1401403533400829958,2021-06-06 05:00:13,"#겨울이버블
겨울아 너무너무너무 진짜진짜진짜 많이!!! 사랑해"
33,1401392550041198597,2021-06-06 04:16:35,"민정 씨도 이 노래 커버해주세요. 🥺

#윈터버블 #겨울이버블

 https://t.co/VK4KtofbEc"
35,1401391818239930374,2021-06-06 04:13:40,민정아 노래해줘서 고마워 ⸝⸝ʚ̴̶̷̆ ̯ʚ̴̶̷̆⸝⸝ #겨울이버블
36,1401389391470202883,2021-06-06 04:04:02,"쉬는 날 민정이의 모습일까? 핸드폰 하는 갱쥐,, #윈터버블 #겨울이버블 https://t.co/36avZ27ZAK"
37,1401389176579186690,2021-06-06 04:03:10,김윈깅 오늘부터 물결표 여러개 금지.. 아침마다 등산할거같어… #겨울이버블 https://t.co/hdoC3MnBPS
39,1401389000024223747,2021-06-06 04:02:28,"#겨울이버블 민정이가 보낸 버블만 봐두 귀여워 죽겠는 건 클난 거지,,,,쓰는 물결두 ㄱ엽고,,물음표도 귀여움"
41,1401388705189793792,2021-06-06 04:01:18,#겨울이버블 개천재발언 https://t.co/MUKk0eU4sP
42,1401388592815955968,2021-06-06 04:00:51,#겨울이버블 먼데먼데 머 있어?? 왜 자꾸 머하냐고 물어보는겨 호기심 많은 강아지녀석…
44,1401388224564449281,2021-06-06 03:59:23,#겨울이버블 맞아! 쉬는 날엔 원래 자고 싶을 때 자는 거야!! 그래서 김민둥 푹 자고 일어났는가~
45,1401388079861014529,2021-06-06 03:58:49,#겨울이버블 사랑해
46,1401387988433596422,2021-06-06 03:58:27,#겨울이버블 원래 쉬는 날은 늦게자는 거지~~~~~
47,1401387985271095297,2021-06-06 03:58:26,#윈터버블 #겨울이버블 맞아 노는날 늦잠 자는거지
48,1401387974042869767,2021-06-06 03:58:24,"#겨울이버블 #윈터버블
ㅋㅋㅋㅋㅋㅋ오 늦게 잔 것 치고 빨리 일어났는데? 오늘 뭐하면서 쉴거야~~~~~?"
49,1401387958012317698,2021-06-06 03:58:20,할미는 일찍 자야한단다… #겨울이버블
50,1401387910465683460,2021-06-06 03:58:09,#겨울이버블 맞아 김민정 말이 다 맞음 ㅋㅋㅋㅋㅋㅋㅋㅋㅋㅋ쉬는 날은 늦게 자는 거야....
61,1401352455766507523,2021-06-06 01:37:15,#겨울이버블 오늘도 좋은 하루 보내 민정아💛 늘 사랑만 잔뜩 받으면 좋겠어🥺 https://t.co/DwoBusne0s
63,1401347573466632196,2021-06-06 01:17:51,#겨울이버블 공주님 일어나서 커피드셔요~~~~ https://t.co/lGQeeNfU2Z
66,1401341136090763266,2021-06-06 00:52:17,"#겨울이버블
민정아 오늘도 조은 하루~~~~~~"
75,1401269704983941120,2021-06-05 20:08:26,#겨울이버블 민쩌아!!
76,1401265014204366850,2021-06-05 19:49:48,#겨울이버블 잘 자... 일어나서... 꼭 돌아와야 해... 사랑해...
78,1401260902838534147,2021-06-05 19:33:28,#겨울이버블 #윈터버블 #윈터야_이거_불러줘 이것도 좋아 스트로크 이런것보다 띵가띵가가 쉽지않나?🤔(로망스만 배워본 기타알못🔨🔨 https://t.co/Af0mbmRtxC
82,1401254586535403522,2021-06-05 19:08:22,#겨울이버블 #윈터버블 #윈터야_이거_불러줘 올드팝이지만 조아하는커버 That’s life https://t.co/MXMX0DTPNQ / 원래 앞에꺼가 조은뎅 여자버전 찾다가 나온거 https://t.co/qwo7777Ija
87,1401250518152847364,2021-06-05 18:52:12,사랑해 민정아 잘자 #겨울이버블
88,1401249976320086016,2021-06-05 18:50:02,#겨울이버블 #윈터버블 #윈터야_이거_불러줘 민정이가 기타연습곡 추천받는대서 급히 플리 훑어봤는데 기타알못이라 괜찮은지 모르겠당 ㅎㅎ 유명한노래지만 민정이한테도 잘어울릴거같아 https://t.co/b56VxVFPcu
89,1401249567589343232,2021-06-05 18:48:25,#겨울이버블 별안간 사라진 그녀 https://t.co/gzoLr5LPNk
90,1401249035437047808,2021-06-05 18:46:18,#겨울이버블 사라진... 강아지를... 찾습니다...
91,1401248959331373056,2021-06-05 18:46:00,언니 답장읽구 이쎠..? 머해 ㅠ #겨울이버블
92,1401248959142653952,2021-06-05 18:46:00,"#겨울이버블
민정아 왜 맨날 뭐하냐고만 물어보고 사라져..
이 시간에 깜짝선물이야 뭐야...
나 답장 올때까지 안자고 기다려도 돼?
설레서 잠 안 올 것 같아😭 https://t.co/h4GP3HCslc"
94,1401248604812058626,2021-06-05 18:44:35,#겨울이버블 오늘 늦게자두대는거야!!
95,1401248594078830592,2021-06-05 18:44:33,"새벽 3시25분에 버블 보내놓고
20분넘게 답장도 없어서
날 잠 못 들게하는 행위

#겨울이버블"
96,1401248577918169088,2021-06-05 18:44:29,"#겨울이버블
민정아 항상 응원하고 너무 사랑해💛💛"
97,1401248257305575428,2021-06-05 18:43:13,"#겨울이버블 울 백구 자러 갔니,,,,잘 자 사랑둥아"
98,1401247979885895684,2021-06-05 18:42:06,언니 왜 안 잤어요?? #겨울이버블
100,1401247745000677377,2021-06-05 18:41:10,"#윈터버블 #겨울이버블
넥스트레벨 활동 너무 수고많았구 너무 잘했다~❤️ 나 벌써 다음 앨범 존버중 🥰 늦었으니까 빨리 자고 좋은 꿈 꾸고 오늘 하루 민정이도 에스파도 나도 파이팅이다아~~~~!!!!! 아자아자"
101,1401247615597961216,2021-06-05 18:40:40,"민정이의 김치찌개 먹고 싶어
#겨울이버블"
102,1401247372542234625,2021-06-05 18:39:42,왜 아직도 깨어 있니 ?? #겨울이버블
103,1401247187544068101,2021-06-05 18:38:58,"#겨울이버블 #윈터버블 공백기동안에도 또 바쁘겠지만 그래도 ,, 그래도 밥도 많이 먹고 잠도 많이 자고 겨울이 좋아하는 산책도 많이하고 팬들 사랑도 많이많이 저장해서 꼭 재충전 해야해 우리는 갈길이 아주 많이 남아있으니까 오래오래 행복하게 같이 걷자🤍"
105,1401246803152887809,2021-06-05 18:37:26,#겨울이버블 #윈터버블 민정아 넥스트레벨 활동동안 최선을 다해서 예쁘고 멋진 모습 보여줘서 고마웠어💛 민정이는 언제든 잘할거란 믿음이 있었지만 팬의 이기적인 기대마저 넘은 모습으로 무대위를 날아다닌 민정이💚 우리 안보이는 곳에서 얼마나 연습하고 연구하고 고생했을까 싶네
106,1401246770152099845,2021-06-05 18:37:18,"#겨울이버블 나는 민정이가 마니마니 행복했으면 좋겠어 내가 민정이 덕분에 많이 행복했으니까,,, 언제나 민정이를 최우선으로 생각하구,,,건강 잘 챙기고,,사랑한다,,"
107,1401246747821740034,2021-06-05 18:37:13,왜안자  #겨울이버블
108,1401246723792461827,2021-06-05 18:37:07,"#겨울이버블
민정아 뭐해요 3연벙을 제발 멈춰주세요"
109,1401246487888031746,2021-06-05 18:36:11,민정이 왜 안자? 🥺 #겨울이버블
110,1401246378471264261,2021-06-05 18:35:45,"#겨울이버블

애기자께요"
112,1401246188708384769,2021-06-05 18:34:59,"#겨울이버블 민정아 혹시 노래 추천해줘도 될까,,,,민정이 스탈일지는 모르겠지만 내가 젤 좋아하는 노랜데,,, 가사도 넘 예쁘고 뭣보다 비트가 진짜 미쳐써,,,이거 볼 지는 모르겠지만 혹시 모르니까 ㅎ https://t.co/Th3wJd6sM4"
113,1401246063185387520,2021-06-05 18:34:30,#겨울이버블 겸뚱아
114,1401246051269443588,2021-06-05 18:34:27,"#겨울이버블
언니 왜 안자 ,,, 시간이 늦었어 언니 얼른 자야지"
115,1401245940091002885,2021-06-05 18:34:00,#겨울이버블 민정이 왜 아직도 안 자~ 못 자고 있는 거 아니고 안 자는 거지?? 잠 잘 자야 돼 우리 민정이
116,1401245903600590856,2021-06-05 18:33:51,민정아 놀래서 3개 다써버렸..언능자 #겨울이버블
117,1401245872055218179,2021-06-05 18:33:44,#겨울이버블 쩡아.. 언제 자..?
118,1401245816472227842,2021-06-05 18:33:31,"#겨울이버블 
새벽 3시반에 안부 물어주는게 좋네...잘 살아있냐고 물어봐주는 것 같아서...🥺
심심한가봐 겨울이..."
119,1401245803222425601,2021-06-05 18:33:28,"#겨울이버블 #윈터버블
뭐하냐고 물어보고 홀라당 사라져버리는 앙큼한 김메론빵씨. 당장 다시 나타나주시길 바랍니다."
120,1401245759467524102,2021-06-05 18:33:17,"#윈터버블 #겨울이버블
민정아 너는 머하니 오늘 스케줄하느라 힘들진 않았니ㅣ 아직까지 안 자고 대단하다 너..... 진심으로..."
121,1401245721202855938,2021-06-05 18:33:08,#겨울이버블 겨울아 너는 도대체 왜 잠을...
122,1401245645051031554,2021-06-05 18:32:50,"#겨울이버블
민정아 안 자구 머해 언능 코 자자 https://t.co/SGZxjDiDV0"
123,1401245633785131010,2021-06-05 18:32:47,"#겨울이버블
우리아기명창 우리민정이 사랑하구~💚"
124,1401245539115495425,2021-06-05 18:32:25,"#겨울이버블
쩡!!!! 얼른 자 😴😪💤🛌 https://t.co/BKvmdeQ1Fw"
125,1401245485986242560,2021-06-05 18:32:12,"#겨울이버블 너 진짜 귀여워 민정아,,,진짜 누굴 이렇ㄱㅔ 귀여워 한 적이 첨이라 조금 당황스럽긴 하지만 그래두,,너 넘 귀엽다 너 움직이는 영상만 봐도 손이 벌벌 떨려 어케"
126,1401245440813592576,2021-06-05 18:32:01,"#겨울이버블 #윈터버블
언능자 4시다"
127,1401245208277229569,2021-06-05 18:31:06,"#윈터버블 #겨울이버블
언니 왜 안 자 언니 나 언니가 부른 starlight 매일 들어 언니 그래서 말인데 기회가 된다면 when this rain stops 나중에 꼬옥 한소절만 언니 근데 얼른 주무쇼"
128,1401245147782782976,2021-06-05 18:30:51,"#윈터버블 #겨울이버블
민정아 너때문에 내가 일하는 빵집에 파는 메론빵 먹어봤는데 마싯더라 너도 나중에 꼭 먹어보길 바람🖤"
129,1401245130841935873,2021-06-05 18:30:47,민정아 잠이 안와? 우유 마실래? #겨울이버블
130,1401245123229347841,2021-06-05 18:30:45,"민정아 버블 하나만더 나 세개다썻어 ...
#겨울이버블"
131,1401245068745273348,2021-06-05 18:30:32,#겨울이버블 민정아 너 머하냐ㅡㅡ
133,1401245004962562051,2021-06-05 18:30:17,#겨울이버블 민정아 자라~~
134,1401245004748648449,2021-06-05 18:30:17,"#윈터버블 #겨울이버블 수학보고서 쓰다가 날라가서 멘붕왔어 지금 ~!~! 어카지 죽고싶아 ,,,,,, 모기두 잡구 ,, 막 그래쎠용 ,, 언니는 안자구 머해!!! 얼른 자야지!! 키커야지!!"
135,1401244990311788548,2021-06-05 18:30:14,"어 우리 민정이 왜 아직도 안자고 있니?
#겨울이버블"
136,1401244944589672448,2021-06-05 18:30:03,"#겨울이버블 사실 민정이 생각만 하고 있다고 했지만 과제랑 기말 셤 공부중이야,,,,,,빨리 종강했으면 좋게ㅛ다 울 민졍이 맘껏 좋아할 수 있게!!!’"
137,1401244917146406913,2021-06-05 18:29:56,"#겨울이버블 #윈터버블
나 지금 비밀의 화원 오천번 돌려보고 있었는데 민정이 왔어ㅜ 이거 완전 운명인듯.."
138,1401244857339834374,2021-06-05 18:29:42,민정이 완전 모해@윈터네~~~ #겨울이버블
139,1401244801916227585,2021-06-05 18:29:29,"#겨울이버블
민정아 안자??"
140,1401244800737714176,2021-06-05 18:29:29,#겨울이버블 쩡아 안자니..?
141,1401244754935836675,2021-06-05 18:29:18,#윈터버블 #겨울이버블 너 비밀의 화원 5시간 째 보는 중
142,1401244643409350656,2021-06-05 18:28:51,"#겨울이버블 #윈터버블
민정아... 보고있니? 내 말에 대답 안하더라도 너가 꼭 봤으면 좋게따 요즘 너희때문에 내가 산다!!!!!!!! 힘내자 지치지말자 우리!!!!! 메론빵공주김윈터 아자아자 에스파 아자아자 ❤️❤️❤️❤️❤️❤️"
143,1401244591320227840,2021-06-05 18:28:39,애스바 영상 보고 있고 침대 누워서ㅋㅋㅋ 모해 우리 베이비?? #겨울이버블 #윈터버블
144,1401244591181897734,2021-06-05 18:28:39,#겨울이버블 안경셀카 존중하며 버티기
145,1401244440790929414,2021-06-05 18:28:03,#겨울이버블 안 자구 머해
146,1401244438215593990,2021-06-05 18:28:02,윈터 왜 안자?!?! 안피곤해? 피곤하면 빨리자고 안피곤해도 빨리 자.. 아기는 잠 푹 자야됨... #겨울이버블 #윈터버블
147,1401244423745282048,2021-06-05 18:27:59,"#겨울이버블
민정이안자?! 
난 잘려고 누웠어...😴"
148,1401244335937630209,2021-06-05 18:27:38,"#겨울이버블
민정아 왜 안자구 있어🥺🥺"
149,1401244329264308227,2021-06-05 18:27:36,#겨울이버블 우리 강쥐 아직두 안 자니.....머하긴 민정이 생각만 하구 있어 나 사실 민정이가 오늘 아형에서 부른 비밀의 화원 하도 많이 들어서 다른 사람들 추임새까지 외워버렸어 ㅠㅋㅋㅋㅋㅋㅋㅋㅋㅋㅋㅋ지금도 듣고 있는 중 사랑한다 강쥐야
150,1401244318812164097,2021-06-05 18:27:34,"#겨울이버블
민정이 왜 안 자~~~~~~
얼른 자야지 키가 크지요😇
너무 늦었는데에ㅔㅔㅔㅔ"
151,1401244190395207688,2021-06-05 18:27:03,#겨울이버블 3시반이야 자려무나
152,1401244125798621184,2021-06-05 18:26:48,"#겨울이버블
또 머하냐고 물어보고 냅다 갈 확률…"
153,1401244104730714115,2021-06-05 18:26:43,#윈터버블 #겨울이버블 헐 쩡이 안 자구 머해
154,1401244091560591363,2021-06-05 18:26:39,#겨울이버블 #윈터버블 민정아 뭐해 얼른자
155,1401244086586068993,2021-06-05 18:26:38,#겨울이버블 왜안자🥴
156,1401244080869285891,2021-06-05 18:26:37,"#겨울이버블

너 안자고 뭐해..?"
157,1401244079350894593,2021-06-05 18:26:37,"#겨울이버블 #윈터버블
김윈터 왜 안 자!!!!!! 나만 안 자는 줄 알았는데 이렇게 반가울수가"
158,1401244023101161472,2021-06-05 18:26:23,"#윈터버블 #겨울이버블
민정이 왜 아직 안자!!!!"
183,1401212854649327616,2021-06-05 16:22:32,#겨울이버블 #윈터버블 민정이가 앞으로 어떤 음악 어떤 모습을 보여주든 그냥 응원만 하고싶어. 널 좋아하는 마음을 제일 예쁘고 깨끗하게 담아서 사랑할게💛💚
184,1401212843173634048,2021-06-05 16:22:29,"#겨울이버블 기타곡 추천
Tomorrow 들어보고 싶다 🙏🙏
https://t.co/W0qmpwYTnR"
187,1401212108637827075,2021-06-05 16:19:34,#겨울이버블 #윈터버블 오늘로 내가 내생각보다 너를 정말정말 많이 좋아하고 있다는걸 알게 됐는데 사실 그런감정을 알게되는 계기는 진짜 많잖아 근데 그게 어떤 안좋은일에대한 반작용 이런게 전혀아니고 오롯이 좋음으로만 가득한 행복함에서 느껴진다는게 너무신기하더라 그게 민정이 재주같아
189,1401211231604592641,2021-06-05 16:16:05,#겨울이버블 #윈터버블 글자수제한때문에 맨날 비문학마냥 줄여서 보내야됨 ㅜㅜ 무튼 노래로 사람마음을 움직이게 하는게 쉬운게아닌데 그걸 하는 민정이 팬이라 행복하단 얘기였어. 네 노래를 언제든 보여줄 준비가 되어있고 더 잘하려는 욕심까지 보여주는데 어떻게 응원을 안할수있을까 https://t.co/gwK08FuI17
191,1401211153489879042,2021-06-05 16:15:46,사진을 개선하십시오. 당신의 사진은 항상 나쁘다. 지젤에게서 교훈을 얻으십시오. 카리나와 닝닝. 좋은 각도를 찾으십시오. 얼굴 가까이에서 사진을 찍지 마십시오. 좋은 배경을 찾으십시오. 멋진 포즈를 취하십시오. 포즈 하나만하지 마세요. 카메라 앞에서 자신감을 가지십시오.  #겨울이버블
199,1401203198375784448,2021-06-05 15:44:10,"팬들은 이미 지쳤습니다. 그들은 당신이 셀카를 찍는 방법에 불만족합니다. 사진을 개선하십시오. 지젤, 카리나, 닝닝과 같은 좋은 사진을 보여주세요. 당신이 아름답 기 때문에 자신감을 가지십시오. 사진에 필터를 사용하지 마십시오 #겨울이버블 #윈터버블"
202,1401202132745736193,2021-06-05 15:39:56,"잘했어 오늘~ 💓 열심히 일 해주셔서 고마웡 ❣️

#지구젤리버블 
#유지민은봐라
#겨울이버블 #윈터버블 
#닝깅이에게"
205,1401201081409937409,2021-06-05 15:35:45,#겨울이버블 #평생명창백구하겠다는피의연합 김민정 칭찬 감옥에 가둬ㅠ ㅡ ㅠ https://t.co/e8U8CEUOm8
218,1401191875281707009,2021-06-05 14:59:10,"#겨울이버블
민정아 오늘 넘넘 수고햇따 
좋은 꿈 꾸룜🙌🏻"
219,1401191462964928514,2021-06-05 14:57:32,#겨울이버블 쩡아 너 칭찬해주게 다시 와줘ㅠㅜ나 아직 칭찬 다 못했더
220,1401191003978039299,2021-06-05 14:55:42,"#겨울이버블 강아지가 어케 노래를 이렇게 잘하는지 잘 몰겠지만,,,,진짜 비밀의 화원 영상 클립 보자마자 뒤집어짐 넘 좋아서 ;;; 민정아 솔로 앨범 존버할게 진심"
221,1401190762151223306,2021-06-05 14:54:45,"#겨울이버블 ㅋㅋㅋㅋㅋㅋㅋㅋ존웃인게 겨울이 버블 들가면 김민정 평생 노래 해달라며 광광 울고 있는 오천만 여성들 발견 가능 ㅋ
김민정 사랑해 진짜 ㅠㅠㅠㅠㅠㅠ비밀의 화원만 계속 들을 예정"
222,1401190488686792706,2021-06-05 14:53:40,#겨울이버블 민정아.....진짜 사랑한다
227,1401187794857259010,2021-06-05 14:42:57,#겨울이버블 가수해줘서 고마워 아기야ㅜ 노래해줘서 고마워ㅠㅠ
228,1401187520939905024,2021-06-05 14:41:52,#겨울이버블 니 노래가 세상에서 제일 좋아ㅠ
238,1401184447152615429,2021-06-05 14:29:39,#겨울이버블 꼭 오래오래 노래해줘...🙏🏻 난 너의 노래가 너무 좋아 민정아...울민둥이 목소리가 제일 좋아ㅜ
240,1401184020717735947,2021-06-05 14:27:57,##겨울이버블 가사보고 벅차서 울고 너목서리에 또울고 얼굴보고 펑펑울엇어;
241,1401183845903343621,2021-06-05 14:27:16,#겨울이버블 선곡 진짜 잘했다.. 너천재냐고
242,1401183812390817801,2021-06-05 14:27:08,"#윈터버블 #겨울이버블
언니 아형 가족이랑 같이 봤더니 아빠가 언니한테 입덕햇나봐요...~~ 누구냐고 계속 물어보고 본방 끝날 때쯤 갑자기 언니 yours 부른 게 들려오길래 환청인가 했는데 아빠가 보고잇엇음... 뿌듯하긴한데 뭔가 질투남...;;;;;;; 몰라암튼... 사랑해...♡"
243,1401183766568075274,2021-06-05 14:26:57,#겨울이버블 니노래듣고....
244,1401183738344591367,2021-06-05 14:26:50,#겨울이버블 민정아... 나 정말 다시태어난거같네.....
246,1401183454025306112,2021-06-05 14:25:42,#겨울이버블 민정아 너의 목소리는 천사의 목소리다 진자로
251,1401180279343968260,2021-06-05 14:13:05,#겨울이버블 민정아 오디갓오 (੭ ˃̣̣̥᷄⌓˂̣̣̥᷅ )੭⁾⁾ https://t.co/56DkVT1921
255,1401178260529041411,2021-06-05 14:05:04,"#윈터버블 #겨울이버블
설마 내일 브이앱.. 할 계획이니?...."
256,1401177776703430659,2021-06-05 14:03:09,나 진짜 이거 김민정이 기타로 쳐주면서 노래해주면 내 몸에 그 링크 큐알로 문신 할 수 있을 거 같아 보고싶을때 볼 수 있게ㅠ #겨울이버블 #윈터버블 https://t.co/rauKnfUINq
257,1401176798730223619,2021-06-05 13:59:16,"#겨울이버블 

So!YoON! -wings 좋아... 기타랑 같이 노래 불러줘🥺"
258,1401176717910102016,2021-06-05 13:58:56,"#겨울이버블 기타곡 추천추천추천!!!
H.E.R.-Best Part (Feat.Daniel Caeser)
진짜 언니 음색으로 들어보고싶어 너무 잘어울릴거같아,, 기타랑 같이 연주하면 더 예쁜 노래야! #윈터버블 #윈터 #김민정 제발 듣고싶어요 🙏🏻https://t.co/BYeJUdKx0r"
260,1401176465773797376,2021-06-05 13:57:56,#겨울이버블 .... ㅜㅠ https://t.co/sYKMd23eIr
261,1401176102186278916,2021-06-05 13:56:30,"#겨울이버블

언냐 언니가 하고 싶은말만 하고 도망가나....
내 우러ㅠㅠ"
262,1401175958875344896,2021-06-05 13:55:55,"#겨울이버블

기타치면서 노래해줘.. 사랑해.."
263,1401175779896037383,2021-06-05 13:55:13,#겨울이버블 제발 Supermarket Flowers  기타로 쳐주라 제발ㅠㅠㅠㅠㅠㅠㅠㅠㅠ
265,1401175103119921164,2021-06-05 13:52:31,"#겨울이버블 #유지민은봐라 #지구젤리버블 #닝깅이에게
지금부터 전등대란 2차전 시작하면 기운 넘치게 답장해줄 수 있어!!🙄"
267,1401174623798980611,2021-06-05 13:50:37,"#겨울이버블 

민정아 너 또 물어보기만 하고 사라진거니..
나도 궁금하단말야 https://t.co/4h39krLZxH"
273,1401170964180729861,2021-06-05 13:36:05,언니 내일 하체 하는 날 ㅠ #윈터버블 #겨울이버블 https://t.co/C0nokK5bSj
276,1401170397664399360,2021-06-05 13:33:49,"#겨울이버블
아구 내일 안부도 묻고 귀여우어ㅓ어이이이이잉ㅇ 내 사랑"
277,1401170390013997059,2021-06-05 13:33:48,"시험보러가 근데 아형봣어
😇🔫🔫🔫🔫 #겨울이버블"
279,1401170210678210564,2021-06-05 13:33:05,"#겨울이버블

학원 째구 민정이랑 놀게.."
280,1401170160430448645,2021-06-05 13:32:53,#윈터버블 #겨울이버블 나? 갑자기?
318,1401157091394428928,2021-06-05 12:40:57,"#겨울이버블
민정아 찢었다"
381,1401145566814380039,2021-06-05 11:55:09,#겨울이버블 시력몇인대요
394,1401144393420083205,2021-06-05 11:50:30,안경..... 대박......... 한번 쓰고 사진 찍어줘..... 🥲 #겨울이버블 https://t.co/bDFIDZIfau
828,1401131180905222146,2021-06-05 10:57:59,"210605 에스파 영통팬싸

긴장해서 말이 헛나왔어ㅋㅋㅠㅠㅠ.....
민정이 사랑해.....🥲

#겨울이버블 #aespa #윈터 #WINTER https://t.co/v8Kvy58PXA"
829,1401110547580428292,2021-06-05 09:36:00,#윈터버블 #겨울이버블 민정아 컨저링 보러와따 https://t.co/keQTCRRdcD
830,1401108406388232199,2021-06-05 09:27:30,"나 머리묶은사람 좋아하네...
너무 이쁨 .. 그냥 주먹먹고 울거임 ㅜ
 #겨울이버블"
831,1401103655667867653,2021-06-05 09:08:37,"오늘 지민정 무지개물고기 1,2ㅋ쿜쿜쿜
#유지민은봐라 #겨울이버블 https://t.co/7suZnQl0yt"
832,1401092064180248580,2021-06-05 08:22:33,"#겨울이버블
민정아 너의 모든 모습을 좋아하지만 머리 묶은 김민정 너무 사랑해...😭😭😭 https://t.co/KIXvyye74S"
833,1401085620923949062,2021-06-05 07:56:57,"울 백구 생각밖에 안한다,,,(과제중임, #겨울이버블"
834,1401085384503685121,2021-06-05 07:56:01,#겨울이버블 민정아 니 딩짜 무대 잘한다....사랑혀 퓨ㅠㅠㅠㅠㅠㅠ
835,1401085305302577161,2021-06-05 07:55:42,"야 엔딩뭐냐 지구뿌신다 너무 예쁘잔슴
 #겨울이버블"
837,1401084173754847244,2021-06-05 07:51:12,"#겨울이버블
민정아 너무 잘해 천재강쥬야ㅠㅠ🤍"
838,1401083887686541314,2021-06-05 07:50:04,#겨울이버블 나 과제
840,1401083782602518529,2021-06-05 07:49:39,#겨울이버블 #원터버블 민정이는 모했앙
841,1401083692559204355,2021-06-05 07:49:17,"#겨울이버블
나 지금 김민정 생각? &gt;.&lt;"
842,1401083428104073219,2021-06-05 07:48:14,#겨울이버블 당연히 봤지 회사 컴퓨터로 화면 꽉 채워놓고 봤지 멋있는 건 윈터-☆ https://t.co/e0NhAGRdIm
843,1401083417769308161,2021-06-05 07:48:12,#겨울이버블 너칭찬하는생각 https://t.co/YYPOeGMoRp
844,1401083411524034564,2021-06-05 07:48:10,#겨울이버블 겨울이 생각 민정이 생각 윈터 생각 강아지생각
845,1401083397649231876,2021-06-05 07:48:07,"#겨울이버블 #윈터버블
사실 학원이 지금끝나서 못봤어 미안.."
846,1401083340799680514,2021-06-05 07:47:53,#겨울이버블 무대보고 우는중임ㅜㅜㅜㅜㅜㅜㅜㅠ푸ㅜ큐ㅠ큐ㅠ큐ㅠㅠㅠ
847,1401083336873758724,2021-06-05 07:47:53,"#겨울이버블
민정아 방송국이 너 고소한 거 아니? 무대, 엔딩 찢고다녀서 재물손괴죄로 너 고소했대"
848,1401083262949203968,2021-06-05 07:47:35,#겨울이버블 #윈터버블 누ㅜ어있다ㅏㅏㅏ🥸
849,1401083145827479554,2021-06-05 07:47:07,"#윈터버블 #겨울이버블
나너때매찢어졌어"
850,1401082766746214400,2021-06-05 07:45:37,#겨울이버블 #윈터버블 당근 봤지!!! 민정이가 야수눈빛으로 엔딩 찢었다
851,1401082721791725571,2021-06-05 07:45:26,#윈터버블 #겨울이버블 오늘도 짱이였어!!!!!!!!
852,1401082645337952256,2021-06-05 07:45:08,#겨울이버블 오늘 완전 예뻐ㅠㅠ🤍
853,1401082596147163144,2021-06-05 07:44:56,#겨울이버블 어어ㅓㅓㅓ어ㅜㅜㅜㅜㅜ 민정아 머묶 넘 잘어울려🥺🥺🥺🥺🥺🤩
854,1401082575767031814,2021-06-05 07:44:51,#겨울이버블 #윈터버블 당연히 봣지🥺
855,1401078405672493057,2021-06-05 07:28:17,#겨울이버블 너 지이이이잉인짜 예뻐 짱이야 너가
856,1401078314152828929,2021-06-05 07:27:55,#겨울이버블 민정아 너 왤케 잘났니
858,1401068613700784130,2021-06-05 06:49:22,닝이랑 왜 둘다 404야??  404 not found 스포인가요?🤔 #겨울이버블
859,1401064831604514821,2021-06-05 06:34:21,"나는이 같은 당신의 사진이 필요 🤧🤧

#겨울이버블 #윈터버블 https://t.co/UkiA9bcvfj"
860,1401055054203801602,2021-06-05 05:55:29,"#유지민은봐라 #겨울이버블
얘들아 맛점 🥰 https://t.co/hylD4hRtzc"
861,1401044094328082437,2021-06-05 05:11:56,"나는 김민정이 그냥 김민정이라서 에스파 윈터라서 좋아❤
이상한 사람이 하는 말 신경쓰지마💚💛
#윈터버블 #겨울이버블"
862,1401038913699926021,2021-06-05 04:51:21,"기분 좋은 주말보내 겨우라🥲🖤 보고찌포
 #겨울이버블"
863,1401036878002888709,2021-06-05 04:43:16,"이 포즈는 더 이상 2021에 속하지 않습니다 😭 내 사랑, 당신은 이것보다 더 잘 할 수 있습니다. 난 당신이 당신의 셀카를 개선 할 필요가 😭. 김민정, 멋진 사진 줘. 내면의 세대를 끌어 내십시오 z. 카리나, 지젤, 닝닝 같은 당신 사진이 필요 해요. #겨울이버블 #윈터버블 https://t.co/6ZiMuuMqhN"
864,1401034121283969024,2021-06-05 04:32:19,"i need u to steal seulgi’s style so bad 😭🙏🏻🙏🏻😩🤤🤤🤤슬기의 스타일을 훔쳐주세요. 이 의상은 너에게 너무 어울린다. 이 스타일은 당신에게 어울립니다 🙏🏻🙏🏻🙏🏻🤧

#겨울이버블 #윈터버블 https://t.co/OWuhM7A9Oc"
865,1401031395116412933,2021-06-05 04:21:29,좋은 각도로 사진을 찍으십시오. 그것을 활용하십시오. 또한 셀카 만 찍지 마세요. 배경이 좋은 반신 사진이나 전신 사진을 찍어주세요. #겨울이버블 #윈터버블
866,1401031290581786624,2021-06-05 04:21:04,"김 겨울,이게 뭐야? 😭 당신은 당신의 셀카를 개선해야한다. 그리고 당신의 스타일! 당신의 스타일은별로 좋지 않습니다. 당신의 셀카도 좋지 않습니다! 셀카를 찍을 때 입을 열지 마십시오. 첫 번째 사진처럼. 당신의 옷은 항상 나쁩니다. 미안 해요 😭#겨울이버블 #윈터버블 https://t.co/8gk9xK6sF9"
867,1401027786274267136,2021-06-05 04:07:08,"쩡아 즐거운 하루 보내잉😗💚💛
#윈터버블 #겨울이버블 https://t.co/R6pt8jzlX1"
870,1401012530143584261,2021-06-05 03:06:31,"여성스러운 스타일이 당신을위한 것이 아닌 것 같습니다. 당신은 그렇게 여성스럽지 않을 때 정말 눈에.니다. 무슨 말인지 알아? 류진, 슬기, 태연, 리사처럼. 당신은 그들처럼 보이시 한 매력을 가지고 있습니다. 아마도 그 길로 가십시오. 그들의 스타일을 훔쳐라. #겨울이버블 #윈터버블"
871,1401011326529327113,2021-06-05 03:01:44,"#겨울이버블 민정이 요런 노래 조아하는 군,,,,,,좋네 강쥐야 플리에 넣어써 ㅋㅋㅋㅋㅋㅌ노래 추천 해주고 싶은데 내 노래 취향이랑 완전 반대인 것 같아서 못해주겠다 ㅠ https://t.co/2oNLDv1YcR"
872,1401004348214157314,2021-06-05 02:34:00,"나두 마이 친구 만들고 싶퍼..
울희 친ぁĦ져요...

#에스파 #마이트친소
#유지민은봐라 #지구젤리버블 #겨울이버블 #닝닝이에게 https://t.co/r1uE8rsjBf"
873,1400998540164288515,2021-06-05 02:10:55,"얘들아, 뚱이의 집이 바위가 아니라 거북이 집이었다는 거 알아요?
 
 #지구젤리버블 #유지민은봐라  #겨울이버블 #윈터버블 #닝깅이에게 https://t.co/Ct34rXLnCk"
874,1400997080538116102,2021-06-05 02:05:07,"Howlin' 404 - DEAN - 들어보세요.

https://t.co/b3TaZObTk5

by Melon

#겨울이버블 굿모닝🥸 https://t.co/SqrRrNqjQM"
875,1400996802669645826,2021-06-05 02:04:01,아침부터 민정이 버블 쌓여있어서 너무 행복했다 ㅠㅠㅠㅜ #겨울이버블 https://t.co/eM8UGS4dXJ
876,1400996566467416068,2021-06-05 02:03:05,"#겨울이버블

난 이노래 추천 조타,,,^_^💗💗 https://t.co/veNBXON03h"
878,1400993808943259652,2021-06-05 01:52:07,"#겨울이버블 #윈터버블 
강쥐가 굿모닝송 추천해줌...~^^ https://t.co/1bozEntqOD"
879,1400993701418082305,2021-06-05 01:51:42,혹시 LANY를 좋아해요?? #겨울이버블 #윈터버블
880,1400992987597840388,2021-06-05 01:48:52,"#겨울이버블
이여자 어쩌면 좋지
말티즈 같은 얼굴에
배짱과 기개는 호랑이고
목소리는 옥구슬 굴러가는데
노래 취향은...That’s hot"
881,1400992736849797120,2021-06-05 01:47:52,#겨울이버블 웅 민정이 굿모닝..~^^
882,1400992718449307653,2021-06-05 01:47:47,"쩡이 이노래 좋아하는구나🤩🤩
이노래 좋지좋지😁😁
#겨울이버블 https://t.co/YnxppzWJJv"
883,1400992674610515968,2021-06-05 01:47:37,"#겨울이버블 민정이 추천곡으로 일어나는 아침 ⌒⌒,, ♥︎"
884,1400992612761300992,2021-06-05 01:47:22,"#겨울이버블 #윈터버블
진짜 좋넹😘 https://t.co/IczRgO3AEU"
885,1400992588065300483,2021-06-05 01:47:16,아침부터 귀여워 #겨울이버블
886,1400992554925973504,2021-06-05 01:47:08,#겨울이버블 잘잤니 강아지야 https://t.co/BsjPhaNHd6
887,1400992552916979716,2021-06-05 01:47:08,#겨울이버블 정㉵ ~ 좋은아침 💖🍧🎀 https://t.co/XdvB4jJuAB
888,1400992552120045572,2021-06-05 01:47:08,"버블 끊은지 6분 지났는데 버블이..🥺🥺
노래 짱 좋다!!

#겨울이버블 #윈터버블 https://t.co/fm8BdjF6qq"
889,1400992511087104000,2021-06-05 01:46:58,"#겨울이버블 #이거김민정 
지금 바로 들어보고 있어 장꾸 강아지야 굿모닝...~^^

Howlin' 404 - DEAN - 들어보세요. 
https://t.co/DYORTL4kn0 https://t.co/k8QGNqLHBv"
890,1400992451175751683,2021-06-05 01:46:44,"#겨울이버블

민정쓰 굿모닝~~~~^_^ https://t.co/XF4chR8Jsj"
891,1400992380623355909,2021-06-05 01:46:27,#겨울이버블 듣고있어요 공주님 https://t.co/uGcFJFc19q
892,1400992298981158912,2021-06-05 01:46:07,#겨울이버블 노래 넘 좋아❤️ https://t.co/IWk4S1NuQq
893,1400992203002974211,2021-06-05 01:45:45,#겨울이버블 기엽군요
894,1400983233987112960,2021-06-05 01:10:06,"#겨울이버블
민정아ㅏㅏ 오늘도 좋은 하루 보내룜"
895,1400982307784204291,2021-06-05 01:06:25,오늘 하루 종일 회의한다. Weekly Idol이 빨리 보고 싶어요. 김민정 씨도 좋은 하루 보내세요. 필리핀에서 사랑을 보내는 ❤️ - #윈터버블 #겨울이버블 https://t.co/EvKA5GvIFG
897,1400859909109940229,2021-06-04 17:00:03,"거북이, 너는 이미 잠을 자야해 ㅋㅋㅋㅋㅋ #겨울이버블"
898,1400859367914672135,2021-06-04 16:57:54,"#겨울이버블
민정아 좋은 꿈 꾸룜 😪"
899,1400858313386958849,2021-06-04 16:53:43,"#유지민은봐라 
#지구젤리버블 
#겨울이버블
#닝깅이에게

얘들아 사이좋게 노는건 좋은데 내일 스케줄 안피곤하겠어...? https://t.co/932owwYUDj"
900,1400857961560371203,2021-06-04 16:52:19,민정아 에어팟 나의찾기 하면 엄청 빨리 찾아..#겨울이버블 https://t.co/RSaqRqCDES
902,1400857504687394819,2021-06-04 16:50:30,#겨울이버블 #원터버블 에어팟 내꺼 줄께...
903,1400857430532050946,2021-06-04 16:50:12,윈터야 😭😭😭 #겨울이버블 #윈터버블 https://t.co/vcBgiarY2y
904,1400857244434980869,2021-06-04 16:49:28,"#겨울이버블
민정아 넥레나 블맘 에어팟 연결해서 최대로 틀어놔바 소리 들릴걸!!?"
905,1400857188382302211,2021-06-04 16:49:15,"#겨울이버블
굿나잇~"
906,1400856913844137988,2021-06-04 16:48:09,"#겨울이버블
민정아 그정도면 숙소에 블랙홀 있는지 의심해봐야한다 https://t.co/36woNcRf2H"
907,1400856907477262341,2021-06-04 16:48:08,"#겨울이버블 
어떠케ㅠㅠ 일단 내일찾자 얼룽쟈🤍🤍"
908,1400856901760389120,2021-06-04 16:48:06,#겨울이버블 애기야 얼렁 자 ㅠㅠㅠㅠ 죤 꿈 꿔라 강쥐야
909,1400856664778043393,2021-06-04 16:47:10,#겨울이버블 바버🥺🥺 낼 뭘로 듣게
910,1400856101495611393,2021-06-04 16:44:55,"#유지민은봐라 #지구젤리버블 #겨울이버블 #닝닝이에게 
너무 즐거워요"
911,1400855737920737285,2021-06-04 16:43:29,#유지민은봐라 #지구젤리버블 #겨울이버블 #닝깅이에게 혹시 전쟁이 끝났다??? ㅋㅋㅋ 본 거만 재밌었는데 ㅋㅋㅋ
912,1400855536963252229,2021-06-04 16:42:41,#유지민은봐라 #지구젤리버블 #겨울이버블 #닝닝이에게 이제 진짜 잘 거지? 자자...
913,1400855086222376960,2021-06-04 16:40:53,"#윈터버블 #겨울이버블
민정아 얼른 자 너네 음방해야지!!!!"
914,1400854844311703554,2021-06-04 16:39:56,"#겨울이버블
이제 코 자자 민정아 https://t.co/iPJIshqZpw"
915,1400854819502321665,2021-06-04 16:39:50,"#겨울이버블 
나박명수됏어 https://t.co/rPtqF6tAR0"
916,1400854744701169667,2021-06-04 16:39:32,#겨울이버블 인생 쓰다 😂😂😂 https://t.co/KuLGDkzz11
917,1400854698274430977,2021-06-04 16:39:21,"#겨울이버블
만만하게 보지 마라.김민정을."
918,1400854696454070272,2021-06-04 16:39:20,"넘 귀엽다ㅏㅏㅠㅠ 빨리 자 얘들아 😩😩

#닝깅이에게 #겨울이버블 #유지민은봐라 #지구젤리버블 #카리나버블 #지젤버블"
919,1400854548596465665,2021-06-04 16:38:45,"난 내 사촌동생 버블을 구독한적이없는데

#겨울이버블"
920,1400854543538163713,2021-06-04 16:38:44,"#겨울이버블 
얼른자🤍 내일 음방해야디
에어팟은 찾은거니!?"
921,1400854525653622784,2021-06-04 16:38:40,#겨울이버블 스물한살에 깨달은 인생의 진리... https://t.co/ENmfrRzQZm
922,1400854504816345090,2021-06-04 16:38:35,"#겨울이버블 
뭐??? 또 열어???"
923,1400854122148941827,2021-06-04 16:37:03,언니 ㅋㅋ #겨울이버블
924,1400853456726806531,2021-06-04 16:34:25,얘들아 너네 입구컷이래... #겨울이버블 #닝깅이에게 https://t.co/Rypnh7vCWP
925,1400852881159323648,2021-06-04 16:32:08,"#유지민은봐라 #지구젤리버블 #겨울이버블
새벽에 내 마음에 불지피고 매정하게 떠난 사람들아........"
926,1400852347824136192,2021-06-04 16:30:00,"#카리나버블 #지구젤리버블 #겨울이버블
장난하니 너네 땜에 난 잠 다 깼으니까 내 방 불 꺼주고 가라"
927,1400852063223894017,2021-06-04 16:28:53,"#겨울이버블

내가 미안합니다 https://t.co/xKIB963oiZ"
928,1400851916624580609,2021-06-04 16:28:18,"야김민정!!!너주거써!!!                     
꺄하하ㅏ핳~                                        ...

#유지민은봐라
#겨울이버블 https://t.co/9UobhOrLQx"
929,1400851914577776642,2021-06-04 16:28:17,"#겨울이버블
다시 켜는건 안돼ㅋㅋㅋㅋ"
930,1400851495575195656,2021-06-04 16:26:37,#겨울이버블 자러 가!! 새벽 2시야!! ㅋㅋㅋㅋㅋ
931,1400851480794472448,2021-06-04 16:26:34,#겨울이버블 강쥐야 초딩이냐구 ㅋㅋㅋㅋㅋㅋㅋㅋㅋㅋㅋ ㅠ귀여워 죽게ㅛㅓ
933,1400851115235676162,2021-06-04 16:25:07,"잘했다 민정아🤣
#겨울이버블"
934,1400851057194913801,2021-06-04 16:24:53,애기야... 자야지ㅠㅠㅠ #겨울이버블 &amp; #윈터버블
935,1400851040191217665,2021-06-04 16:24:49,"#겨울이버블 #윈터버블
지금 한창 전쟁중이니..? https://t.co/2aAse937QO"
937,1400850904929116160,2021-06-04 16:24:16,"별안간 새벽에 셋다 김민정 김민정 김민정언니 이런다 민정아 불꺼주자

#겨울이버블"
938,1400850846225616904,2021-06-04 16:24:02,#겨울이버블 난 무조건 이기는 편 우리 편! ㅋㅋㅋㅋㅋㅋㅋ 우리짱스파 전쟁맛집이네?
939,1400850715828838400,2021-06-04 16:23:31,"야김민정!!!너주거써!!!                     
꺄하하ㅏ핳~                                        ...

#유지민은봐라
#겨울이버블 https://t.co/K2pkVwpknz"
940,1400850710468595715,2021-06-04 16:23:30,"그냥 자면 안되냐...?🥲제발
너무 웃겨서 배가 너무 아파🤣

#카리나버블 #유지민은봐라
#지젤버블 #지구젤리버블
#윈터버블 #겨울이버블
#닝닝버블 #닝깅이에게"
941,1400850670027120643,2021-06-04 16:23:20,얘드라 브이앱 켜자 그 편이 좋을 거 같애 나는 #유지민은봐라 #겨울이버블
942,1400850568822751237,2021-06-04 16:22:56,"#카리나버블 #지구젤리버블 #겨울이버블 #닝깅이에게 
아 니네 웃겨서 나도 잠을 못자겠어ㅠㅠㅠㅋㅋㅋㅋㅋㅋㅋㅋㅋㅋ 전쟁시작"
946,1400850028101464065,2021-06-04 16:20:47,"#유지민은봐라 #겨울이버블
왜 끝나지가 않니....ㅋㅋㅋㅋㅋㅋ"
949,1400849867434463235,2021-06-04 16:20:09,2차전 가자 민둥아 #겨울이버블 https://t.co/q210wWDaQ1
950,1400849830008680452,2021-06-04 16:20:00,"#겨울이버블
언니즈가 원했던 민정이… https://t.co/onT8XBbocL"
951,1400849814095495170,2021-06-04 16:19:56,"#유지민은봐라 #겨울이버블 #지구젤리버블
철딱서니 없는 언니들아
잘자는 막내를 깨워서 될 일이냐
밍생쓰다 진짜ㅋㅋㅋㅋㅋㅋㅋㅋㅋㅋ
이거 시트콤이냐고ㅋㅋㅋㅋㅋㅋ귀여워 https://t.co/9Xt8xzwgmB"
952,1400849787893649417,2021-06-04 16:19:50,"#카리나버블 #지구젤리버블 #겨울이버블
너넨 진짜... 닝이한테 잘해라..."
953,1400849285462204422,2021-06-04 16:17:50,#겨울이버블 니가 머가 되긴 민정아 너는 걍 김뻐꾸기시계가된거애요 뻐꾹강쥐야
954,1400849091412652034,2021-06-04 16:17:04,"#겨울이버블 #지구젤리버블 
민정아 불끄장"
955,1400848515513798657,2021-06-04 16:14:47,"얘들아 단톡방 초대된 기념으로 내가 그냥 불 꺼줄게 밤마다 거실부터 차례대로 소등 가능해 불러만줘 

#유지민은봐라 #겨울이버블 #닝깅이에게 #지구젤리버블"
956,1400848196100784131,2021-06-04 16:13:31,김민정은 여전히 지민과 애리가 이기고 있다. #유지민은봐라 #지구젤리버블 #겨울이버블 #닝깅이에게
957,1400848194821517321,2021-06-04 16:13:30,"에스파에게추천합니다
#겨울이버블 #지구젤리버블 #유지민은봐라 https://t.co/rxBiQpSLzU"
958,1400848157169262592,2021-06-04 16:13:21,#겨울이버블 민정이는 지지 않지 ㅋㅋㅋㅋㅋㅋㅋㅋ
959,1400847659355697153,2021-06-04 16:11:23,"#윈터버블  #겨울이버블
민정아 지지마라 불꺼달라고 하는거 완전 오빠재질이다 물론 난 오빠 없어."
960,1400847651927588872,2021-06-04 16:11:21,"#겨울이버블 ㅋㅋㅋㅋㅋㅋㅋㅋ 그냥 애가 너무 순수해... 또착함..
순수한거랑 착한건 다른거어거든어"
961,1400847389338968082,2021-06-04 16:10:18,#겨울이버블 #유지민은봐라 #지구젤리버블 .... 얘들아 그냥 거실에서 다같이 자면 안돼?
962,1400847130336522243,2021-06-04 16:09:17,방문 열고 노래 틀어 놓고 방에 들어가서 문 잠구자~! #겨울이버블 #윈터버블
963,1400847120614133761,2021-06-04 16:09:14,#겨울이버블 에어팟은 함정일뿐야
964,1400847085348397057,2021-06-04 16:09:06,#겨울이버블 #윈터버블 불은 끄지 말고... 복수하고오자 민정아 할수있다!!💪💪
965,1400847047113121800,2021-06-04 16:08:57,#겨울이버블 당장 방문열자구!
966,1400847000342384642,2021-06-04 16:08:46,#겨울이버블 아아 윈터요원 작전실행 작전실행
967,1400846917647486980,2021-06-04 16:08:26,"#겨울이버블
민정아 버블 얼마 안한다
맨날 당하고 살지말고 구독 하는걸 추천할게..."
968,1400846914908659716,2021-06-04 16:08:25,"#윈터버블 #겨울이버블
호락호락하지않은자세 아주좋아"
969,1400846749577584648,2021-06-04 16:07:46,"#겨울이버블
백퍼 거짓말~~♡"
971,1400846432161079304,2021-06-04 16:06:30,"#윈터버블 #겨울이버블
민정아 불 끄러 가써...? 에어팟 찾으러 가써..? ㅋㅋㅋㅋㅋㅋ"
972,1400845913308995585,2021-06-04 16:04:26,"이것은 우리에게 일러바친 것이냐?
ㅋㅋㅋㅋ

 #겨울이버블"
973,1400845316056698881,2021-06-04 16:02:04,"#겨울이버블
민정아 니가 방 나올 때 불 안껐대잖아...
얼른 가서 불 꺼주고 다들 자자😴 https://t.co/JWc4f6UHwH"
974,1400845063245111301,2021-06-04 16:01:04,"#윈터버블 #겨울이버블
어떻게 생각하냐고?..  김오또케 밖에 생각이 안 나네... 미안...."
975,1400845024225415169,2021-06-04 16:00:54,#겨울이버블 #지구젤리버블 민정아 언니들방 불꺼줭ㅌㅋㄱㅋㅌㄱㅋㅋ
976,1400844922450714626,2021-06-04 16:00:30,"민정아 빨리 가서 불꺼라
🥲
너무 웃겨..🤣

#카리나버블 #유지민은봐라
#지젤버블 #지구젤리버블
#윈터버블 #겨울이버블"
977,1400844922006097927,2021-06-04 16:00:30,#겨울이버블 막내시키자 전화 고고
978,1400844804129390600,2021-06-04 16:00:02,나만의개그맨 김민정🤍 #겨울이버블
979,1400844713045884930,2021-06-04 15:59:40,"#겨울이버블
언니가 방에서 나가지 않은 작은 공 덕분에 새벽이 행복ㅌㅋㅋㅋㅋㅌㅌㅋㅌㅋㅋ"
980,1400844652031344645,2021-06-04 15:59:26,ㅋㅋㅋㅋㅋㅋㅋㅋㅋㅋㅋㅋㅋ김민정 하고 샆은 거 다해 ㅠ #겨울이버블
981,1400844418568003594,2021-06-04 15:58:30,#겨울이버블 가서 꺼주고 다시 키고 오자!
982,1400844385521004544,2021-06-04 15:58:22,#겨울이버블 언니가 불 꺼준다해
983,1400844352847372295,2021-06-04 15:58:14,#겨울이버블 ㅋㅋㄱㅋㅋㅋㅋㅋ민정이가하고싶은데루하쟈
984,1400844179157098498,2021-06-04 15:57:33,아 에스파 개그그룹아니야ㅡ?ㅋㅋㅋㅋㅋㅋㅋㅋㅋㅋㅋ개웃겨 #윈터버블 #겨울이버블
985,1400839190833549317,2021-06-04 15:37:44,지민이가 널 침대에서 내려오라고 했어. 거기 있어. ㅋㅋㅋㅋ #겨울이버블
986,1400838888914972674,2021-06-04 15:36:32,#겨울이버블 민정아 너 침대로 가래..
987,1400838088184647683,2021-06-04 15:33:21,"민정아 잘했다 잘했다🤭

#유지민은봐라 #카리나버블
#겨울이버블 #윈터버블"
988,1400837645371011074,2021-06-04 15:31:35,민정아 나가래 ㅜ 둘이 같이 자면 안되냐고 물어봐 ㅜㅜ #겨울이버블 https://t.co/6rr7t29Ucf
989,1400836596664963076,2021-06-04 15:27:25,민정아 나가지마라 #겨울이버블
990,1400828370137481217,2021-06-04 14:54:44,"귀염둥아 오늘보다 내일 더 사랑해 잘자 😘❄️💓 오늘도 와줘서 고마워 나의 천사 엔제루야🥲
 #겨울이버블"
991,1400826169071587340,2021-06-04 14:45:59,#겨울이버블 #윈터버블 밍생 쓰다야.. 그치만 쩡이 있어서 달달허다~ 좋은 주말 보내 밍정앙 https://t.co/nLCrBIVrmx
992,1400812855415304199,2021-06-04 13:53:05,"끼여억…
민정아
지금 내 심정이 이건데…
일단 힘내볼게… 팟팅팟팅.
카도 팟팅, 민뎡이 팟팅,,,🥺🤍
#겨울이버블 https://t.co/FtezOHFF5a"
993,1400803995828903939,2021-06-04 13:17:52,어떤 봄꽃보다도 아름다워🥺💛 #겨울이버블 #윈터버블 https://t.co/lZdWFF98ev
994,1400800510077128708,2021-06-04 13:04:01,#겨울이버블 민정아 펜하 첫방 볼거지?
995,1400800508797800451,2021-06-04 13:04:01,"#겨울이버블 #윈터버블 킴 윈터, 멋진 셀카 찍어주세요. 이런 식으로하지 말고 🤧 우리는 할 수없는 라이브 단지 그룹 사진에 의해. 지젤, 카리나, 닝닝처럼 좋은 셀카를 찍어주세요 🥺😭 우리는 당신의 셀카가 필요합니다. 아니면 그냥 솔로 사진. 먹을 게 필요 해요. 좋은 사진을주세요."
996,1400800238508466179,2021-06-04 13:02:57,"#윈터버블 #겨울이버블
.. 너 펜하 첫방한다구 신나서 와르르 보내다가 10시 되니까 가는거니 🥺🥺"
997,1400799728250408965,2021-06-04 13:00:55,"#겨울이버블

쩡아 트위터 하면 나랑 트친하자"
998,1400798279076511747,2021-06-04 12:55:09,"#겨울이버블 민정아 오늘 날씨도 좋았는디 어땠니 오늘 민정이 하루는 죤 하루 됐길 바란ㄴ다,,,글고 사랑해"
999,1400797890746802176,2021-06-04 12:53:37,"#겨울이버블
나는 있잖아 언니가 세상에서 제일 기엽고 제일 웃겨 증말💛💛"
1000,1400797209663197184,2021-06-04 12:50:54,"#겨울이버블
아무래도 민정이는 사진 다운받는거 원본화질로 설정 안해놓은 것 같다...
화질 깨져도 괜찮으니깐 민정아 사진 많이 올려줘!!!!!! 밍생 화이팅⭐️"
1001,1400797165568462848,2021-06-04 12:50:44,"민정아 좀이따 펜트하우스한다 
#겨울이버블 #윈터버블"
1002,1400797036706897924,2021-06-04 12:50:13,"#겨울이버블
오늘따라 인생이 좀 쓰다"
1003,1400795908577632257,2021-06-04 12:45:44,덕분에 매일 행복해요 #지구젤리버블 🌙  #유지민은봐라 ❤️ #닝깅이에게 🦋 #겨울이버블 ⭐ https://t.co/do5FpD9iew
1004,1400795813035479043,2021-06-04 12:45:22,"윈생 마생 쉽지않넹~
#윈터버블 #겨울이버블 #마생쉽지않네 https://t.co/L4lEv4eVBM"
1005,1400795608806346759,2021-06-04 12:44:33,#겨울이버블 #윈터버블 귀여워 김민정 그리고 짱스파💛 앞으로 더 많이 행복하게 만들어주고싶어 많이 사랑해💗
1006,1400795368581844992,2021-06-04 12:43:36,민정아 니 진짜 기옂다 #겨울이버블
1007,1400795338735185933,2021-06-04 12:43:28,"#겨울이버블 

민정아 오늘 펜트하우스봐???? 갑자기 궁금해서"
1008,1400795112385384453,2021-06-04 12:42:34,#겨울이버블 밍정~(대충인정이라는뜻)
1009,1400794957024174086,2021-06-04 12:41:57,#겨울이버블 닝생..~ 밍생~
1010,1400794939101904898,2021-06-04 12:41:53,"@erssu_ #윈터버블 #겨울이버블
민정아 .. 인생이 제법 쓰디 쓴 여자들 어때"
1011,1400794904607879169,2021-06-04 12:41:45,#겨울이버블 그럴 때 뽀로로 음료 한잔 혀
1012,1400794701918203906,2021-06-04 12:40:57,#겨울이버블 너무 귀여워ㅠㅠㅠㅠ
1013,1400794631109976071,2021-06-04 12:40:40,#겨울이버블 와줘서 고맙다.... 이효녀야.....
1014,1400794499937312770,2021-06-04 12:40:08,#겨울이버블 ㅜㅜㅠㅜㅜ지민정 한강 놀러 간 사진 너무 좋아~~
1015,1400794385571217408,2021-06-04 12:39:41,#겨울이버블 한창 인생에 대해 깨달은 동생즈...😂😂
1016,1400794377165762567,2021-06-04 12:39:39,닝생쓰다 ••• #윈터버블 #겨울이버블
1017,1400794188858281986,2021-06-04 12:38:54,#겨울이버블 사진 웃겨 죽겠네 ㅋㅋㅋㅋㅋㅋㅋㅋㅋㅋㅋㅋㅋㅋㅋㅋㅋ 당황스럽다
1018,1400794175604285441,2021-06-04 12:38:51,"#겨울이버블 닝생ㅋㄱㅋㅋㅋㅋㅋㅋㅋㅋㅋㅋ마쟈 닝생은 쓰다,,,"
1019,1400794159879884805,2021-06-04 12:38:47,#겨울이버블 #윈터버블 한강에서 원터치 텐트치고 죽치고 있을게... 내가 거지꼴로 에스파 응원한다고 말 걸어도 놀라지마... https://t.co/tuFv7TL99n
1020,1400794107497254914,2021-06-04 12:38:35,"#겨울이버블 #윈터버블

지민이랑 애리는 사진 예쁜 거 보내주고 닝이만 사진이 왜 이래?? ㅋㅋㅋㅋㅋ
닝생쓰다..."
1021,1400794086982840320,2021-06-04 12:38:30,"너 트위터 하지
#겨울이버블 https://t.co/nbKzqQVpj9"
1022,1400794023095275520,2021-06-04 12:38:15,"#겨울이버블

겨울이 너무 옙버🥺🥺"
1023,1400793928165511170,2021-06-04 12:37:52,"#겨울이버블 #윈터버블

꽤나 재밌는 일상을 보내고 있는듯한 민정이와 에스파 ㅋㅋ."
1024,1400793920146010119,2021-06-04 12:37:50,#겨울이버블 기여워 꼬박꼬박 머했을때라고 알려주는거....
1025,1400793822888558603,2021-06-04 12:37:27,"#겨울이버블 
멤버별로 또 다 보내주네 ㅠ 이 천재강아지… 🥺🥺🥺"
1026,1400793748502564869,2021-06-04 12:37:09,#겨울이버블 민정아....담요 꼭 쥔거 넘 기엽네
1027,1400793707939467264,2021-06-04 12:37:00,#겨울이버블 아주 즐거운 시간을 보냈군!!🥸😎
1028,1400793280661516288,2021-06-04 12:35:18,"지민정 사랑해 사진 또 줘 더 줘....
#겨울이버블"
1029,1400793087551496198,2021-06-04 12:34:32,#겨울이버블 지민정 한강 가서 뭐 햇어 산책해써??
1030,1400793056224301058,2021-06-04 12:34:24,혹시 일기장이라고 생각하는거 아니쥐? #겨울이버블
1031,1400793031561793538,2021-06-04 12:34:18,담요 꼭 쥔 거 너무 기여워 🥺🥺 #겨울이버블 https://t.co/mort3XvVId
1032,1400792968928190466,2021-06-04 12:34:03,#겨울이버블 겨울아사랄해...너무귀엽다
1033,1400792952201355268,2021-06-04 12:33:59,아미친 #겨울이버블 ... 지민정 사랑한다구
1034,1400792944869707782,2021-06-04 12:33:58,#겨울이버블 넘넘 귀요미들
1035,1400792859138138115,2021-06-04 12:33:37,#윈터버블 #겨울이버블 진짜 미친다 미쳐ᆞᆞ둘다 깜찍이양❤❤
1036,1400792828372942853,2021-06-04 12:33:30,#겨울이버블 담요 귀여워ㅠ
1037,1400792789143539712,2021-06-04 12:33:21,#겨울이버블 #윈터버블 재밌게 놀았었니? https://t.co/dNUAG4RzYx
1038,1400792775944065029,2021-06-04 12:33:17,#겨울이버블 돼지담요 뭔데..
1039,1400792772475453445,2021-06-04 12:33:17,콩알민정 #겨울이버블
1040,1400792637108490240,2021-06-04 12:32:44,#겨울이버블 아 귀여워..
1041,1400789745869877254,2021-06-04 12:21:15,"#겨울이버블
오늘 연습하러 연습실 갔는데 넥스트레벨
추니까 언니 생각 나더라규요...🥺🤍
보고시푸 아는형님 기대된당 (つ˘◡˘)づ♥"
1042,1400786932225896451,2021-06-04 12:10:04,"#겨울이버블 
민정아 나 행복해😭
민정이 얼굴보고 힘내서 다시 과제 열심히 해볼게~~~😎 https://t.co/qdKkuNdWPP"
1043,1400786839795998723,2021-06-04 12:09:42,"아니 니 얼굴 뭔데 하 진짜 왜이렇게 이쁜데!!!!!
 #겨울이버블"
1047,1400736641145139202,2021-06-04 08:50:14,"내가 순다이어를 가르쳐줄게ㅋㅋㅋ 순다이어는 인도네시아 현지 언어야.. 첫째는 ""geulis"" 글리스로 발음되는, 그 의미는 ""예뻐""

""maneh geulis pisan"" (마네 글리스 피산) 너는 너무 예쁘다는 것을 의미에요

이것으로 너는 쉽게 칭찬할 수 있다😎😎👍👍 #겨울이버블 #윈터버블 https://t.co/V9CUz7UEBX"
1049,1400724370675298305,2021-06-04 08:01:28,#겨울이버블 #윈터버블 에.일리님 저녁하늘 #커버요청의건🌟 이 노래도 떠올리자마자 민정이 목소리로 자동재생되는 노래!! 한 곡 안에 섬세함+여림+청명함+아련함+때려박음(..) 다 있는데 겨울이가 불러주면 좋겠다!!! 우리 민정이 200일 축하해 앞으로도 오래 오래 함께하자💓 https://t.co/OCA8xRtSba
1061,1400677441283137536,2021-06-04 04:54:59,좋은하루 보내 뿡⛄️🤍🤍💕 #겨울이버블
1072,1400655251410092038,2021-06-04 03:26:49,"#겨울이버블
민정아 맛점햐"
1073,1400649657567481860,2021-06-04 03:04:35,"쩡아 200일 축하해🥰 데뷔해줘서 고마웡😎
#겨울이버블"
1074,1400646701749194754,2021-06-04 02:52:51,"#겨울이버블 
민정아
좋은하루보내렴 https://t.co/WHSOvvEKtF"
1075,1400636668172849155,2021-06-04 02:12:58,"오늘 윈깅이랑 D+30 ⭐🎉
#겨울이버블 #윈터버블 https://t.co/zAxyKyPkf8"
1076,1400630034923024386,2021-06-04 01:46:37,"#겨울이버블
민정아 조은 하루 😻😻😻😻"
1077,1400581339607224322,2021-06-03 22:33:07,#겨울이버블 할 말만 하고 사라지는게 너무 귀여워서 그려 본 윈터 버블💙 ㅎㅎㅎ https://t.co/3Tn2Jmm4xb
1078,1400579814336000001,2021-06-03 22:27:03,#겨울이버블 #윈터버블 비오는날엔 뭐였을까 콩국수? 열무국수? 메밀전병? 궁그매 ㅠㅠ궁구매미치겠어 ㅠㅠㅠ안놀릴게 돌아와 ㅠㅠㅠㅠ
1079,1400512302391103488,2021-06-03 17:58:47,#겨울이버블 김민정씨 비오는날에는 당신직캠을 본다
1080,1400499896625504257,2021-06-03 17:09:30,"냅다 캡쳐갈기기 300일 3000일 30000일까지 가보자구😉
#윈터버블 #겨울이버블 https://t.co/5PKPcuHR4B"
1082,1400485978515509256,2021-06-03 16:14:11,"#겨울이버블

내다.
니를 만난지 200일 됐다
사랑한다~
셀카줘~"
1083,1400485952351457285,2021-06-03 16:14:05,"#겨울이버블
민둥아 짱스파 200일 축하해~~~🥳🥳🥳"
1084,1400485830154547208,2021-06-03 16:13:36,"내다.
잔데이...
민정이 잘자리, #겨울이버블"
1085,1400482670421839880,2021-06-03 16:01:02,#겨울이버블 민뎡아 잘자아😪 다음 비 오늘날에 뭔지 꼭 알려조..궁금하니께
1086,1400482472345829378,2021-06-03 16:00:15,#겨울이버블 민정아 셀카 세 장 언제 올라와???????
1087,1400481117661110278,2021-06-03 15:54:52,"민정아 내 구독이 내일 종료됩니다 아무 메시지 나 보내주세요 😭😭😭
#겨울이버블"
1088,1400479973283037185,2021-06-03 15:50:19,"겨울아.. 지금 뭐해? 자?
#겨울이버블"
1089,1400479312826929158,2021-06-03 15:47:42,"민정아 ~
제발 ㅠㅠ  #겨울이버블 https://t.co/FC3aEX9aLC"
1090,1400478509248643074,2021-06-03 15:44:30,"민정아, 자니? ㅠㅠ #겨울이버블 https://t.co/yWWPZv1eak"
1091,1400478401429839879,2021-06-03 15:44:05,#겨울이버블 저기요......
1092,1400477562585841669,2021-06-03 15:40:45,"내 아기겨울아 200일 축하해 앞으로 더 많이 사랑할게 잘자 ! 이 기염댕아 💚♥️
 #겨울이버블"
1095,1400473537358438401,2021-06-03 15:24:45,#겨울이버블 200일축하해 민정아🤍 https://t.co/EANqzVB8rg
1096,1400473211913924608,2021-06-03 15:23:27,#겨울이버블 민정아 데뷔 200일 축하해 🥳🥳🥳
1097,1400473092145639424,2021-06-03 15:22:59,#겨울이버블 야 김민뎡~ 오늘 200일❤️‍🔥 https://t.co/gTDpc4DpT1
1098,1400472949333716999,2021-06-03 15:22:25,#겨울이버블 #윈터버블 민정아 데뷔 200일 너무 너무 축하해 🥳 민정이가 에스파 윈터로서 나 이정도면 만족한다 할 수 있을때까지 평생 응원할게 데뷔해줘서 너무 고마워 🥺 예쁘고 멋있고 잘생기고 귀엽고 사랑스러운거 다 하는 본업 천재 김민정 앞으로도 너 다 해!!! 🥰 윈터야 우리 오래보자 ❤ https://t.co/PESa9ifsLf
1099,1400472360419926017,2021-06-03 15:20:04,"#유지민은봐라 #카리나버블 #겨울이버블 #윈터버블 #지구젤리버블 #지젤버블 #닝깅이에게 #닝닝버블 #에스파데뷔200일축하해 #200dayswithaespa
울 짱스파 데뷔 200일 축하해
버블도 30일 기념일이다 🎉 💙⭐🌙🦋 https://t.co/gh7QgoTxh6"
1100,1400471643927941129,2021-06-03 15:17:14,#겨울이버블 #윈터버블 민정아 오늘이 데뷔 200일이래!💛 버블도 벌써 30일이고 민정이 좋아한 시간이 빨리 흐른 것 같아 앞으로 오래오래 장수아이돌 좋아할거니까!😎 어제 먹은 것보다 맛있는거 다같이 먹으면서 즐겁게 보냈으면 좋겠어 최고의 금요일을 보내길😘 오래 보자 사랑해💛
1101,1400471410867200002,2021-06-03 15:16:18,"#겨울이버블
민정이 버블 구독한지 벌써 30일이네!!🤍🥰 https://t.co/lGpUNRqspt"
1103,1400468542139469833,2021-06-03 15:04:54,"#겨울이버블 #윈터버블
우리가 버블로 만난지 벌써 30일이야!! 삼십일동안 고마웠어,, 앞으로도 잘부탁해! https://t.co/dIChopznXo"
1104,1400467645544030209,2021-06-03 15:01:20,"#겨울이버블
민정아 좋은 꿈 꾸룜 🙌🏻"
1106,1400459358895435787,2021-06-03 14:28:25,"#겨울이버블
민정아 오늘 비오는데 맛있는거 많이 먹었더라~ 아주 야무지게 시켰어!!! 잘했어 너는 아직 키 클 나이라 밥 많이 먹어야돼...
그리고 오늘 엠카 엔딩 잘봤다👎ㅋㅋㅋㅋ
직접가서 응원해주고싶은데 아쉬워 진짜 ( ᵕ̩̩ ᵕ̩̩ ) 
민정아 오늘하루도 수고했어💝
오늘도 최고로 좋은 꿈 꿔💫 https://t.co/Qad4trIy8j"
1107,1400454605742370824,2021-06-03 14:09:31,"#겨울이버블 

오늘 MY들 민정이랑 버블 D+30!! 인증샷🥳💜 https://t.co/zobfNgh6uk"
1110,1400436298351927296,2021-06-03 12:56:47,#겨울이버블 아니 그래서 비 올땐 뭐고 영화는 뭐봤어ㅠㅡㅠ
1111,1400425958633476107,2021-06-03 12:15:41,#겨울이버블  너 정말 . 그 다음 말이 궁금해서 하루종일 니 생각만 하게 하네 https://t.co/w2l1gpuoyn
1112,1400421022692626437,2021-06-03 11:56:05,#겨울이버블                                                           민정아...어디 갔니...???비 오는 날엔 뭐다?하고 사라지면 어떡해??????
1113,1400416450536300553,2021-06-03 11:37:54,"#겨울이버블 민정아 사람을 화나게 하는 방법은 두가지가 있대...
첫째는 말을 하다가 마는 거고 둘째는"
1114,1400414682687541250,2021-06-03 11:30:53,"끝나자마자 터짐... 왜 터진거야..?
#겨울이버블 https://t.co/7AtvDCY5hJ"
1117,1400408072095375360,2021-06-03 11:04:37,"민정아 안 놀릴게 돌아와 ㅠㅠㅠ
#겨울이버블"
1121,1400400950775345157,2021-06-03 10:36:19,#겨울이버블 민정아 좀 웃겼다 ㅋㅋㅋㅋㅋ https://t.co/4xrlbDDAPo
1122,1400400214041579521,2021-06-03 10:33:23,"헐 카리나랑 윈터 파트체인지 떴음

#유지민은봐라 #겨울이버블 https://t.co/DB3pEEO9iQ"
1124,1400395460695625730,2021-06-03 10:14:30,"#겨울이버블
오늘 엠카 다들 미쳤다...
너무 예뻐서 나 눈물나😭😭😭
김민정 따봉엔딩 귀여워 정말 심장 토할뻔 했어"
1125,1400394886600265731,2021-06-03 10:12:13,"궁금해 궁금해 미치겠어 보고 누구보다 좋아하는 쩡프들.. 당연함
머릿속에서 #겨울이버블 #윈터버블 하고 어떻게 놀릴지 시나리오 1부터 100까지 구상함"
1127,1400394617359519748,2021-06-03 10:11:09,"#겨울이버블 #윈터버블
겨울이 어디갔어…"
1129,1400393678019993603,2021-06-03 10:07:25,#겨울이버블 ㅋㅋㅋㅋㅋㅋㅋ김민정 놀리는 게 세상에서 젤 재밌슴 ㅋㅋ
1134,1400391197768646657,2021-06-03 09:57:34,"민정아 어제 어떤 영화를 봤니?  나는 알고 싶어🥺 궁금해
#겨울이버블 #윈터버블"
1137,1400390643713671169,2021-06-03 09:55:22,"#윈터버블 #겨울이버블

사람을 궁금하게 하는 것은 두가지가 있는데 첫번째는 말을 하다 마는 것이고 https://t.co/Bkpo8wNYXm"
1139,1400390229555433474,2021-06-03 09:53:43,"#겨울이버블
비오는 날엔 역시 민정이 셀카 아니겠어?(제발요) https://t.co/7XOyqV8ejb"
1142,1400389947362660355,2021-06-03 09:52:36,"#겨울이버블 
그래서 뭐시켰는데..🥲
나 진짜 궁금해 궁금해 미치겠어!!!!!!! https://t.co/D8OHwMlmym"
1143,1400389861949939720,2021-06-03 09:52:15,#겨울이버블 그래서 머 먹어 ..?
1144,1400389660707201029,2021-06-03 09:51:27,#겨울이버블 겨울아..어디가써..
1145,1400389591660589057,2021-06-03 09:51:11,"김오또케씨 그래서 뭐야 
나 정말 궁금해 ••••••••
#겨울이버블 https://t.co/Ykgl9J8hc3"
1146,1400389510416920579,2021-06-03 09:50:51,#겨울이버블 야.. 삐졋냐? 궁금해.. 궁금해 미치겠어 https://t.co/M4ELFAWnVl
1147,1400389474018676737,2021-06-03 09:50:43,"#겨울이버블
해시 들어가서 내리면 막걸리랑 전 얘기밖에ㅜ없어ㅜㅜ 개웃겨"
1148,1400389437243023360,2021-06-03 09:50:34,#겨울이버블 그래서 그 다음은 ....
1150,1400389301511147525,2021-06-03 09:50:02,#겨울이버블 김치전 아냐?
1151,1400389292975788039,2021-06-03 09:50:00,"#겨울이버블

그래서 답은 언제 줘..? 너 와 자꾸 우리 애태워??"
1152,1400389266434191360,2021-06-03 09:49:53,"#겨울이버블

그래서 뭐 먹는데?!? https://t.co/XSzy2uwMcG"
1153,1400389253712912384,2021-06-03 09:49:50,#겨울이버블 아 맨날 물어봐놓고 답을 안 해줘ㅋㅋㅋㅋㅋ
1154,1400389244854566919,2021-06-03 09:49:48,#겨울이버블 그래서 뭐 시켯냐고..... 어서 말해
1156,1400389104563474432,2021-06-03 09:49:15,"#겨울이버블 #윈터버블

민정아 그래서 뭔데….? 궁금해, 궁금해미치겠어!!!!"
1158,1400389009667289093,2021-06-03 09:48:52,"#겨울이버블
뭐시켰을까.. 궁금해.. 궁금해미치겠어.. https://t.co/r1KOf4y4mN"
1166,1400388671115726851,2021-06-03 09:47:31,#겨울이버블 어디갔어 무러보고 어디갔어 궁금해미치겠는데
1167,1400388636529491970,2021-06-03 09:47:23,#겨울이버블 말 끊으니까 궁금해 미치겠어.. https://t.co/4HkrisNGEL
1169,1400388621614477315,2021-06-03 09:47:20,#겨울이버블 김오또케씨.. 아 아니 김궁금해씨 오늘 뭐 시켰어요?
1173,1400388556007251971,2021-06-03 09:47:04,"#겨울이버블 #윈터버블
그래서 비오는날엔 뭔데? 궁그매 미치겠어 https://t.co/MhQ8RU6vgf"
1176,1400388482636259330,2021-06-03 09:46:46,#겨울이버블 ㅎㅎ막걸리
1181,1400388315627491330,2021-06-03 09:46:07,"#겨울이버블
민정아 난 니가 진짜 정말 좋다.."
1182,1400388304361517057,2021-06-03 09:46:04,"그래서 비 오는 날 뭐야? 궁금해,, #겨울이버블 #윈터버블 https://t.co/Q2HwuGfPgh"
1184,1400388248707342341,2021-06-03 09:45:51,"김오또케씨 뭐 시켰나,,,궁그매 궁그매 미치게써!! #겨울이버블 #윈터버블"
1185,1400388220337082370,2021-06-03 09:45:44,"이 시대 최고의 리더
#윈터버블 #겨울이버블 https://t.co/eVbKQC9kGF"
1186,1400388182659649537,2021-06-03 09:45:35,#겨울이버블 뭔데.. https://t.co/qA2LG8LgBj
1187,1400388032239333383,2021-06-03 09:44:59,"#겨울이버블

글쎄...비오는날엔 뭘까...? https://t.co/IBdJBUOE6c"
1188,1400387924617699330,2021-06-03 09:44:33,"#윈터버블 #겨울이버블
민정이는 비올 때 머해  

    (  궁그매 궁그메미ㅊl겟서  )　　
               O
                 o
                    。
                       . https://t.co/m6Mdck3Iww"
1189,1400387832192016387,2021-06-03 09:44:11,#겨울이버블 아 재밌다 https://t.co/DZRS2VwCkM
1190,1400387754920349696,2021-06-03 09:43:53,"#겨울이버블
비오는날에 뭐 먹을거야? 궁금해! 궁금해 미치겠어!"
1191,1400387719923073025,2021-06-03 09:43:45,#겨울이버블 비 오는 날엔 파전~
1192,1400387640843636736,2021-06-03 09:43:26,#겨울이버블 윈터-★
1193,1400387498941898756,2021-06-03 09:42:52,#겨울이버블 너혹시 비오는날 족발머거?
1194,1400387459364515841,2021-06-03 09:42:42,#겨울이버블 겨울이 연기...?
1195,1400387446773223428,2021-06-03 09:42:39,#겨울이버블 #윈터버블 비 올 땐 민정이
1196,1400387405635411971,2021-06-03 09:42:30,"#겨울이버블 #윈터버블
비오는날엔 이거지~ https://t.co/x80EzuZ6c8"
1197,1400387343169642499,2021-06-03 09:42:15,"#겨울이버블
뭘까?? 궁금해 미치겠어ㅜ"
1198,1400387329978560520,2021-06-03 09:42:12,#겨울이버블 강쥐야 비오는 날엔 꿀막걸리~~~~~~~~~~에 감자전 최고양
1200,1400387302254284804,2021-06-03 09:42:05,막걸리? #겨울이버블
1201,1400387246482628608,2021-06-03 09:41:52,"#윈터버블 #겨울이버블
파전에 막걸리라 했는데 이거 아닐 것 같음"
1202,1400387235401240576,2021-06-03 09:41:49,#겨울이버블  파전에 막걸리🙄
1203,1400387230170894340,2021-06-03 09:41:48,#겨울이버블 너 머먹냐 지금!!!!!
1204,1400387138009460736,2021-06-03 09:41:26,#겨울이버블 비오는날엔 궁금해죽겠어지..
1205,1400387128849092610,2021-06-03 09:41:24,#윈터버블 #겨울이버블 비올때는 김궁금해씨 연기 봐야지
1206,1400386244949860358,2021-06-03 09:37:53,#윈터버블 #겨울이버블 민정이 연기 진짜 잘해 최고야 김민정 배우는 신이에요 오또케 오또케 https://t.co/A3M0d4wUNE
1207,1400383924279255040,2021-06-03 09:28:40,#윈터버블 #겨울이버블 민정이는 노래길만 걸어💛ㅋㅋㅋㅋㅋㅋㅋㅋㅋㅋㅋㅋㅋㅋㅋㅋㅋㅋㅋㅋㅋㅋㅋㅋㅋㅋㅋㅋㅋㅋㅋㅋㅋㅋㅋㅋㅋㅋㅋㅋㅋㅋㅋㅋㅋㅋㅋㅋㅋㅋㅋㅋㅋㅋㅋㅋㅋㅋㅋㅋㅋㅋㅋㅋㅋㅋㅋㅋㅋㅋㅋㅋㅋㅋㅋㅋㅋㅋㅋ https://t.co/warX6iltLp
1208,1400383797472874498,2021-06-03 09:28:09,#겨울이버블 우리 에스파 무대 궁금해.. 궁금해 미치겠어~~ https://t.co/0WS4oDn91h
1209,1400382461154975751,2021-06-03 09:22:51,"#겨울이버블 그새를못참고또놀리지 타임이다 미안...
https://t.co/H6JYqj4iIe"
1210,1400382268988813316,2021-06-03 09:22:05,#윈터버블 #겨울이버블 궁그매 궁그매 미치겟어...!!! https://t.co/LhMUAajJDA
1211,1400381896589148161,2021-06-03 09:20:36,#윈터버블 #겨울이버블 김오똑해에 이어 김궁금해 😏
1212,1400381696441126917,2021-06-03 09:19:48,"#겨울이버블 
민정아 연기 진짜 잘한다😂😂😂"
1213,1400381097108672512,2021-06-03 09:17:26,#윈터버블 #겨울이버블 궁금해.. 궁금해 미치겠어! 김민정이 어제 본 영화가 뭔지....!!!!! https://t.co/714rZx0ZyR
1214,1400367516929511424,2021-06-03 08:23:28,"#겨울이버블
라이더요?? Kijul... 😇 https://t.co/WIU8TSCbfS"
1215,1400366319250264071,2021-06-03 08:18:42,셀카 안주면 불법불법!! #겨울이버블 #유지민은봐라 https://t.co/Jwm8vbQFbv
1216,1400341083930841090,2021-06-03 06:38:26,"#겨울이버블 #윈터버블
민정아 좀 있다가 엠카에서 봐💚 오늘도 좋은 하루 보내💚 https://t.co/Bfr6WzV3rG"
1217,1400339638988931078,2021-06-03 06:32:41,무대에서 공연 할 때 포커 페이스 만 가지고 있지 마십시오. 표정을 추가하십시오. 당신은 표정이 없습니다. BADDIE ❌ 무표정 얼굴. 치열한 ❌ 무표정 얼굴. 알았어? #겨울이버블 #윈터버블
1218,1400312747078864897,2021-06-03 04:45:50,#겨울이버블 민정아 오늘도 하이띵💛 https://t.co/ohAUaU5UxB
1219,1400301145730392064,2021-06-03 03:59:44,"민정아 오늘 비온당
너 비오는 날 좋아한댔잖아!
비오는 날 듣는 플리 궁금해
나도 같이 듣자🎧
#겨울이버블 #윈터버블 https://t.co/yl584URReX"
1220,1400282774938918915,2021-06-03 02:46:44,"강아지하나 강아지둘
아기깡쥐야 오늘도 쬰하루 !! 🐶💛
#겨울이버블 https://t.co/bQjAEGIUgo"
1221,1400282158409805826,2021-06-03 02:44:17,#겨울이버블 #윈터버블 보.아선배님 공중정원 #커버요청의건🌟 공중정원 늘 들으면서 떠오르는 맑고 섬세하고 아련하면서 힘있는 보컬 ➡️딱 겨울이 느낌!! 선배님 노래 중에 잘 어울릴것 같은 곡 진짜 많은데 공중정원은 꼭 한번 불러줬으면 좋겠다아 https://t.co/DJtjw1zF9t
1222,1400281869485150209,2021-06-03 02:43:08,"#유지민은봐라
#지구젤리버블 
#겨울이버블
#닝깅이에게

우리 짱스파 오늘도 좋은 하루 보내💜💙💜💙 점심 꼭 챙겨먹어🥺❤️‍🔥 https://t.co/GhOUxbKOYl"
1223,1400281428567359489,2021-06-03 02:41:23,"#겨울이버블
민정아 민정아 맛점하룜 😻"
1224,1400268388086161408,2021-06-03 01:49:34,#겨울이버블 정말 이렇게 사라져 버리다니... 나중에 민정이가 재밌게 본 영화두 꼭 알려죠💛 민정이 오늘도 좋은 하루 보내~!! 어제 날씨가 좋았어서 사진 몇개 찍었는데 민정이한테 하나 보여줄게🌤 한국은 오늘 날씨 어떨련지 모르겠네 항상 따듯하게 다니고 항상 건강하자 우리😷!! https://t.co/ctnZEdXuk1
1225,1400244425385648128,2021-06-03 00:14:20,#겨울이버블 오늘도 좋은 하루 보내기🥰🥰 https://t.co/zKi2VEVbLC
1226,1400234735641653250,2021-06-02 23:35:50,"좋은 아침이야, 나의 사랑하는 민정아. 좋은 하루 되세요. 🥰 - #윈터버블 #겨울이버블 https://t.co/6RfEHZ1bUC"
1228,1400229482124877824,2021-06-02 23:14:58,#겨울이버블 #윈터버블 민정아 오늘도 하띵 💪🏻 비오니까 따숩게 입어요  사랑해🤍🤍
1229,1400229024933154816,2021-06-02 23:13:09,"#겨울이버블
민정아 오늘도 조은 하루~~~~~~"
1230,1400219833833168896,2021-06-02 22:36:37,"#겨울이버블

민정 오늘도 좋은하루💚
나두 열심히 살게"
1231,1400219413366775809,2021-06-02 22:34:57,오늘도 행복하고 즐거운 하루 되길... ♡ #유지민은봐라 #지구젤리버블 #겨울이버블 #닝이에게
1232,1400189592662253568,2021-06-02 20:36:27,민정아 오늘도 끝내주는 하루 보내 🤍 #윈터버블 #겨울이버블
1233,1400178208113299472,2021-06-02 19:51:13,"우리 겨울이~~ 민정아
무슨 일이 있어도 사랑하고 응원할게요 ⭐ 많이 사랑해 🙆😘

#겨울이버블 #윈터버블 #WINTER https://t.co/0T5RJI57Fu"
1234,1400137637919223810,2021-06-02 17:10:00,#겨울이버블  오늘도 고생많았어😍😍
1235,1400136578547159042,2021-06-02 17:05:48,#겨울이버블 잘자 죤 꿈 꿔 강쥐야
1237,1400123275284385798,2021-06-02 16:12:56,김민정 플라잉요가 사진 줘... #겨울이버블 #윈터버블 https://t.co/WN6WaNJRoR
1241,1400101723968995329,2021-06-02 14:47:18,#겨울이버블 혹시 무서운영화랑 슬픈영화 추천해줄수잇을까? 왜냐면 나도 좀 보고싶네..🥺
1242,1400099122435084289,2021-06-02 14:36:58,"#겨울이버블
잘자 사랑해 이 아기 강아지양💖❤️"
1243,1400097210423910408,2021-06-02 14:29:22,"#겨울이버블
민정아 오늘 영화는 잘봤니? 혹시 못봤어도 행복한 하루 보냈기를 바랄게~ 오늘도 수고했어 ( ᵕ̩̩ ᵕ̩̩ ) 밥 잘 챙겨먹어야돼...내일 엠카도 화이팅!! 잘자 민정아 오늘도 좋은 꿈 꿔💙"
1244,1400075375254728711,2021-06-02 13:02:36,"#윈터버블 #겨울이버블
공포영화.. 주온더파이널... 보고 처음으로 가위 눌렸고 장산범도 보고 거울 보기 힘들었고.. 그것 보고는 진짜 그냥 너무 무서워서 머리감는 것도 힘들었어..... 아까 낮엔 생각이 안 나다가 지금 생각나서.. 🤓"
1246,1400071671583629312,2021-06-02 12:47:53,오늘도 고생 많았고 내일도 파이팅 #겨울이버블
1248,1400056167670317066,2021-06-02 11:46:16,"#겨울이버블 #윈터버블 공포영화!!!!!! 기억의밤 말고 추천하자면 이거,, 애나벨, 컨저링 이런거 보고 무섭다 느껴본 적 거의 없는데 이거는 표지만 봐도 무서워요,, 사실 초등학교 때 봤었지만 진짜 아직도 기억에 씌게 남아여ㅠㅠㅠ 이거 추천추천춫천ㄴ!!!!!!! https://t.co/ro4yjzBDTP"
1250,1400037593836711936,2021-06-02 10:32:28,아 근데 추천해 달라는 장르는 아닌데 가장 봌통의 연애 안 봤으면 한번 봐봐 난 뭔가 이게 현실적인 느낌이라 기억에 남는데 약간 시간 많을 때 보기 좋은 영화 #겨울이버블
1252,1400014072498647042,2021-06-02 08:59:00,"#윈터버블 #겨울이버블 
겨우라겨우라 난 이거 https://t.co/7UXmG0nyb4"
1255,1400010641033678856,2021-06-02 08:45:22,"#윈터버블 #겨울이버블 
겨울아 아까 수업중이어서 흑 버블만 급히 답장하고 이제야 쓰는데..이거 진짜 새벽에 보다가 눈물 좔좔 흘린 영화야... 실화기반 영화고ㅠ 무서운거는 유명한거 밖에 모르겠다😢 미드소마랑 겟아웃 촬영한 감독 영화 좋아! 글고 조곰 옛날 영환데 사일런트힐도 봤으려나?? https://t.co/eHKWhOJZYO"
1257,1400008773540909056,2021-06-02 08:37:57,그래서 민정아 추천받은것들중에 볼꺼있으면 알려주억 ㅠㅠ #겨울이버블
1258,1400007869681045506,2021-06-02 08:34:21,"#윈터버블 #겨울이버블  

세인트 모드 Saint Maud 👀 https://t.co/kSDVKvjzP4"
1262,1400004305856327683,2021-06-02 08:20:11,#겨울이버블 #윈터버블 쩡아 나중에 시간날때 영화말고 드라마도 괜찮으면 힐하우스의유령 이랑 블라이저택의유령 봐주라... 힐하우스는 무섭고 블라이저택은 슬퍼...
1263,1400003485974728709,2021-06-02 08:16:56,#겨울이버블 #윈터버블 진짜 넷플고인물이야 내가 민정아 나믿고보자~ https://t.co/7MlTttmPGK
1265,1400003343636844545,2021-06-02 08:16:22,"A Ghost Story (2017) 공포영화 같은 게 아니라 유령의 입장에서 보면 슬프고 감성적인 이야기를 하는 좋은 이야기

그것을 보는 것이 슬프다ㅠㅠㅠ #겨울이버블 #윈터버블 https://t.co/mYFNqBaynn"
1266,1400001559899951106,2021-06-02 08:09:17,"#겨울이버블
민정아 알포인트봐봐...오금 저리고 얼어붙어..🥶 https://t.co/hGWRe4cjdy"
1271,1400000848403390467,2021-06-02 08:06:27,"#겨울이버블 

놀아달라구 했으면서 영화 추천만 받고 사라지기 뭐야...ㅋㅋㅋㅋㅋ https://t.co/ffjRtn9IeW"
1272,1400000093877522434,2021-06-02 08:03:27,#겨울이버블 민정아 이 영화 진짜 진짜 소름돋고 무서워 완전 추천!! https://t.co/yLmkN4sPRI
1273,1399999843041353729,2021-06-02 08:02:27,#윈터버블 #겨울이버블 민정아! 넷플에 허쉬라는 영화 있는데 그것도 바바! 우리 민정이가 보기 딱 좋은 영화야..
1274,1399999224691843077,2021-06-02 08:00:00,#겨울이버블 민정이 보지 못한 걸 선택해 https://t.co/rfzYeD6LUD
1275,1399999154881851395,2021-06-02 07:59:43,"#겨울이버블 
민정이가 본 젤 슬픈영화가 뭐야? 나도 알려줘"
1276,1399999031363850242,2021-06-02 07:59:14,영화 무서운 이야기1 에피 중에 택배아저씨 에피가 젤 무섭더라. 백만원 준다고 해도 다시 보고싶지 않은 에피야.. 어렸을때 그 장면 보고나서 현관문 들어올 때도 무서웠고 잠만 자면 악몽 꿨거든 #겨울이버블
1277,1399998838182612993,2021-06-02 07:58:28,#겨울이버블 놀자며….. 왜 없어진건데
1279,1399998505725222913,2021-06-02 07:57:09,"#겨울이버블 컨 저링 3이 2 일 만에 나옵니다, 나오면 멤버들과 함께 🤭"
1280,1399998248715055104,2021-06-02 07:56:07,"#겨울이버블
놀아달라고 내맘을 조지부시 해놓고 가버렸다..."
1281,1399998089042096128,2021-06-02 07:55:29,"#윈터버블 #겨울이버블
내가 무서운고를 못 봐.."
1282,1399997717988839433,2021-06-02 07:54:01,"#겨울이버블 내 기준 인생 공포영화야!! 막 이건 갑툭튀, 귀신 이렇게 무서운게 아니라 완전 소름돋게 무서운거 알지,,, 뒤끝 엄청 오래가는 그런 영화,, 진짜 너무 소름돋아 시간 나면 한번쯤 보면 좋겠어 😁💛#윈터버블 https://t.co/O9d2gR81PJ"
1284,1399997316350709771,2021-06-02 07:52:25,#겨울이버블 국제시장...볼때마다 울거야ㅠㅠㅠㅠㅠㅠㅠㅠ
1287,1399997045222432770,2021-06-02 07:51:20,#겨울이버블 아무튼 민정아 7월에 랑종 나오면 그거보자 근데 무슨 내용의 공포영화인지는 모르게써 ㅎㅎ 이번에 개봉하는거중엔 쩰 무서울듯?
1288,1399997019624669186,2021-06-02 07:51:14,"#겨울이버블 #윈터버블 
갑자기 공포영화 생각났는데!!!!!!! 아리애스터 감독 단편영화 무서웡ㅇㅇㅇㅇ 제목은 기억안나는데 흑인가족 나오는편인데.. 귀신은 안나오는데 다른느낌의 공포여써.. 징그러운거 잘 보면 봐"
1289,1399996781472014337,2021-06-02 07:50:18,맨인더다크!! 완전 심장이 쫄깃쫄깃해지는 숨막히는 공포영화야! #겨울이버블 https://t.co/sTEOc6FZRk
1290,1399996767974789121,2021-06-02 07:50:14,#겨울이버블 영화 뭐뭐 봤었는지부터 알려 주면 안 대 강쥐야??? 글구 우리한테도 영화 추천해 주ㅏ
1294,1399996501296746497,2021-06-02 07:49:11,"#겨울이버블 #윈터버블 
민둥아 무서운 영화 버드박스 추천 넷플릭스에 있어 확 튀어나오는 건 없으~ 굿굿~~^~^ 콰이어트 플레이스도 잼써 https://t.co/PHXG9XfJ0f"
1296,1399996433508364289,2021-06-02 07:48:55,"#겨울이버블 그거 외에는 난 ‘허쉬’ 제일 무서웠어! 이거는 청각 장애가 있는 여자 집에 살인마가 침입 하는 내용인데 긴장감 대박이야 넷플에서 유명한 유전, 버드박스 이런거 다 난 별루였어.. 그래서 민정이 나랑 취향 비슷할거 같아! 어스, 비밀스러운 초대는 분위기로 압도하는 무서움이야 추천⭐️ https://t.co/kUw1Clh9EZ"
1297,1399996387769524230,2021-06-02 07:48:44,응 이거??? #겨울이버블 #윈터버블 https://t.co/z3bXRoBTLQ
1298,1399996354567360513,2021-06-02 07:48:36,"#윈터버블 #겨울이버블 

민정아.. 이 영화들은 무섭고 ㅋㅋㅋㅋ 한번 보세용~ 😂 이미 본 다른 영화들은 기억이 안나요.... ㅠㅠㅠ 

Us
Get Out
Lights Out
Don’t Breathe
A Quiet Place
The Shining 
Wrong Turn"
1299,1399996338788397056,2021-06-02 07:48:32,"#겨울이버블
주섬주섬 다시 왓챠어플 깔아서 리스트 훑기..."
1300,1399996106923077633,2021-06-02 07:47:37,"#겨울이버블
진짜 영화만 물어보고 가네 쫌 웃김
재밌게 봐ㅋㅋㅋㅋㅋ"
1301,1399995808586502148,2021-06-02 07:46:26,"#겨울이버블 그리고 그 영ㅇ화는 아닌데 넷플릭스 드라마 중에 무브 투 헤븐 있거든,,,,약간 보기 좀 그럴 수 있기는 한데 완전 슬퍼 매회마다 나는 울어써 ㅠㅋㅋㅋㅋㅋㅋ근데 생각할 거리들도 던져줘서 좋은 드라마얐오"
1302,1399995480566763522,2021-06-02 07:45:07,#겨울이버블 근데 공포영화도 일본이나 태국이나 한국이나 미국이나 분위가 다 다르자나 어디꺼 조아하는데?! 난 일본껀 그냥..... 그래
1303,1399995228312928256,2021-06-02 07:44:07,#겨울이버블 진심으로 추천할게 민정아 너 이거보자나? 그럼 그냥 닭똥같은 눈물흘려버림ㅜ https://t.co/EUXhNLEw53
1304,1399995073564008449,2021-06-02 07:43:30,"무서운건 이거! 콰이어트 플레이스
#윈터버블 #겨울이버블 https://t.co/r9N48BbXpF"
1305,1399995066769317891,2021-06-02 07:43:29,민정아 언니 얼마전에 이거보고 잠 설쳤어.. 혹시 모르니까 링크 걸어둘게 심심할때 봐~! #겨울이버블 #윈터버블 https://t.co/QVhFsJ4mEV https://t.co/PqaofTZPer
1306,1399994891422240769,2021-06-02 07:42:47,"#겨울이버블
이 영화 볼만해요~ https://t.co/M9U5AjZRjg"
1307,1399994740720869378,2021-06-02 07:42:11,"#겨울이버블
민정아 '콜' 봤니..박신혜 전종서 배우나오는거 진짜 재밌어 귀신안나오는데 귀신나오는 것보다 더 무서워..."
1308,1399994564513996801,2021-06-02 07:41:29,"#겨울이버블 
베일리어게인도 슬프다는 https://t.co/KEJptyD4f6"
1310,1399994346653425664,2021-06-02 07:40:37,"아니 로맨스 안 좋아할 거 같은데 그렇지만
이거 진짜 슬프고 영화 좋아 눈물 보장해🥲 갑자기 내가보고 싶네
#윈터버블 #겨울이버블 https://t.co/yfOpPzYek6"
1311,1399994343692267520,2021-06-02 07:40:36,#겨울이버블 쩡아 너 애니메이션도 봐?
1312,1399994182224121863,2021-06-02 07:39:58,"#겨울이버블 공포영화 오펀 천사의 비밀 추천 무서운 거 봐도 그냥 그런데 이건 소름돋았어,,"
1313,1399994159218380804,2021-06-02 07:39:52,#겨울이버블 소울 …슬픈건아니고 감동적인데 눈물팡팡쏟음
1315,1399993926271049731,2021-06-02 07:38:57,"내 머리 속의 지우개

#윈터버블 #겨울이버블"
1316,1399993721085566979,2021-06-02 07:38:08,눈물셀카 찍어준다고 약속하면 추천해줄게... #겨울이버블
1317,1399993641435815942,2021-06-02 07:37:49,"나는 내일, 어제의 너와 만난다. This movie made me cry. #겨울이버블 #윈터버블"
1318,1399993638705274883,2021-06-02 07:37:48,#겨울이버블 민정아 내 머리 속의 지우개 아니.....나 이거 보고 한 3일은 앓았던 것 같오 ㅠ 다시 봐도 눈물 나는 영화야 추천해 강쥐야
1319,1399993579125186566,2021-06-02 07:37:34,"#겨울이버블
겨울아 어스, 마녀, 오펀 추천!!!!! 나 진짜 재밌게 봤어 셋 다 장르 스릴러야 특히 오펀 진짜 소름끼치고 재밌어 마녀도 제발 꼭 봐줘🥺🥺 내 소원"
1320,1399993430822981642,2021-06-02 07:36:59,#윈터버블 #겨울이버블 슬픈영화보고 눈물셀카 부탁해
1321,1399993361587601412,2021-06-02 07:36:42,#겨울이버블 근데 컨져링 애나벨 이런거 별로 안무서운거 공감ㅁㅁㅁㅁㅁㅁㅁㅁㅁㅁㅁㅁㅁㅁㅁㅁㅁ
1322,1399993318902157313,2021-06-02 07:36:32,#윈터버블 #겨울이버블 나는 어벤져스 엔드게임도 슬펐고 라이언킹도 슬펐어........🥲
1324,1399993252489564166,2021-06-02 07:36:16,"#겨울이버블
마음이ㅜㅜ"
1326,1399993187901460482,2021-06-02 07:36:01,"#겨울이버블 글자수 제한! 나 공포 영화 안본게 없거든? 근데 컨져링, 애나벨 처럼 귀신 나오는건 다 재미없잖아 알쥐 알쥐 근데 이거 넷플릭스에 있는건데 대박이야 도둑들이 어떤 집을 털려고 침입 하는데 그 집주인이 장님인거야 그래서 주인이 소리 만으로 도둑들 죽이려고 하는데 스릴 대박이야😎 https://t.co/jzOFJkpiF8"
1327,1399993118326362116,2021-06-02 07:35:44,"#겨울이버블
아이캔스피크 봤니...언니는 하늘이 무너진것마냥 울어제꼈는데"
1328,1399993059597824001,2021-06-02 07:35:30,"카페, 한 사람을 기다리다
#윈터버블　 #겨울이버블 https://t.co/bbKvRsZhLM"
1329,1399993037594390535,2021-06-02 07:35:25,"#겨울이버블
하우스오브왁스,더보이,지금 만나러 갑니다  언니 슬의생 봐야지!!"
1330,1399992983458439168,2021-06-02 07:35:12,#겨울이버블 공포 영화는 ㄹㅇ 곡성이랑 겟아웃이고 슬픈영화는 굿바이마이프렌드랑 이프온리가
1331,1399992906757275649,2021-06-02 07:34:54,"#겨울이버블
민정아 근데 내가 뭘 추천해줘도 네가 이미 봤다 그럴것같아서 아무것도 말을 못하겟어"
1332,1399992856643706881,2021-06-02 07:34:42,"#겨울이버블
유튜브에 심야괴담회라고 진짜아아아아아아 무서워ㅠ🙈🙈🙈🙈"
1333,1399992744446103554,2021-06-02 07:34:15,#겨울이버블 그래서 머 볼껀데!!!!!!!!! 알려조 나도 보게
1335,1399992703660617728,2021-06-02 07:34:05,나는 하모니 보고 울었오 #겨울이버블
1336,1399992499259596807,2021-06-02 07:33:17,좋아하는 사람이랑 같이 보다가 대성통곡했다..#겨울이버블 #윈터버블 https://t.co/Eep9IayhpK
1337,1399992490971656194,2021-06-02 07:33:15,"#겨울이버블
무서운 영화는 더 위치, 유전, 미드소마!!
슬픈 영화는 밀리언달러베이비!!
그치만 그 중 제일 재밌는 명화는 민정이 얼굴이 아닐까~=== https://t.co/RUiegz70lL"
1338,1399992452631601154,2021-06-02 07:33:05,"#겨울이버블
유전추천해도되겐니?"
1339,1399992380003000325,2021-06-02 07:32:48,"#겨울이버블 #윈터버블
내가 보면서 울었던 건 다 민정이가 봤을만한 유명한 영화들 뿐이네.. 이프온리 혹시 봤니 나는 예전에 학교에서 그거보다가 눈물 콧물 질질 짜봤어.."
1340,1399992318485143553,2021-06-02 07:32:33,#겨울이버블 미비포유랑 ~~ 노트북
1341,1399992318023770114,2021-06-02 07:32:33,#겨울이버블 인사이드 아웃.. 에 빙봉 보고 울었어 나는..
1342,1399992313816915968,2021-06-02 07:32:32,"#겨울이버블 #윈터버블

슬픈거랑 무서운거 내픽이얌...

너의췌장을먹고싶어   유전 https://t.co/zhQBVHcCBX"
1344,1399992294002991105,2021-06-02 07:32:28,#겨울이버블 지금 만나러 갑니다!!
1345,1399992286197387266,2021-06-02 07:32:26,#겨울이버블 슬픈영화 https://t.co/4W5OoSFAmq
1346,1399992176218578945,2021-06-02 07:32:00,"언니가 고등학교 다닐때,,음악 시간에 성생님이 보여주신 영환데 학교라 쎈척해여해서 허벋지 꼬집으면서 울음 참았다,,#겨울이버블 #윈터버블 https://t.co/JpHpUZX9tn"
1347,1399992100523974666,2021-06-02 07:31:42,"#윈터버블 #겨울이버블 
민정이 픽 무서운 영화랑 슬픈 영화도 알려주라ㅏㅏ"
1348,1399992052457168896,2021-06-02 07:31:30,"겨울아 난 이거
#윈터버블 #겨울이버블 https://t.co/9D1JVHy1TO"
1349,1399992038402105345,2021-06-02 07:31:27,"#겨울이버블
셔터봐
난 무서워서 10분 보고 껐지만"
1350,1399991926418329603,2021-06-02 07:31:00,"#겨울이버블 
님아 그 강을 건너지 마오 
코코"
1351,1399991871514955777,2021-06-02 07:30:47,근데 내가 본건 울 겨울이가 이미 다 봤을듯.. #겨울이버블
1352,1399991869707194370,2021-06-02 07:30:46,#겨울이버블 민정아 너 근데 눈물장벽 낮다묘..... 씨제이거 보면 구냥 우는거아니냐구
1353,1399991864338518019,2021-06-02 07:30:45,"#윈터버블 #겨울이버블
미안 로맨스 밖에 안 보는 나. 도움이 되지 않아.."
1354,1399991837218144257,2021-06-02 07:30:39,#겨울이버블 아니 플로리다를 왜 플로리다라고 못 쓰고 영어로 써야되냐고 https://t.co/aJnUACNchO
1355,1399991783514198023,2021-06-02 07:30:26,"#윈터버블 #겨울이버블
 늑대소년보자 내가좋아해 https://t.co/umylW0mRlc"
1356,1399991740514275331,2021-06-02 07:30:16,#겨울이버블 난 우아한 거짓말 보고 펑펑 울엇어 ｡｡｡ 아니면 노트북 ???
1357,1399991735455916033,2021-06-02 07:30:14,"#겨울이버블 #윈터버블
아니 왜케 극단적이야ㅋㅋㅋㅋㅋ"
1358,1399991724110348293,2021-06-02 07:30:12,"#겨울이버블
민정아... 왜 갑자기 극한의 감정을 느끼고싶은건지 궁금하다"
1361,1399991696788652035,2021-06-02 07:30:05,"#윈터버블 #겨울이버블 

언니 나 공포영화 전문인 건 어떻게 알구... (っω⊂)"
1362,1399991656443564032,2021-06-02 07:29:56,#윈터버블 #겨울이버블 크루엘라 개봉했데 영화관 오랜만에 가서 보는거 워뗘?
1364,1399991576089165826,2021-06-02 07:29:36,"#겨울이버블 #윈터버블
민정아 아무래도 너보다 영화를 자주 본 마이는 없을 거 같은데"
1366,1399991440327856144,2021-06-02 07:29:04,#겨울이버블 7번방의 선물
1367,1399991429955395584,2021-06-02 07:29:02,영화를 잘 안봐... 네이버에 검색을 해보면•••• #겨울이버블
1368,1399991363261792259,2021-06-02 07:28:46,#윈터버블 #겨울이버블 미안 나 슬픈영화도 안봐...
1371,1399991304600244226,2021-06-02 07:28:32,#겨울이버블 슬픈건 넘 광범위하네 어떤 장르의 슬픈걸 조아하는데...
1372,1399991232940503042,2021-06-02 07:28:15,#겨울이버블 민정아 민정아 곡성이랑 셔터 감독님들이 이번에 랑종이라는 공포영화 만들었대 그거 개봉하면 꼭 봐🙃
1373,1399991199121895428,2021-06-02 07:28:07,나는 공포 영화를 전혀 모른다. 내가 아는 건 널 잃는 게 무섭다는 거야. - #윈터버블 #겨울이버블 https://t.co/6syVR4xNk9
1374,1399991176208388096,2021-06-02 07:28:01,"우리 민정이 심심해서?🥺
#겨울이버블 #윈터버블"
1375,1399991157355008004,2021-06-02 07:27:57,"#겨울이버블 공포영화.....?
난 못 보는 데ㅜ

과제마감 하루전...?
시험 하루 전
어제가 수강신청이었다고?
현실이 공포 https://t.co/zT73ifJDjU"
1376,1399991118423465987,2021-06-02 07:27:47,#겨울이버블 무서운 영화보고 잠 못자면 어떠캥...
1378,1399991105140060162,2021-06-02 07:27:44,#윈터버블 #겨울이버블 반대로 민정이도 공포영화 추천해주라😝 https://t.co/oMH302s7I7
1379,1399991059443163137,2021-06-02 07:27:33,민정아 언니 이거 보고 숨 막혀 죽는줄 알았어ㅠ 극장에서 팝콘 쏟을뻔 했다 근데 언니는 겁쟁이야 #겨울이버블 #윈터버블 https://t.co/HWgGKaOHVL
1380,1399990961028026378,2021-06-02 07:27:10,#겨울이버블 믽정아.. 너한테는 그 언니가 화나는게 젤 무서울걸? 공포영화 볼 필요 x
1381,1399990959090241538,2021-06-02 07:27:09,"#겨울이버블 #윈터버블 
이런 티키타카 대실패 https://t.co/tU05FzK7ZF"
1385,1399990798083448833,2021-06-02 07:26:31,#윈터버블 #겨울이버블 나도 무서운거 못보는데...🥺 https://t.co/Ji98vBrnGY
1386,1399990753024118787,2021-06-02 07:26:20,#겨울이버블 셔터~~~~~~~~ 셔텨봤어?
1388,1399990702725992452,2021-06-02 07:26:08,"#윈터버블 #겨울이버블
산책가자 ㅋㅋ"
1391,1399990592990367750,2021-06-02 07:25:42,"#겨울이버블

산책가자!!!!!!!!!!!!!!! https://t.co/TxmIP5rz6W"
1392,1399990590289240069,2021-06-02 07:25:41,#겨울이버블 머하고놀아주까 어!!!!!!!!
1394,1399990560757141504,2021-06-02 07:25:34,"#윈터버블 #겨울이버블 
심심하면 뭔지 알려줘.. https://t.co/dbiib20VJQ"
1395,1399990532655312898,2021-06-02 07:25:28,"#윈터버블 #겨울이버블 

언니나는젠가햇떠 (˘̩̩̩ε˘̩ƪ) https://t.co/dEFIPDu5CX"
1396,1399990457023692801,2021-06-02 07:25:10,"#겨울이버블
민정아ㅏㅏㅏㅏ ♥"
1398,1399990423972573186,2021-06-02 07:25:02,#겨울이버블 나도 심심함.. 같이 놀쟈규
1399,1399990389520572419,2021-06-02 07:24:54,#겨울이버블 #윈터버블 민정이 제로만난 얘기해조 !!
1401,1399990376966934532,2021-06-02 07:24:51,그래 이모랑 놀자 겨울아 뭐 하고 놀까 #겨울이버블 #윈터버블 https://t.co/6YunI1WdAT
1402,1399990368926539786,2021-06-02 07:24:49,#겨울이버블 울강아지 뭐하구있어😎
1403,1399990365910814722,2021-06-02 07:24:48,#겨울이버블 쩡이 손!
1405,1399990289771622404,2021-06-02 07:24:30,#겨울이버블 #윈터버블 골라봐 🐶 https://t.co/7FW7zRhfPL
1406,1399990285879234568,2021-06-02 07:24:29,"#겨울이버블
강아지 등장 https://t.co/gz3KPiB8A1"
1407,1399990272809869313,2021-06-02 07:24:26,#겨울이버블 심심하다면 셀카한장 보내주세요!
1408,1399990228161425409,2021-06-02 07:24:15,"#겨울이버블 #윈터버블
나 놀아줭ㅇㅇㅇ
하고 찾아온 강아지 https://t.co/AiRi68EKOW"
1409,1399990201691213828,2021-06-02 07:24:09,#겨울이버블 민정이 심심한가 봐... 그래 어떻게 놀아주면 될까....?
1410,1399990051187007495,2021-06-02 07:23:33,#겨울이버블 겨울앙 뭐하고 놀래
1411,1399990043972751366,2021-06-02 07:23:31,#겨울이버블 의미없는 수다는어때
1412,1399989996778450946,2021-06-02 07:23:20,#겨울이버블 강아지 왔엉🐶 https://t.co/SoKTAGtHOX
1413,1399989955825262595,2021-06-02 07:23:10,"#겨울이버블
심심해~~??"
1414,1399989945352130561,2021-06-02 07:23:08,"#겨울이버블 
진짜 강아지인가버ㅏ"
1415,1399989938968428546,2021-06-02 07:23:06,#겨울이버블 귀여워 잼민아😭😭
1416,1399989924581961731,2021-06-02 07:23:03,#겨울이버블 강아지야
1417,1399989871381422081,2021-06-02 07:22:50,진짜 강아지야 너?!!! #겨울이버블
1418,1399949109205684226,2021-06-02 04:40:52,당신에게 알리고 싶어요. 무대에서 얼굴 표정이 부족해서 사람들이 당신을 싫어합니다. 어쩌면 얼굴 표정을 추가하려고? 제발 개선하십시오. #윈터버블 #겨울이버블
1419,1399929221124792324,2021-06-02 03:21:50,#겨울이버블 타로밀크티데이다 민정아❤️‍🔥 https://t.co/ECxJNZKFuD
1420,1399927846806593539,2021-06-02 03:16:22,"#겨울이버블 #윈터버블 민정아..

https://t.co/cO35Gy6cYY"
1421,1399922690044022784,2021-06-02 02:55:53,"#겨울이버블
민정아 맛점하룜 ☺"
1422,1399915761938829313,2021-06-02 02:28:21,용맹백구얌 좋은 하루 보내 'ㅅ')~ #겨울이버블 https://t.co/67vio6Tsee
1423,1399905299620712448,2021-06-02 01:46:47,민짱아 쫀하루보내😉💛 #겨울이버블 https://t.co/bbjFHBWXuc
1424,1399899653101867011,2021-06-02 01:24:20,"내 인생의 깨어있는 날마다 당신을 보니 기분이 너무 좋아요. 김민정, 사랑한다는 말 절대 지겨워하지 않을게. 

- #윈터버블 #겨울이버블 https://t.co/R3XbTvQzmO"
1425,1399890342724325377,2021-06-02 00:47:21,"우리민정이 진짜 주위 사람들에게 사랑만 받고 살아온 거 같아
앞으론 민정이가 모르는 사람들까지 모두 다 너를 사랑하게 될 거얏..♡ 
사랑해 민정아 #겨울이버블"
1426,1399869670031708160,2021-06-01 23:25:12,"#겨울이버블 #윈터버블
결혼하자고안할게
사귀자"
1427,1399865663879933956,2021-06-01 23:09:17,"#겨울이버블
민정아 오늘도 좋은 하루 보내! 🌊💙"
1429,1399796964082872322,2021-06-01 18:36:17,#겨울이버블 자면 잘자공 아니면 얼른 자길 바라... 자기싫음말고..
1433,1399771268212166663,2021-06-01 16:54:11,"#겨울이버블 
밍정아 오늘도 수고했어💛
옷 너무 잘어울려.. 핏도 최고 https://t.co/D6Dl0C5Q1a"
1435,1399763533928157188,2021-06-01 16:23:27,#겨울이버블 민정아 오늘도 너가 꼭꼭 행복했으면 좋겠어 많이 좋아해 내 첫 번째야💚
1437,1399752400202649602,2021-06-01 15:39:13,#겨울이버블 민정아~!💛 오늘 하루는 어땠어? 난 오랜만에 민정이 한테 편지도 썼어. 예전에 편지 보니까 버블이랑 브이앱이랑 팬싸 꼭 했으면 좋겠다고 썼었는데 오늘은 다 이룬 상태로 편지를 쓰는게 신기했어✨ 그리고 버블로 오늘 사진 세개 보내준거 너무 맘에 들어ㅋㅋㅋ 잘자구 푹쉬어 사랑해🌼 https://t.co/wXMvtzzQBz
1438,1399749538777235459,2021-06-01 15:27:50,"나의 평화의 원천, 오늘 고마워! 나는 너 때문에 오늘 정말 행복했어. 나는 너를 많이 사랑해, 항상 행복하고 건강해! 나는 항상 너의 성공을 응원할 거야 🥺  #겨울이버블"
1439,1399746578542325763,2021-06-01 15:16:05,"Good night my baby deul 
잘자 우리 애기들 
오늘 수고했어 💙🌙🌟🦋

#유지민은봐라
#지구젤리버블 
#겨울이버블 
#닝닝이에게

@aespa_official https://t.co/3miZcxlK6p"
1440,1399744495114080257,2021-06-01 15:07:48,"#겨울이버블
민정아사랑해...
오늘너무재밋엇어
민정이최고♡"
1441,1399742862250569731,2021-06-01 15:01:18,#겨울이버블 윈터야 오늘 하루도 수고했옹
1442,1399742802263613441,2021-06-01 15:01:04,"아니 아까 해시태그틀림 아놔
민정이랑 지민이랑 10일 됐다거 자랑할라구 캡해놨지 #유지민은봐라 #겨울이버블 이쁘니들아 우리 365일 될때까지 만나😍 https://t.co/tppOy2FBD3"
1443,1399737268387024897,2021-06-01 14:39:05,#겨울이버블 민정아 오늘 역대급으로 재밌었다 ㅋㅋㅋㅋㅋ 오늘도 수고했어👍 대유잼 그룹 에스파
1444,1399736893407780868,2021-06-01 14:37:35,#겨울이버블 민정아 우리 소개팅해…ㅋㅋㅋㅋㅋㅋㅋㅋㅋㅋㅋㅋㅋㅋ https://t.co/YW8CqrFgLr
1445,1399734716291457030,2021-06-01 14:28:56,"#겨울이버블
민정아 오늘ㅋㅋㅋㅋㅋㅋㅋㅋ아 웃겨 너무 재밌었어~ 언니는 피곤해서 먼저 잘게...오늘도 수고했어 덕분에 자기전에 힐링 배터지게 하고 잔다 ◠◠ 사랑해💗"
1446,1399734298735828998,2021-06-01 14:27:17,"#겨울이버블
진짜 미안한데 니 너무 귀엽다 아나 아냐고 ㅜㅜ https://t.co/y6aa8UQvTz"
1448,1399712896334983170,2021-06-01 13:02:14,"#겨울이버블
아니ㅋㅋㅋㅋ 손 깨무는 사진 백펄센트 카리나가 또 턱 긁어주려던거 물어버린거지???ㅋㅋㅋㅋㅋ"
1457,1399674470986510340,2021-06-01 10:29:33,"210530 에스파 영통팬싸

왜케 귀엽게 머리를 넘겨🥺

#에스파 #윈터 #겨울이버블 https://t.co/bPWyjTg9XZ"
1459,1399671686975213574,2021-06-01 10:18:29,"#유지민은봐라 #겨울이버블 #닝깅이에게 #지구젤리버블
멜론 24힛 4위 축하해~🎉 🎉 
쭉쭉 더 올라가자 짱스파 슈스파"
1473,1399630348820959237,2021-06-01 07:34:13,"자신감을 가지세요. 당신의 좋은 각도가 어디인지 아십시오. 카메라 앞에서 예쁘고 멋진합니다. 정상적인 셀카를 찍으십시오. 우리에게도 좋은 셀카를 줘, 내 사랑. 단지 우리에게 다른 회원들과 사진을 제공하지 않습니다. 아니면 미친 그림.  #겨울이버블 #윈터버블"
1474,1399629128605704194,2021-06-01 07:29:22,당신이 셀카를 복용에 대한 자신감이없는 같은 느낌. 나는 당신이 자신감을 얻길 바랍니다. 당신은 너무 예쁘다!! 난 그냥 당신이 알고 싶어요. #겨울이버블 #윈터버블
1475,1399628442467901440,2021-06-01 07:26:39,버블 구독하고 첫 버블인데 지민정...사랑해...🤍🤍 #겨울이버블 #윈터버블
1479,1399617324622123009,2021-06-01 06:42:28,#겨울이버블 윈터야ㅠㅠㅠ
1504,1399589040509251585,2021-06-01 04:50:05,"#겨울이버블 강아지냐는 말 밖에 할 수 없었어.. 
한 시간이 지났는데도 아직 정신 안차려짐..ㅋㅋㅋ https://t.co/shQBVTU3YJ"
1521,1399583015915995137,2021-06-01 04:26:08,4500원으로 행복을 살 수 있는 방법 #겨울이버블
1535,1399581186502975489,2021-06-01 04:18:52,"#윈터버블 #겨울이버블 언니야 ,, 사진 넘넘 이뿐데 화질이 쪼매 깨져용 ,, 저만그런가여,."
1537,1399581092433121281,2021-06-01 04:18:30,#겨울이버블 #윈터버블 이날대박.. https://t.co/5nUQ15UZYS
1541,1399580596939067392,2021-06-01 04:16:31,"#윈터버블 #겨울이버블
쩡.. 나 너무 당황스러워서 답장 세번을 오초만에 다 써버렸어 한번만 더 와주라.. https://t.co/ajroJnnZGP"
1543,1399579471179517952,2021-06-01 04:12:03,아기말랑말랑강아지어쩌구저쩌구 #겨울이버블 https://t.co/6X3V1qv0cR
1546,1399578307646029826,2021-06-01 04:07:26,"우리 강아지 잘물어요.. 이갈이중이에요..
#이거윈터 #겨울이버블 https://t.co/f7nFZwAiaK"
1547,1399578305838284805,2021-06-01 04:07:25,"#겨울이버블
민정아 셀카 3장 보내야되는거 잊지마라"
1548,1399578215161602052,2021-06-01 04:07:04,"#겨울이버블
그래서 셀카는 어딨죠?? 저건 지미니랑 강강쥬 사진이잖아 😎"
1549,1399578077332606983,2021-06-01 04:06:31,"#겨울이버블

..야 너는"
1552,1399576936054083586,2021-06-01 04:01:59,#윈터버블 #겨울이버블 민정아 셀카 아니잖아!!! 셀카주세요 언니 찬스 금지🤗
1554,1399576333617799170,2021-06-01 03:59:35,#윈터버블 #겨울이버블 우리집 백구는 사람 물어요⚠️ https://t.co/atwJGxgKng
1556,1399575644539817984,2021-06-01 03:56:51,뭐얌 강아지사진인데? 셀카주세용 #겨울이버블 https://t.co/5r6NZ3xYb6
1557,1399575627762573312,2021-06-01 03:56:47,너 사람 안 문다며 저건……. #겨울이버블 #윈터버블
1558,1399575539342479363,2021-06-01 03:56:26,민정아 니가 강아지니?? #겨울이버블 #윈터버블
1559,1399575452377780233,2021-06-01 03:56:05,"#겨울이버블 
강아지 사진을 언니로 착각해서 보내면 어떠케 ㅋㅋㅋㅋㅋㅋ"
1560,1399575328901668871,2021-06-01 03:55:35,"강아지랑 견주투샷만 3개왔네!!! 민정이 셀카 3장주라!!! 
#겨울이버블"
1561,1399575220805988354,2021-06-01 03:55:10,#겨울이버블 강아지랑 견주투샷만 3개왔네!!! 민정이 셀카 3장주라!!! https://t.co/phNmPyS8XU
1562,1399574974113800193,2021-06-01 03:54:11,"카리나 : “우리 개는 잘 안 무는데 ㅎ ㅎ”

#겨울이버블"
1563,1399574805586735107,2021-06-01 03:53:31,"#겨울이버블 
언니 사진3장 고마워🥺 호옥시나 셀카가 있다면 셀카3장😳"
1564,1399574506662875136,2021-06-01 03:52:19,#겨울이버블 셀카 3장도.. https://t.co/Gj1dcloZX4
1565,1399574411410251779,2021-06-01 03:51:57,"#윈터버블 #겨울이버블
ㅋㅋㅋㅋ강쥐야 ㅜㅜ"
1566,1399574154328698883,2021-06-01 03:50:55,#겨울이버블 ㅎㅎ https://t.co/U3vzUHUjkn
1568,1399573270756659209,2021-06-01 03:47:25,"김민정 강아지가 확실하다는 학계의 정설
 #겨울이버블"
1569,1399573233087651846,2021-06-01 03:47:16,"#겨울이버블
??? : 강아지 아니에요..."
1570,1399573101487091714,2021-06-01 03:46:44,이번에 할머니댁에 새식구 생겼는데 너랑 닮았어 얘는 물지 안 물지 모르겠는데 담에 가서 확인해볼게 #겨울이버블 https://t.co/ABlie2NK6e
1571,1399572908897226755,2021-06-01 03:45:58,나 민정과닝이 사진 기다리게 🥺 #겨울이버블 #윈터베블 https://t.co/P2tUOi6v89
1572,1399572901326594049,2021-06-01 03:45:57,"#윈터버블 #겨울이버블
김민정씨... 결국 본인이 강아지임을 공개해버렸네요.. 끝까지 비밀로 하자고 했을텐데요.... 이왕 공개한 거 사진 더 보냅시다."
1573,1399572879465844740,2021-06-01 03:45:51,"#겨울이버블 무대 위에선 끝장나게 카메라 물고 안 놔줘 놓고 버블로 언니 손가락 무는 강아지 사진 보내는 행위
앞으로도 더 해 줘"
1575,1399572748708376578,2021-06-01 03:45:20,"에스파 남돌 래퍼 언급 자체를 하지마 신인여돌 중에 너네가 남돌 언급 탑일듯
언급하는거 좋아하는 팬 아무도 없음 저번에 언급하고 난리났는데도 느끼는게 없니 제발 생각하고 말해 팬들 다 떨어지기 전에
#에스파 #유지민은봐라 #겨울이버블 #지구젤리버블 #닝깅이에게 #카리나 #윈터 #지젤 #닝닝"
1576,1399572729393647621,2021-06-01 03:45:16,"#겨울이버블
우리집 강아지 물어요...."
1577,1399572722779267077,2021-06-01 03:45:14,널 어쩌면 좋니 #겨울이버블 https://t.co/1gYuVfvpvk
1578,1399572656681197570,2021-06-01 03:44:58,"#겨울이버블 #윈터버블
우리집 강아지 진짜 무네… https://t.co/8fAP5A7fP0"
1579,1399572599403802625,2021-06-01 03:44:45,"#겨울이버블

민정아 그거 맛업숴 빨리 퉤!!해 https://t.co/iI6E4j1bFi"
1580,1399572580294479875,2021-06-01 03:44:40,#겨울이버블 어쩔 수 없는 강아지
1581,1399572551823618049,2021-06-01 03:44:33,#겨울이버블 너 강아지야?
1582,1399572516314566656,2021-06-01 03:44:25,#겨울이버블 #윈터버블 요즘은 강아지가 아이돌을 하나봐..
1583,1399572427080814594,2021-06-01 03:44:04,"#겨울이버블 #윈터버블
갑자기 3개나 와서 두근두근 하고 들어갔는데 역시 센스쟁이 김윈터 &gt;.&lt;❤️❤️❤️❤️❤️"
1585,1399572270331269120,2021-06-01 03:43:26,#겨울이버블 ㅋㅋㅋㅋㅋㅋㅋㅋ아 왜자꾸 손가락무는데ㅠㅠㅠ
1586,1399572069822525443,2021-06-01 03:42:38,#겨울이버블 #윈터버블 김민정 최고야... 말없이와서 이렇게 엄청난 선물을🥺💛 진짜 좋다..😊 점심 맛있는거 많이 먹고 좋은 하루 보내💗
1587,1399572057097064451,2021-06-01 03:42:35,#겨울이버블 민정이 깡아지야?? 역시 그랬군
1589,1399571970157551621,2021-06-01 03:42:15,너무놀라서 사람인 어플켜버렸는데 이게 무슨 일이니 진짜 #겨울이버블
1590,1399571791891243010,2021-06-01 03:41:32,#겨울이버블 갱쥐... 어 그리고 둘이..어?
1593,1399571731866537988,2021-06-01 03:41:18,"#겨울이버블
민정아 너 진짜 강아지야?
왜 자꾸 언니 손을 물어.."
1594,1399571682990297090,2021-06-01 03:41:06,"#겨울이버블 #윈터버블 정정함 ,, 우리 집 백구 물어요…. https://t.co/4KlJrCNGqq"
1595,1399571665235759111,2021-06-01 03:41:02,#카리나버블 #겨울이버블 왜.. 자꾸 지민이를 무니...?
1596,1399571607069237248,2021-06-01 03:40:48,#겨울이버블 그랬구나 ...
1597,1399571593676738560,2021-06-01 03:40:45,"으아아아아아아아아아아아아아아아아아아아아아아아아아!!!!!!!!!!!!!!!!! 아아아아아아아아아아아아아아아!!!!!!!!!!!!!!!!!!!!!!!!! 아!!!!!!!!!!!!!!!!!!!!아아아아아아아아아아아아아아아아아아아아아아아 #겨울이버블
왔다으아아아아아아아아아아아아아아아아아아아아아아아아아!!!!!!!!!!!!!!!"
1598,1399571567655325699,2021-06-01 03:40:39,"#겨울이버블 
얘 진짜 강아지 아니냐"
1599,1399571537741574150,2021-06-01 03:40:32,#겨울이버블 이 강쥐뭐예요…?
1600,1399571524755988482,2021-06-01 03:40:28,#겨울이버블 강아지야...강아지야
1602,1399566427993133060,2021-06-01 03:20:13,#겨울이버블 갓기천사용맹백구무민겨울김민정아기씨 이글을 본다면 볼콕윙크 셀카를 보내줘. 우리는 겨울을 기다린다
1603,1399563288162103302,2021-06-01 03:07:45,#겨울이버블 #윈터버블 민정아 6월에도 열심히 사랑할게💛💛 민정이는 꼭꼭 오월보다 더 행복하기 !
1609,1399548661000916995,2021-06-01 02:09:37,#겨울이버블 태/연선배님 스트레스 #커버요청의건🌟 내가 아는 최고로 멋있고 섹시한데 청량하기까지 한 노래🙈 티저에서 가죽자켓 입은거 보고 겨울이가 you got me smoking cigarettes 지르는거 상상했어... 이건 된다... https://t.co/48LnmKS9g0
1611,1399546680375005187,2021-06-01 02:01:45,"#겨울이버블 
아기강아지햐 잘 잤어? 밥은 먹었구?? 
오늘 날씨 제법 시원하구 좋다 그치 
맛난 거 먹고 싶은 거 잔뜩먹구
오늘도 기분 좋은 하루 보내렴
화이티이이이이잉 😽😽 https://t.co/7DnmEQoWHL"
1612,1399543506918469634,2021-06-01 01:49:08,"에스파 남돌 래퍼 언급 자체를 하지마 
신인여돌 중에 너네가 남돌 언급 탑일듯
언급하는거 좋아하는 팬 아무도 없음 저번에 언급하고 난리났는데도 느끼는게 없니 제발 생각하고 말해 팬들 다 떨어지기 전에
#에스파 #유지민은봐라 #겨울이버블 #지구젤리버블 #닝깅이에게 #카리나 #윈터 #지젤 #닝닝"
1619,1399515540914274307,2021-05-31 23:58:01,#겨울이버블 언니 보고 싶억!! ❤️ https://t.co/ve7Gde3uh7
1625,1399501528981917701,2021-05-31 23:02:20,"#유지민은봐라
#지구젤리버블
#겨울이버블
#닝깅이에게
맨날 나한테 행복만 쥬는 에스파 너무 사랑행
넥레 준비하느라 수고했구 6월에는 더 많이 볼 수 있었으면 좋겟당🥺 에스파가 잇어서ㅜ너무 행복해!!!!! 행복만해라 사랑둥이덜..🥺🖤😍"
1629,1399444834033618947,2021-05-31 19:17:03,"민정이랑 함께해서 5월을 더 알차게 보낸 거 같아😆 정말 순식간에 반년이 지나가버렸네ㅠㅠ 남은 반년도 건강하고 행복하쟈💚 아자아자✊✊
#겨울이버블 https://t.co/VPBVWMDtyR"
1636,1399416194805899268,2021-05-31 17:23:15,"#겨울이버블
민정아 내다.
민정이가 주는 행복 기쁨이 내가 이렇게 받아도 될까 싶어 어떻게 돌려주면 좋을까 사랑해 민정이 덕분에 사랑에 대해 깊이 생각하고 있어 잘자"
1640,1399407111570825218,2021-05-31 16:47:09,#겨울이버블 민둥아 내 6월도 잘 부타캥💜 https://t.co/qkNh8MmWg9
1643,1399403751262220289,2021-05-31 16:33:48,"5월도 수고했어🥰 항상 밥 잘 챙겨먹고 잠 푹 잤으면 좋겠구 건강이 젤 중요하니까 잘 챙기기🥺🥺 
#윈터버블 #겨울이버블 https://t.co/rAwlJRsgLr"
1647,1399396361502556163,2021-05-31 16:04:26,#겨울이버블 민정아 6월에는 더 더 행복하자 🤍
1651,1399388874997059588,2021-05-31 15:34:41,"#유지민은봐라 #지구젤리버블 #겨울이버블 #닝깅이에게 

에스파는 정말 축복이에요, 내 한 해는 벌써 행복한 기억으로 가득 차 있습니다요. 우리 오래오래 함께해요 ♡ https://t.co/YD5FIOJcMM"
1652,1399388860128190471,2021-05-31 15:34:38,"#겨울이버블 #윈터버블 
6월이다 우리강아지💛 작년 11월부터 5월까지 민정이가 있어줘서 일상이 더 특별해진 거 같아 민정이가 더더더 행복했으면 좋겠다 오늘도 많이 보고싶고 사랑해⭐️💛⭐️
노래추천- A sky full of stars_coldplay 민정이랑 잘어울려⭐️ https://t.co/XLM54JIqUe"
1653,1399388605911474181,2021-05-31 15:33:37,"#겨울이버블 
민정아 사랑해(냅다고백하기)"
1658,1399386900578783234,2021-05-31 15:26:51,"#겨울이버블
우리공주 6월도 행복하기~💙 사랑해 쁍"
1659,1399386093171068929,2021-05-31 15:23:38,6월도 사랑해 #겨울이버블 https://t.co/V9rLC7NI8i
1663,1399385163193208834,2021-05-31 15:19:56,6월에도 행복한 일만 가득하길 바라 ❤️ #겨울이버블  https://t.co/9ss5rwAaAz
1665,1399384743079120899,2021-05-31 15:18:16,"민정아 6월에도 좋아해🥰
#겨울이버블 #윈터버블"
1670,1399384487507546112,2021-05-31 15:17:15,#겨울이버블 6월에도 짱사랑해 ♡ https://t.co/wZ3dxOGqMR
1671,1399384110347345928,2021-05-31 15:15:45,#윈터버블 #겨울이버블 마 김민정이! 벌써 6월이다 6월! 한 해의 반이나 왔다 아이가!!! 이번 달도 내 끝내주게 사랑할게 알긋나!! 너는 아프지만 말고 밥 잘 챙겨무라!! 알긋나!!!!!! 사랑한데이!!! 사랑한데이 김민정!!!! https://t.co/e3yxDUr15Q
1672,1399383615214002177,2021-05-31 15:13:47,"#겨울이버블

고마워 사랑해 보고싶어 자기야❤️"
1673,1399383421369999362,2021-05-31 15:13:01,"#겨울이버블
민정아!! 벌써 6월이야🥺 5월 재밌게 잘 보냈는지 모르겠네 직접 만나서 응원해주고싶은데 ㅠㅠ 항상 너무 아쉽다 민정아 6월에도 잘부탁해 ◠◠ !!
오늘하루도 수고했어
세상에서 제일 좋은 꿈 꿔💝"
1674,1399382975649779712,2021-05-31 15:11:15,"#겨울이버블 #윈터버블
벌써 육월이다.. 매일 그렇듯
어제도 오늘도 내일도 사랑해"
1675,1399382868195823616,2021-05-31 15:10:49,"#겨울이버블 #윈터버블
민정아 5월도 수고 많았어 6월은 더 행복하자 너무 사랑해💛🥰"
1676,1399382688859975680,2021-05-31 15:10:06,"강아지 어디 있니? 🐶🐾

 #겨울이버블"
1677,1399382309019684864,2021-05-31 15:08:36,"#누구보다_빠른_6월_최애선점
#겨울이버블 
민정아 6월도 잘부탁해~~!! https://t.co/wE3vf2yodi"
1678,1399382182456553476,2021-05-31 15:08:06,#겨울이버블 민정아🥺
1679,1399380567024492547,2021-05-31 15:01:41,"#겨울이버블
6월에도 행복하게 🤍 https://t.co/KyHz0NT2aR"
1680,1399380545147084804,2021-05-31 15:01:35,#겨울이버블 6월도 많이 좋아해 사랑해 민정아💚 https://t.co/PFNnLfkUQl
1681,1399380320466575364,2021-05-31 15:00:42,#겨울이버블 6월도 잘부탁햐😍
1685,1399370507200339972,2021-05-31 14:21:42,"나는 내일 당신의 옷을 기대하고 있습니다, 내 사랑 🥰 다시 가죽 재킷으로 당신을 볼 수 있기를 바랍니다 🥺🥺#겨울이버블 #윈터버블"
1691,1399359747891990533,2021-05-31 13:38:57,"민정아 널 보면,, 이 짤이 떠올라 #겨울이버블 #윈터버블 https://t.co/gzcXWVVLTJ"
1693,1399356880883879942,2021-05-31 13:27:33,#겨울이버블 김민뎡 오늘도 살앙훼 https://t.co/C50Ij30wMN
1694,1399356576444522505,2021-05-31 13:26:21,"민정이~~~
셀카 어디서??? ㅠㅠ #윈터버블 #겨울이버블 https://t.co/kWszqkXJVG"
1698,1399354792082755585,2021-05-31 13:19:15,"겨울 어디야? 보고싶어 겨울아 😭

#윈터버블 #겨울이버블"
1723,1399343043799502851,2021-05-31 12:32:34,ㅋㅋㅋㅋㅋㅋ #겨울이버블 https://t.co/UQTFzyWg89
1724,1399338119363584003,2021-05-31 12:13:00,"겨울아, 어디야? 셀카 어딨어? 🥺 -  #윈터버블 #겨울이버블"
1729,1399333743790153735,2021-05-31 11:55:37,"귀여운 강아지 한 장 풀고 저는 하건갈게용
#에스파 #윈터 #겨울이버블 https://t.co/zqK927Qj9N"
1742,1399322610840735744,2021-05-31 11:11:23,"단체인사하는데 혼자 손 흔들어서 재빨리 따라가는 윈깅ㅋㅋㅋㅋㅋㅋㅋㅋ
#에스파 #윈터 #겨울이버블 https://t.co/cjFysAYYlz"
1748,1399303794161111047,2021-05-31 09:56:36,"#겨울이버블
민정아 밥은 맛있는거 먹었니🥺
족발마냥 맛있는거 먹고 쑥쑥 커야대ㅠㅠ"
1749,1399297859330080768,2021-05-31 09:33:02,"이 사실을 알려 드리고 싶습니다. 사람들은 무대에서 얼굴 표정이 부족하기 때문에 당신에게 비열한 말을하고 있습니다. 어쩌면 얼굴 표정을 추가하려고? 제발 개선하십시오.

#겨울이버블 #윈터버블"
1750,1399292851175886852,2021-05-31 09:13:07,"귀하의 뺨은 너무 뚱뚱해입니다. 제안이 있습니다. 나는 당신을 정말로 사랑합니다. 그러나 당신의 얼굴을 날씬하게하기 위해 얼굴 운동을 시도해보십시오. 당신은 더 아름답게 보일 것입니다, 내 사랑. 맹세합니다.  불쾌하게 들리지 않았 으면 좋겠어요 😅 사랑 해요, 민정.

#겨울이버블 #윈터버블 https://t.co/AX9HiEj6V7"
1751,1399292696741568517,2021-05-31 09:12:31,"쩡이 잊은거 없어 ........... ?? 🥺🥺
#겨울이버블 https://t.co/oHQp238bSc"
1753,1399267037675868164,2021-05-31 07:30:33,"민정아아아 나셀카3장 꼼짝안하고 기다린닥!!!!!
#겨울이버블 #윈터버블 https://t.co/gkuadw3odi"
1756,1399249245060825090,2021-05-31 06:19:51,"미스 김, 네가 귀여운 거 알아. 하지만 제발, 우리는 셀카가 필요해요. 이제 부탁할게 😭😭😭 

#윈터버블 #겨울이버블 https://t.co/QsRd6KPBsG"
1761,1399222660542865412,2021-05-31 04:34:13,#겨울이버블 민정아 맛점😉 https://t.co/o2Pfvo7Du5
1762,1399222406229544961,2021-05-31 04:33:12,"오늘도 좋은 하루 보내세요 우리 겨울이 🙆‍♀️
#겨울이버블 
#윈터버블"
1764,1399219423722934277,2021-05-31 04:21:21,"좋은 아침이에요, 겨울. 약속하신 셀카는 어디에 있나요? 🥺 - #윈터버블 #겨울이버블 https://t.co/qyTG3GcmCO"
1772,1399195503380688896,2021-05-31 02:46:18,"#겨울이버블
민정아 맛점해 🙌🏻"
1773,1399195290473693184,2021-05-31 02:45:27,#겨울이버블 민정이 오늘도 좋은 하루 보내 😍 모닝송!!…🤤 https://t.co/pkcNYt1xlf
1778,1399168653254299649,2021-05-31 00:59:36,"#겨울이버블
민정아 셀카 3장 기다릴게 ◠◠"
1780,1399165226335936516,2021-05-31 00:45:59,"#겨울이버블
월요일.. 민정이보고 버티기🤍"
1786,1399157223931015176,2021-05-31 00:14:11,"언니 셀카3장 어디쯤?!?! 오고있죠??? 
#겨울이버블 https://t.co/GNK3YaaOMk"
1787,1399153905510981636,2021-05-31 00:01:00,"#겨울이버블
바디로션정보좀요💖"
1788,1399152027482030082,2021-05-30 23:53:32,#겨울이버블 민정아 오늘도 조은하루보내🥰
1790,1399147439936860164,2021-05-30 23:35:19,"안녕하세요, 민정씨. 셀카들 빨리 보고싶어요 ☺ㅠ

#윈터버블 #겨울이버블 https://t.co/AiBO5ziBAz"
1791,1399145392067944449,2021-05-30 23:27:10,"#겨울이버블
민정아 월요일 화이팅...이겨내자 아자아자"
1792,1399132382674841604,2021-05-30 22:35:29,"민정잉 오늘도 좋은 하루 보내세요 🤍
#겨울이버블 #윈터버블"
1802,1399042258398113792,2021-05-30 16:37:22,"우리강아지 못하는게 뭘까 매일매일 감탄그자체 ;; 우쭈쭈 사랑해 잘자잉⛄️
#겨울이버블"
1806,1399035344679411720,2021-05-30 16:09:53,#겨울이버블 민정아 나 천둥번개 무서워ㅠㅠ
1807,1399034987081461764,2021-05-30 16:08:28,#겨울이버블 쩡이 오늘도 고생했어 잘 자고... 🥰🐶
1809,1399034745447612419,2021-05-30 16:07:30,"잘자요 우리 민정이 내일 셀카 보내기 잊지말고 
사랑해

#겨울이버블
#윈터버블"
1812,1399026997339242497,2021-05-30 15:36:43,에스파 사랑해. #지구젤리버블 🌙  #유지민은봐라 ❤️ #닝깅이에게 🦋 #겨울이버블 ⭐ https://t.co/amosq3Sydp
1817,1399024246303559684,2021-05-30 15:25:47,"#겨울이버블
겨울아 내가 진짜 존뇌 사랑한다. 널 사랑하는 마음을 내가 번개맞는 거로 보여줘도 될까? 헉 ॱଳ͘ 아냐..너가 놀라는 건 나도 싫으니까 걍 나만 맞을게 그러고 싶어. 오늘 니가 웅..너무나도 사랑스러워서..이렇게 과격해졌어.."
1819,1399023080345784322,2021-05-30 15:21:09,"#겨울이버블 
민둥~ 오늘도 고생많았어 무대하랴 팬싸하랴 몸이 남아나질 않겄네~ 보고싶구 오늘도 최고멋진용맹백구셨어요 아이돌 해줘서 고마워 에스파 해줘서 너무 고마워💛 잘 자구 좋은 꿈 꿔 https://t.co/5UirjBVrNv"
1820,1399021453975056395,2021-05-30 15:14:41,하 오늘도 힘들었다 날씨 좋다가 갑자기 번둥천개 치질 않나 ;; 서울도 그렇던데 오늘도 고생했고 한주 시작하는 월요일도 파이팅 공주야 #겨울이버블
1822,1399020592376942603,2021-05-30 15:11:16,#겨울이버블 내 명창베이비 귀깜공 민정아 오늘 너무 귀엽더라 나 민정이 목소리가 너무 좋아 유어스부터 꾸준하게 민정이 목소리에 매일매일 반하는중 민정이 솔로 존버중이야 비긴어게인 귀달려있으면 민정이 데려가 내 딸 노래 너무 잘해ㅜ
1826,1399017842662461441,2021-05-30 15:00:20,"♡ 사랑한다 많이 ♡
#유지민은봐라
#지구젤리버블
#겨울이버블
#닝깅이에게 https://t.co/RmJCjARPKr"
1832,1399014626352779266,2021-05-30 14:47:34,#겨울이버블 #윈터버블 팬싸천재 김민정.. 너 머야? 이렇게 하면 케이팝 정복 밖에 못해.. 매번 팬들이 불러달라는 노래 망설임없이 불러주는 김민정 보고 오늘도 사랑에 빠졌어..🥺 무대는 또 왜 이렇게 잘해? 오늘 완전 용맹 백구였어😭 오늘 하루도 넘 수고많았어 우리 민정이 내일도 파이팅 🥰🥰
1843,1399011928530296833,2021-05-30 14:36:50,"#유지민은봐라
#지구젤리버블
#겨울이버블
#닝깅이에게
사랑둥공주들아 오늘두 수고햇고 꿀잠자랏..🖤 글구 족발은 맛잇게머것니~~ 우리 진짜 족발 광고 함찍어야하지않겟니ㅣ.."
1934,1399003619928600579,2021-05-30 14:03:49,"제가 보 낸거 보이시죠..? 보고도 입꾹꾹랑 눈치 보면서 바위 내주는 윈깅.. 어떻게 안사랑해❤️
#에스파 #윈터 #겨울이버블 https://t.co/gJ7X6gYz3d"
1935,1399002877088079872,2021-05-30 14:00:52,애긔 잘 자 😚 #겨울이버블 https://t.co/6iEzCvUFME
1940,1399000300665507841,2021-05-30 13:50:38,"#겨울이버블
토끼강아지야사랑해..♡
오늘도 수고했어 민정이😢😢😍"
1941,1398999163229007875,2021-05-30 13:46:07,"#유지민은봐라 #겨울이버블 #지구젤리버블 #닝깅이에게 
다들 정말 수고했어 푹 쉬엉😚 https://t.co/NDMhdOA09g"
1963,1398994971940716548,2021-05-30 13:29:28,#겨울이버블 민둥아 난 너 목소리가 정말 좋아....그리고 울민둥이 노래부를때 표정이랑 눈빛이 진짜 예뻐...ㅠ 눈이 완전 초롱초롱 반짝반짝....노래를 좋아하는 민정아 앞으로도 오래오래 노래해줘🥰 자기가 좋아하는걸 하는 민정이 넘 사랑스럽고 거기에 잘하기까지 해서 짱 멋있지ㅠ 최고야 너가👍🏻
1974,1398993645403992071,2021-05-30 13:24:11,#겨울이버블 딘-인스타그램 완곡 존중하게 버틸래ㅠㅠㅠㅠㅠㅠ 끄앙 너무 좋다 https://t.co/SCs8MgSOzg
2017,1398991348066185217,2021-05-30 13:15:04,#윈터버블 #겨울이버블 민정아 족발야시장 불족발에 해물파전에 막국수 걍 극락
2081,1398989601939755012,2021-05-30 13:08:07,"일부러 져주고는 3장 풀어준다는 윈깅😭
#에스파 #윈터 #겨울이버블 https://t.co/yFLInyqYPz"
2091,1398987509569187840,2021-05-30 12:59:48,"#겨울이버블 

민정아 왜 여깄어 !!!!!! https://t.co/CTKJlj7lyJ"
2092,1398987450358255620,2021-05-30 12:59:34,"#윈터버블 #겨울이버블
민정아 제발 알려줘 https://t.co/dbiib20VJQ"
2143,1398982232795013121,2021-05-30 12:38:50,"윈터-비밀의 화원
#에스파 #윈터 #겨울이버블 https://t.co/Kd60IertOd"
2146,1398974627154599936,2021-05-30 12:08:37,"민정이가 쓴다는거 이건가?
버블로 알려주면 당장 손민수할게 민정아
 #겨울이버블 https://t.co/JTBChv1Za1 https://t.co/cwe45bTcO7"
2149,1398968126335700995,2021-05-30 11:42:47,"우리 이제 버블 해시 다 만들어졌당!!!!
#유지민은봐라 
#겨울이버블 
#닝깅이에게 
#지구젤리버블"
2151,1398959443836952584,2021-05-30 11:08:17,#겨울이버블 민정이가다만세를불러줫으면하는모임..
2152,1398952120422858752,2021-05-30 10:39:11,"아, 그리고 한 가지 더. 나도 당신의 얼굴 표정을 사랑 해요! 당신은 정말로 향상됩니다. #윈터버블 #겨울이버블"
2153,1398951120135876611,2021-05-30 10:35:12,"#유지민은봐라
#겨울이버블
#닝깅이에게
#지구젤리버블 

에스파 편지 해시태그 완성 !
해시태그랑 예쁜 말들 많이 남겨주세요 ♥♡ https://t.co/skdZ6v3QXm"
2155,1398949440451354624,2021-05-30 10:28:32,오늘 당신의 짧은 머리는 당신에게 아주 잘 어울립니다. 그런 종류의 길이가 당신에게 적합합니다. 그리고 금발 머리에 검은 머리가 정말 잘 섞 였어요. 나는 그것을 좋아한다. 앞머리를 추가하지 마십시오.  #윈터버블 #겨울이버블 https://t.co/IyMQ95Q8kQ
2156,1398948150539259906,2021-05-30 10:23:24,"너 오늘 멋있어 보여! 모든 것이 완벽했습니다. 당신의 무대 존재감, 아우라, 카리스마, 당신의 에너지를 사랑합니다. 잘 했어! 그것을 유지! #윈터버블 #겨울이버블"
2157,1398947629782892544,2021-05-30 10:21:20,이런! 미스 닝닝 좀 봐! 그녀는 너무 멋진 보인다. 저도 이렇게 사진 찍어주세요! #겨울이버블 #윈터버블 https://t.co/0bj30aGjYt
2158,1398941395847503876,2021-05-30 09:56:34,"#겨울이버블

음성으로 들어주시술 ... 🥺 https://t.co/7dfw6w9a2R"
2159,1398936433629360131,2021-05-30 09:36:51,"#유지민은봐라
#겨울이버블
맛저해 💙💛😋 https://t.co/WeJf2hUt49"
2161,1398929752270852107,2021-05-30 09:10:18,어.. 담번엔 일위가자 #겨울이버블
2162,1398927421164822530,2021-05-30 09:01:02,#겨울이버블 너 진짜 왜 이런 건지 해명해 주라 https://t.co/bvMtJMkB8Q
2163,1398926336572284929,2021-05-30 08:56:44,"#겨울이버블
윙크 해명해ㅠ"
2164,1398923944426573831,2021-05-30 08:47:13,"김윙크 너.무.해 💥
#겨울이버블 https://t.co/tjVGfM7SRS"
2165,1398923399896854542,2021-05-30 08:45:03,[속보] 김민정 윙크 때문에 자택에서 숨쉰 채 발견 #겨울이버블 https://t.co/r5JS2wi57y
2166,1398923114289922058,2021-05-30 08:43:55,#겨울이버블 이거 뭐야? https://t.co/bKPoiwe3Vw
2167,1398921486258167815,2021-05-30 08:37:27,"#겨울이버블 #윈터버블
민정아 오늘두 짱이엇어 너무너무 사랑해 
우리 민정잉 오래 함께하자 🤍🤍"
2168,1398921008069836805,2021-05-30 08:35:33,You did well today! MYs will work hard too. 사랑해용 💛 #겨울이버블
2169,1398920948863037442,2021-05-30 08:35:19,"오늘 하루 수고 많으셨습니다. 우리에게 당신은 항상 우리의 일인자가 될 것입니다. 푹 쉬고 곧 만나요. 사랑해요! 💙🌙⭐🦋

#유지민은봐라 #지젤버블 #겨울이버블 #닝깅이에게 https://t.co/uIwlEBqYsw"
2170,1398919295619395585,2021-05-30 08:28:45,"무슨 일이 있어도 당신은 항상 우리의 승자가 될 것입니다.  잘 했어, 사랑.  축하합니다! ❤️⭐️🌙🦋

#겨울이버블
#유지민은봐라
#닝깅이에게
#지젤버블 https://t.co/u7hEoq2TqV"
2172,1398918114083971072,2021-05-30 08:24:03,내다. #겨울이버블
2173,1398917633630642181,2021-05-30 08:22:09,"You did well today! 축하합니다! ❤️⭐️🌙🦋

#겨울이버블
#유지민은봐라
#닝깅이에게
#지젤버블
. https://t.co/i6SG83YpyH"
2174,1398910887956647941,2021-05-30 07:55:20,"You did well today! 축하합니다! ❤️⭐️🌙🦋

#겨울이버블
#유지민은봐라
#닝깅이에게
#지젤버블 https://t.co/La4JXF9F8G"
2175,1398905564948668417,2021-05-30 07:34:11,#겨울이버블 민정아 오늘 무대 찢었다ㅠㅠ
2177,1398858884811345925,2021-05-30 04:28:42,"나중에 최선을 다하세요 알 겠지요? 행운을 빌어 요! 당신의 카리스마, 무대 존재감, 태도를 보여주세요. 무대에서 최고의 에너지. 그들이 당신에 대해 틀렸다는 것을 보여주세요.

좋은 사진을 찍는 것을 잊지 마세요! 잡지에 나온 것처럼 셀카를 찍어주세요.

#겨울이버블 #윈터버블"
2178,1398856618909962240,2021-05-30 04:19:42,"김민정, 당신은 최고야! 최고의 소녀! 당신은 모든 면에서 놀랍습니다! 당신을 사랑해요! 🤩 #겨울이버블"
2183,1398816746291662858,2021-05-30 01:41:15,#겨울이버블 쩡아 오늘 핫팅
2186,1398755067050799109,2021-05-29 21:36:10,"좋은 아침과 함께 🥺 좋은 하루 되세요,나는 당신이 여자를 사랑 💞

  #겨울이버블  #닝깅이에게 #유지민은봐라 #지젤버블 https://t.co/S6AYfBQSed"
2188,1398709653693894657,2021-05-29 18:35:42,"#겨울이버블 
보고싶"
2189,1398700877800558592,2021-05-29 18:00:50,"#겨울이버블
겨우리언니 잘 자구
오늘도 화이티잉..—̳͟͞͞♡
진차 넘넘넘너무넘뮤
보고싶따 🥺🥺🥺🥺🤍"
2191,1398673569400311811,2021-05-29 16:12:19,"#겨울이버블
민정아!!! 오늘 하루도 잘 지냈지?🥺🥺
오늘도 좋은 꿈 꿔 〰️💖
내일 인기가요 화이팅!!!!!! 보고싶어 ( ᵕ̩̩ ᵕ̩̩ )"
2192,1398671906258051077,2021-05-29 16:05:43,언니들 잘했어요 🥺🥺🥺 #유지민은봐라 #지젤버블 #겨울이버블 #닝닝버블
2193,1398671286931394570,2021-05-29 16:03:15,자니? 🥺 #유지민은봐라 #지젤버블 #겨울이버블 #닝닝버블
2194,1398658327597383680,2021-05-29 15:11:45,"너무 사랑하는 우리 공주 잘 자!
 #겨울이버블"
2195,1398655381946044418,2021-05-29 15:00:03,#겨울이버블 오늘도 너무 사랑해 김민정!!!!!!
2196,1398651738777784320,2021-05-29 14:45:34,잘자 내 아기들~~~ #닝깅이에게 #유지민은봐라 #겨울이버블 #지젤버블
2197,1398647617102368769,2021-05-29 14:29:12,밤에 한강 갔더니 날씨 선선하구 넘 좋더라🤓💛 #겨울이버블 https://t.co/NAWxO7rDy1
2200,1398630881808457731,2021-05-29 13:22:42,"시간도 다르게 보냈는데 읽고 가는 겨울이 ,,  #겨울이버블 https://t.co/KLycXESEZe"
2201,1398625172232437766,2021-05-29 13:00:00,이거 진짜 이런 거 처음이고 뭔가 일기에로 기록하는 느낌으로 적는 건데 ;; 이런 걸 하는 내가 신기하네 암튼 요즘 날씨 오락가락하는데 따뜻하게 챙겨 입고 다니기 오늘도 파이팅 #겨울이버블
2203,1398608297456922625,2021-05-29 11:52:57,#겨울이버블 따봉해주는 멤버들도 귀엽고 거기에 웃는 민정이도 귀엽고  😍 https://t.co/R6yhfcJrLc
2206,1398572666450153472,2021-05-29 09:31:22,김민정 춤 너무 쫀득하게 찰지게 잘춰...너 왤케 잘하니? 노래도 완전 쫀득하게 부르면서.......너가 너무 잘해서 내가 미쳐 #겨울이버블
2207,1398554584084193289,2021-05-29 08:19:31,#겨울이버블 #윈터버블 민정이 좋아하는 비 오니까~ 노래 추천해줄게!! https://t.co/2pGLX9204Q
2208,1398547861466460163,2021-05-29 07:52:48,"내 튀긴 계란는 어때 민정아?? 
#겨울이버블 #윈터버블 https://t.co/MdNH35rMwR"
2209,1398544454680674306,2021-05-29 07:39:16,"#겨울이버블 #유지민은봐라
맛저 ~! 지민정아 🐱🐶💙💚 https://t.co/RdmXeCVeYE"
2210,1398534309338775556,2021-05-29 06:58:57,#겨울이버블  민정ㅇ아 황금콩밭에서 콩국수 먹어바 미쉐린맛집인데 존맛이야😎 https://t.co/z0A04OODvW
