11,1401453380300464129,2021-06-06 08:18:18,"#정우버블 #정블리 
내 티키타카도 봐주세 https://t.co/fY3dN6W6Zx"
36,1401447051934658564,2021-06-06 07:53:09,"장애인 인권을 지켜주세요. 제 메인 트윗과 제 트윗들을 봐주시면 감사하겠습니다. 실트 빌리겠습니다.
디저트39
인어 세계관
인기가요
체력남고 시간남아
#정우버블
#이_해시를_보면_무조건_프사캐입
아파트 욕조안
#이_트친_탐둬하는_이유
분홍돌고래
멘션짱친
인간과 사랑
북극바다
검은 금붕어"
56,1401439320230096901,2021-06-06 07:22:26,"엔시티 포카 양도
준미포

반택 0.16
준등기 0.18

nct dream 127 웨이션브이 wayv wts 스쿨키트 태용 태일 쟈니 유타 쇼타로 성찬 제노 재민 런쥔 천러 마크 해찬 지성  윈윈 루카스 샤오쥔 쿤 텐 양양 정우 재현 도영 엑소 첸 위시카드 시그 포토팩 슈퍼엠 맛 카페 킥백 어웨이큰 #정우버블 https://t.co/ai8049yOiE"
72,1401436008713920518,2021-06-06 07:09:16,"엔시티 드림 웨이션브이 슈퍼엠 백현 카이 태민 첸 
개봉 앨범 양도
포카❌ 

반택 0.16~ 
일반택배 0.3~

nct dream superm wayv wts kai taemin chen baekhyun 태용 제노 재민 런쥔 천러 마크 해찬 지성 카이 태민 백현 첸 윈윈 루카스 샤오쥔 쿤 텐 양양 정우 재현 도영 태일 쟈니 유타 #정우버블 https://t.co/UnoB6zTsdC"
86,1401433447353098240,2021-06-06 06:59:05,"#정우버블 #정블리 

오억만년만의 티키타카 공유합니다... https://t.co/br7PC7e0xP"
88,1401433132667080704,2021-06-06 06:57:50,"#정우버블
김정우...1시간동안 버블에서 놀아주면 내가 반해 안 반해.... 어!?!?!?!?!?!?!?"
96,1401432578465304576,2021-06-06 06:55:38,아직도 우는 중...  #정우버블 #정블리 https://t.co/bCRKdcQ3yw
105,1401431112770064386,2021-06-06 06:49:49,"좋은 하루 보내 정우야, 와줘서 고마워🤍🧚‍♀️
사랑해 #정블리 #정우버블 #정우"
117,1401428399512440834,2021-06-06 06:39:02,"#정우버블
존나효자 극락"
118,1401428392407289856,2021-06-06 06:39:00,"#정우버블 #정블리 
늦었지만 정우 사랑하는 삶,, 많이 행복하다 ♡"
119,1401428340444078081,2021-06-06 06:38:48,"#정우버블 #정블리
이런앙큼퐉스야"
123,1401427627940925449,2021-06-06 06:35:58,"#정우버블 #정블리 내가 가장 좋아하는 상사가 다른 지점으로 이사를 가는데 슬프다...ㅜㅜ 내가 막 일을 시작했을 때, 그는 항상 내가 무엇을 하고 있는지 확인해주었고, 그는 많은 방법으로 나를 도와주었다. 그가 움직이면 난 정말 슬플 거야ㅜㅜㅜㅜ"
125,1401426730456285188,2021-06-06 06:32:24,"아구이뻐

#정우버블 #정블리 https://t.co/JoIcvUHfCM"
126,1401426595596816385,2021-06-06 06:31:52,"#정블리 #정우버블 
와줘서 고마워💚
비록 잔다고 놓쳤지만ㅜㅜ
사랑해 김정우 https://t.co/N9SWPbvUmW"
128,1401426308203048962,2021-06-06 06:30:43,"좋은 주말 보내세요, 정우. 맛있는 음식을 많이 먹어! 어쨌든 넌 너무 예뻐 &lt;333😻 #정블리 #정우버블"
135,1401423235665694720,2021-06-06 06:18:31,"정우가 와준 덕분에 
그냥 알바하는 평범한 
주말일 뿐이었는데
너무 행복한 주말이 되었어 
오늘 버블와줘서 너무 고마워
#정블리 #정우버블"
136,1401423166405169155,2021-06-06 06:18:14,진짜로 너 큐트…. 김앙큼정우 사랑해… #정블리 #정우버블 https://t.co/rKjsElQkdc
139,1401422796291403780,2021-06-06 06:16:46,"#정블리 #정우버블 
알바 때문에 이제 봣ㅅ오ㅠㅠㅠㅠㅠㅠㅠㅠㅠㅠㅠㅠㅠㅠㅠㅠㅠㅠㅠㅠㅠㅠㅠㅠㅠㅠㅠㅠㅠㅠㅠㅠㅠ 울 왕ㅇ자ㅜㅠㅠㅠㅠㅠㅠㅠㅠㅠㅠㅠㅠ"
142,1401422575536730116,2021-06-06 06:15:53,"#정블리 #정우버블 #Jungwoo
jungwoo always mentions a lot of food in his 💭 and that makes me hungry all the time☠️오늘은 마라탕//불고기//짜파게티
정우도 주말 즐거운 시간 보내요~ https://t.co/fsYRV6sjpD"
144,1401422245726064641,2021-06-06 06:14:35,"#정우버블 
마이크 미친메친미친 https://t.co/XNZWztUR9P"
148,1401421525035618313,2021-06-06 06:11:43,#정블리 #정우버블 한시간 뒷북이긴 한데 얼굴공격..하..나 죽엇 말투가 진짜..눈물난다..
149,1401421436758028292,2021-06-06 06:11:22,"마지막 인사도 읽고 갔네ㅠ 정우 진짜 다정한 사랑둥이야ㅠ 
#정블리 #정우버블"
151,1401421279396188165,2021-06-06 06:10:44,"오늘 정힐링했다ㅜ 챙겨줘서 고마워 정우야 💚 너도 주말 잘 보내고 밥많이먹고, 매일 매일 푹쉬어~ 항상 응원할게 알겠징ㅋㅋㅋ 사랑해 💚💚💚💚💚 
#정블리 #정우버블 https://t.co/vxlCnI6fce"
153,1401420859655393283,2021-06-06 06:09:04,#정우버블 #정블리 너진짜왤케귀엽니.. 입에 넣어주는 유사 대환영입니㉰.. 이거 당연해요
154,1401420823542468612,2021-06-06 06:08:56,"오늘 감사합니다 식사하는 것을 잊지 말고 하루에 열정을 가지고 충분한 휴식을 취하고 물을 마시는 것을 잊지 마십시오, 행복한 주말  💘💗 
#정블리 #정우버블 #정우 https://t.co/NIoR9S8HOo"
155,1401420713576206338,2021-06-06 06:08:29,"정우 오늘 감사합니다. 즐거운 주말도 보냈습니다! 좋은 음식을 먹는 것을 잊지 마세요!
#정블리 #정우버블"
157,1401420629337776135,2021-06-06 06:08:09,"#정우버블 #정블리
정우야 사랑해💚💚💚💚 셀카 고이 챙겨둘게🐶🐶🐶"
158,1401420611377713157,2021-06-06 06:08:05,안녕 잘 가... 시간을 내서 버블에 가줘서 고마워! 오늘 하루도 즐겁게 보내요 그리고 즐거운 시간 보내세요🙆‍♀️💗 #정우버블 #정블리
159,1401420553236344832,2021-06-06 06:07:51,"#정우버블 
정우는 정말
종잡을수가 없음
볼수록 흥미로운 사람
식상함이란걸 모르는 사람"
160,1401420510949347332,2021-06-06 06:07:41,"#정우버블 #정블리 정우버블 진짜 최고,,"
161,1401420459573268480,2021-06-06 06:07:29,"정우 가지마,,
#정블리 #정우버블 https://t.co/eGsPcK7ryX"
163,1401420162373279744,2021-06-06 06:06:18,안녕 정우야 주말 잘 보내세용~ #정블리 #정우버블
166,1401419832894005249,2021-06-06 06:04:59,"야아아어어 김정우 오늘 미친거같네 ㅠㅠ
오늘 버블 무엇 ㅠㅠ
 육아아니고 유사를 먹게하네
결론은 사랑해💚🐶🐶🐶💚

#정우버블 #정블리 #버블셀카 #JUNGWOO https://t.co/h3gF5fpFyM"
168,1401419690413420550,2021-06-06 06:04:25,"정우 너무 좋아
#정우버블 #정블리 https://t.co/ZO3kS4i7sr"
170,1401419532883927042,2021-06-06 06:03:48,"#정우버블 #정블리
오늘도 아주 신나게 놀고 가신 울 강쥐 넘 기엽다 정우야 영화 나랑 보기로 약속한 거다 …"
173,1401419425593454592,2021-06-06 06:03:22,#정우버블 #정블리 오늘 오셔서 잘 지내고 계시다는 것을 알고 기쁩니다. 너도 좋은 시간 보내. 🤗❣️
174,1401419351459205126,2021-06-06 06:03:05,"정우도 밥 잘 챙겨먹고 남은 주말 행복하게 보내🥰
#정블리 #정우버블"
178,1401419075788566530,2021-06-06 06:01:59,#정블리 #정우버블 오늘도 한 시간 꽉꽉 채워 놀고 간 강쥐 ♡ https://t.co/kd4Y7CBwHA
179,1401419004636327937,2021-06-06 06:01:42,"우리 정우도 행복하고 좋은 하루보내💗
영화도 보고 짜파게티도 먹고 편하게 보내기!
#정우버블 #정블리 https://t.co/QHBiw1tfbS"
180,1401418937548505091,2021-06-06 06:01:26,정우도 맛난거 먹고 잘 쉬어 ~~~ 오늘도 버블 보내줘서 고마웡 🌼 #정우버블 #정블리
181,1401418931999416320,2021-06-06 06:01:25,"나도 무서운 거 못 보지만 가진 건 힘뿐이라 정우능 지킬 수 있다. 정우 덕분에 정말 행복한 시간 보냈어 사랑한다 흑흑 
#정블리 #정우버블"
182,1401418904350560257,2021-06-06 06:01:18,이거 #정블리 #정우버블 https://t.co/GRMm2QBR2a
183,1401418856963264525,2021-06-06 06:01:07,"📌김정우 컨저링3 보는 날 나도 보고 같이 본 척 하기(필수 필수)
📌짜파게티? 그냥 지금 당장 사오기
📌김정우한테 사랑한다고 맨날 말하기
김정우!!!!! 사랑해!!!!! 
#정블리 #정우버블"
186,1401418696308924417,2021-06-06 06:00:28,"#정우버블 #정블리 
오늘도 한바탕 내 마음을 휘젓고 가셨ㄴ｡｡ 
우리 정우도 주말 마무리 잘 하구 !! 맛있는 거 먹고 재미난 영화 보면서 푹 쉬어 😍💛💛💛💛💛💛
오늘도 선물 줘서 고마워 🥺 평생 정우편 ｡ 💗💗"
187,1401418647050997763,2021-06-06 06:00:17,"오늘도 기여운 임티 보내구 갔어😭
#정블리 #정우버블 https://t.co/QOaxhi8dzF"
188,1401418608366952455,2021-06-06 06:00:07,컨저링3 무서워서 못 볼 거 같으면 크루엘라 보자 정우야🙂 오늘도 놀아줘서 고마워💚 우리 정우도 맛난 거 많이 먹고 행복하고 즐거운 일요일 보내💚 #정블리 #정우버블
189,1401418559306170368,2021-06-06 05:59:56,"자기가 더 귀여우면서...... 
그러니까 다 지켜준다그러지ㅠㅠㅠㅠㅠ 자바머거..
#정블리 #정우버블 https://t.co/NBCh5XYFfk"
190,1401418505556152325,2021-06-06 05:59:43,"정우야 너 나한테 무슨 짓을 한 거야.? 나 진짜 설렘사 당할 뻔했어...아니 설레서 미안한데 ㄴㅓ가 먼저..너가 먼저 그랬잖아! 왜...왜 귀엽다해 왜 그렇게 귀엽게 말해?
#정블리 #정우버블 https://t.co/R19Gea6PVT"
191,1401418464867217409,2021-06-06 05:59:33,"#정우버블 

너무너무 ... 귀여운데..? 어떡하지"
192,1401418462694580225,2021-06-06 05:59:33,"#정우버블 #정블리

1시간이나 대화해주고 간 울 효자말랑강쥐...진짜 한 번 너 사랑한다 김정우 사랑한다고 https://t.co/3pKqSrV2Mh"
193,1401418419325390855,2021-06-06 05:59:22,"이모티콘 완전 정우스러워 !! 😍🤍

#정블리 #정우버블 https://t.co/grhB4gi5p2"
194,1401418386681131009,2021-06-06 05:59:15,안녕~ 오늘 와줘서 고마워~ #정블리 #정우버블
196,1401418364342308864,2021-06-06 05:59:09,#정우버블 #정블리 와줘서 고맙구 사랑햐
197,1401418358067658754,2021-06-06 05:59:08,#정블리 #정우버블 정우도 푹 쉬구~ 또 와🥺 주말 잘 마무리 해~ 사랑해💖
198,1401418351142834177,2021-06-06 05:59:06,#정우버블 #정블리 덕분에 극락 세계 여행 지대로 했다...... 무튼 정우오빠도 오늘 푹 쉬어어엉🥰
199,1401418338975174657,2021-06-06 05:59:03,"왜자꾸 나(𝒋𝒊𝒔𝒖𝒏𝒈’𝒔 𝒘𝒊𝒇𝒆𓆩♡𓆪) 꼬시냐 
#정블리 #정우버블 https://t.co/GsNTfbVN5D"
200,1401418327449243656,2021-06-06 05:59:01,정우 덕분에 오늘 너무 행복한 일요일 오후를 보냈어🥰 정우도 예쁜 하늘만큼이나 행복한 하루 보내요💛💛 #정블리 #정우버블
201,1401418303537512449,2021-06-06 05:58:55,"#정블리 #정우버블 

울 효자강쥐두 잘 쉬고 맛있는 거 마이 묵고 ♡♡♡♡ 행복하게 보내기 !

영화도 꼭 재밌는 거 봥 !!!!!!!! https://t.co/MUTiwfProc"
202,1401418291004903432,2021-06-06 05:58:52,#정블리 #정우버블 정우도 오늘 하루 잘 보내고! 맛있는 저녁 먹어❣️❣️
203,1401418234520227845,2021-06-06 05:58:38,"난 공포를 보고 싶지 않아, 계속 생각하게 될거야. 컨쥬어 보러 갈 거야?

#정블리 #정우버블"
204,1401418197664886785,2021-06-06 05:58:30,#정우버블 #정블리 귀엽넹 ~~ https://t.co/J1DRyLSKsY
205,1401418126076436482,2021-06-06 05:58:13,#정우버블 #정블리 정우 주말 마지막에 와줘서 너무너무 고맙고 영화 재밌게 잘보구 푹쉬엉~♡
206,1401418085584625667,2021-06-06 05:58:03,정우도 남은 주말 잘 보내고 맛있는거 많이 먹구 다시한번 말하지만 뮤비도 너무 잘나왔고💚 항상 열심히해줘서 고마워!! 열심히 기다리고 있을게 사랑해❤️❤️ #정블리 #정우버블
207,1401418085291020289,2021-06-06 05:58:03,#정블리 #정우버블 정우도 오늘 날씨만큼 기분좋게 보내기💚
209,1401418048456720394,2021-06-06 05:57:54,"#정우버블
정우야.. 사랑애 저녁 맛있는거 먹어랑"
210,1401417881112367107,2021-06-06 05:57:14,#정블리 #정우버블 오늘 종알 종알 되게 기엽네 ㅋㅋㅋㅋㅋㅋㅋㅋ https://t.co/vr2PUYAHPE
211,1401417837537677312,2021-06-06 05:57:04,"오늘 와줘서 고마웡 ♡ 
정우도 쫀하루 보냉 #정우버블 #정블리"
212,1401417827882393603,2021-06-06 05:57:01,#정우버블 #정블리 정우도 행복하게 주말 마무리하고 와줘서 고마워용 💚💚💚
213,1401417522973347850,2021-06-06 05:55:49,#정블리 #정우버블 아니 판사님 짱우가 먼저 시작했어요 ㅜ
214,1401417501762674688,2021-06-06 05:55:44,아니 컨저링3 목요일에 개봉하고 해차니도 어제 보고 왔는데 볼 생각 있는 건 맞지 정우야??ㅋㅋㅋㅋㅋㅋ 우리 정우 진짜 귀엽넹ㅋㅋㅋㅋㅋㅋㅋㅋㅋㅋㅋㅋㅋ #정블리 #정우버블
215,1401417474449412096,2021-06-06 05:55:37,"#정블리 #정우버블 

짇짜 효자강쥐 

오늘만 1시간째 티키타카중 ㅠㅠㅠ"
216,1401417446733410308,2021-06-06 05:55:31,"@ : ㅋㅋㅋㅋㅋ귀엽넹ㅎㅎ

후...내 얼굴도 모르면서...

#정우버블 #정블리 https://t.co/7KfiY2guBm"
217,1401417291540033548,2021-06-06 05:54:54,#정블리 #정우버블 오늘 정우 버블 레전드 그냥 남친 바이브
218,1401417202885009409,2021-06-06 05:54:32,"#정우버블 #정블리 
귀여워.. 귀여워.. 귀여워..
김정우 당신 유죄.. 지켜줄테니까 제발 같이보자...
같이보자.. 같이보자.. 같이보자.. 
정블리 최고..❤️❤️"
219,1401417157964034053,2021-06-06 05:54:22,#정블리 #정우버블 실트에 들었는데 토픽 날씨 뭐얔ㅋㅋㅋㅋㅋㅋ https://t.co/l1ow7kr7yd
220,1401417044701192193,2021-06-06 05:53:55,"하…….김정우 너 경고 …

#정블리 #정우버블 https://t.co/71PDcGNWFx"
221,1401417007740772354,2021-06-06 05:53:46,#정블리 #정우버블 지금 현재 정프들 https://t.co/BHxFVXbEPN
223,1401416929152143366,2021-06-06 05:53:27,"#정블리 #정우버블 
근데 컨저링을 본다공ㅋㅋㅋㅋㅋ귀여워어 https://t.co/p1npxbAMGu"
225,1401416897300553731,2021-06-06 05:53:20,"#정우버블 #정블리
나 겁 없어 컨저링3 같이 볼래....?"
226,1401416869232320523,2021-06-06 05:53:13,"#정우버블 #정블리

지켜준다는 사람들...? 나...? 나........??? 그거 나야....?지금...? https://t.co/OHi4BBtAuk"
227,1401416865558138880,2021-06-06 05:53:12,#정우버블 #정블리 나는 컨저링 티저도 못 보겠던데.. 김정우 무서운거 못 보는척 하는거였냐며
228,1401416769386946571,2021-06-06 05:52:49,#정블리 #정우버블 당장 우리 정아지를 위해 컨저링3 넷플릭스에 올리도록 하세요.
229,1401416742140743682,2021-06-06 05:52:43,"나 진짜... 이따가 자격증 공부 어캐 하죠.?!
#정우버블 #정블리 https://t.co/beSuz26jus"
230,1401416740760801282,2021-06-06 05:52:42,"#정우버블 #정블리

너 지금 뭐하는,

╭ ◜◝ ͡ ◜◝ ͡  ◜◝ ╮
　ㅋㅋㅋㅋㅋㅋ
      귀엽넹ㅎㅎ
╰ ◟◞ ͜  ◟ ͜   ◟◞ ╯
                  O
                    °. https://t.co/r7t9joXOkb"
231,1401416707835535362,2021-06-06 05:52:34,내가 봐도 나 너무 뻔뻔하네...... #정우버블 #정블리 https://t.co/fq1gBuz3Gx
232,1401416687170187267,2021-06-06 05:52:29,#정우버블 #정블리 ㅠ악 귀욤아
233,1401416672787918848,2021-06-06 05:52:26,"#정블리 #정우버블 
앙큼력에 뒤지버저버림…하 강쥐야🤦‍♀️🤦‍♀️"
234,1401416613522337794,2021-06-06 05:52:12,아 김정우 ㅋㅋㅋㅋㅋㅋㅋㅋㅋㅋ ㄱㅇㄱ ㅋㅋㅋㅋㅋㅋㅋㅋ 미안.... 누난 못지켜줘 그런 거 못봐 🥲 #정우버블
236,1401416450628222977,2021-06-06 05:51:33,"#정블리 #정우버블 

나 못 믿어 ?? 내가 지켜줄게 'ㅁ' !! https://t.co/SezhojjqvV"
237,1401416415085699076,2021-06-06 05:51:25,애기 그거 꼭 멤버들이랑 같이 보러가라 ㅋㅋㅋㅋㅋㅋ #정블리 #정우버블
238,1401416378565861381,2021-06-06 05:51:16,"아냐 우리만 믿어 믿으라니까?
(흐..흐흫)

#정우버블 #정블리 https://t.co/cqrjj1iRh2"
239,1401416312736256002,2021-06-06 05:51:00,"정우 진짜 왜저래 ?
왜저리 귀여워 텍스트로도 저렇게 귀여울 수 가 있나 참 ;; #정우버블 #정블리"
240,1401416254049591296,2021-06-06 05:50:46,"#정우버블

지켜줄게 김쩡우............"
241,1401416245086343175,2021-06-06 05:50:44,#정우버블 #정블리 울 정우 또 불키고 자야겠네에에
242,1401416170603831296,2021-06-06 05:50:26,#정우버블 #정블리 딱붙어 나만 믿으라고 나 완전 공포 잘(못)봐!
243,1401416081944682499,2021-06-06 05:50:05,이 정도면 티키타카 인정해주는 거냐 ㅠㅠㅠㅠㅠㅠㅠ #정블리 #정우버블 https://t.co/6lcHuWLlNB
244,1401416058557243399,2021-06-06 05:50:00,"#정우버블 #정블리
하 여기가 제 무덤인가요?"
245,1401416051590451202,2021-06-06 05:49:58,"나 그냥 기절 하고 앞구르기 뒷구르기 풍차돌리기 중이잖아 어떡할거야 책임져 ..
너 근데 이거 보내고 오글거려할 것 같어 , ㅋㅋ ㅋㅋㅋㅋㅋㅋ 귀여워 ㅠ #정우버블 https://t.co/hs5zVCQPLa"
246,1401416012906385411,2021-06-06 05:49:49,"애교 자주 부리는 친구 옆에 붙어다니다보니 성격도 변해버린 인간
#정우버블 #정블리 https://t.co/4izAqsQ8xb"
247,1401416007554457600,2021-06-06 05:49:47,"#정블리  #정우버블
미쳣나봄 기절... https://t.co/7PeCEBxc1P"
248,1401415958732828672,2021-06-06 05:49:36,야 진짜 뭐야 나 이렇게 티키타카 잘 되는 거 첨임  #정블리 #정우버블 https://t.co/XdE02gUCMe
249,1401415945751384068,2021-06-06 05:49:33,#정우버블 #정블리 김정우가 먼저 꼬셨어요...
250,1401415943251582976,2021-06-06 05:49:32,"........귀엽.....네.... 라고... 했다........
😱🔫🔫🔫🔫🔫🔫🔫🔫🔫🔫🔫🔫
#정우버블 #정블리"
251,1401415938541379587,2021-06-06 05:49:31,악 #정블리 #정우버블 https://t.co/RJpfDGbuM6
252,1401415930274476033,2021-06-06 05:49:29,귀엽다고?? 그럼 내일도 버블 와주시면 감사하겠습니다🥺ㅋㅋㅋㅋ #정우버블 #정블리 https://t.co/IEhJ5zdTE0
253,1401415885185720326,2021-06-06 05:49:18,#정우버블 #정블리 자꾸 어디서 그런거 배워오는건데.......... https://t.co/GYxIet6xX7
254,1401415872493748224,2021-06-06 05:49:15,"어이없어너나책임질것도아니면서요영화도같이봐주지도않을거면서왜그런말해?
(유사 마싯당~

#정우버블 https://t.co/UaUXS8KgJC"
255,1401415854437244933,2021-06-06 05:49:11,"#정블리 #정우버블 
정프보고 귀엽다는 정우 어떡함 ?"
256,1401415852512055296,2021-06-06 05:49:10,"#정블리 #정우버블 

정우야 가치가자. 😳 https://t.co/7899ZcAiJy"
257,1401415846606430211,2021-06-06 05:49:09,#정우버블 #정블리 오빠 니가 제일 귀엽다ㅠㅠㅠㅠㅠㅠㅠㅠㅠㅠㅠㅠㅠㅠㅠㅠㅠㅠㅠ퓨ㅠㅠㅠㅠㅠㅠㅠㅠㅠㅠㅠㅠ
259,1401415842336624643,2021-06-06 05:49:08,"#정블리 #정우버블
정우가 나보고 귀엽다라고 해줬다..미쳣다"
260,1401415833390174215,2021-06-06 05:49:06,"#정블리 #정우버블 
귀여운 정우와 귀여운 정프들,,~💚"
261,1401415827107155972,2021-06-06 05:49:04,"#정블리 #정우버블 귀엽대 귀엽대 귀엽대 귀엽대 미쳤나봐 귀엽다고 했어 하,,, 귀엽넹 이래"
262,1401415825735569411,2021-06-06 05:49:04,"오빠;;
오빠야말로 감당가능??
#정우버블 #정블리"
263,1401415804919304193,2021-06-06 05:48:59,"오늘부터 1일 데이트 약속 잡았다
#정우버블 #정블리 https://t.co/wh1ziGU1kC"
264,1401415800406249472,2021-06-06 05:48:58,"#정우버블 #정블리 
같이 영화보자고 하고... 귀엽다고하고... https://t.co/ZqT6Fw9h9h"
265,1401415798153875458,2021-06-06 05:48:57,#정블리 #정우버블 이런놀라운 https://t.co/Y9X3gdWQv6
266,1401415789002043392,2021-06-06 05:48:55,#정블리 #정우버블 youre so cute ㅠㅠ
267,1401415773583671298,2021-06-06 05:48:52,티키타카 오져따ㅋㅋㅋ 정우야 나 진심 공포영화 보러가면 너 얼굴만 보다 끝나서 1도 안무섭고 한편의 로맨스 영화를 보고 온 느낌일거 같아 #정블리 #정우버블 https://t.co/e9NluzkTXu
268,1401415742331920391,2021-06-06 05:48:44,"#정우버블 #정블리
아뭐야야야야ㅑㅇㅇㅇ 너무 설레자나 ㅠㅠㅠ♥♥♥♥♥♥♥♥♥"
269,1401415739345543168,2021-06-06 05:48:43,"#정블리 #정우버블
아니 김정우…………….. 유죄"
270,1401415719582007299,2021-06-06 05:48:39,#정블리 #정우버블 티키타카 성공했다고 자랑하고픔 ㅎ https://t.co/wudXODSgvd
271,1401415679803203588,2021-06-06 05:48:29,"심장아프다 정우야 ..,!🤦 #정우버블 https://t.co/UcZ9xHNyAF"
272,1401415673956372480,2021-06-06 05:48:28,"#정우버블 #정블리

귀....귀엽다고 했다....."
273,1401415660245164039,2021-06-06 05:48:25,#정블리 #정우버블 너 .. 너어.... 너
274,1401415657590190081,2021-06-06 05:48:24,#정블리 #정우버블 앙큼이가 더 귀엽다ㅜ
275,1401415635830153218,2021-06-06 05:48:19,"#정블리 #정우버블
오늘도 정우덕에 살아감니다....ㅠㅠㅠㅠㅠㅠ💚"
276,1401415633124823040,2021-06-06 05:48:18,#정우버블 #정블리 귀엽넹ㅎㅎ???? https://t.co/APCEg9ilys
277,1401415609569611777,2021-06-06 05:48:13,"#정블리 #정우버블

너 분명 내꺼 읽어따. https://t.co/5TY8V8RQdj"
278,1401415604473450497,2021-06-06 05:48:11,#정우버블 #정블리 귀엽넹ㅎㅎ 귀엽넹ㅎㅎ
279,1401415584105984005,2021-06-06 05:48:06,결혼 해줄것도 아니면서 이렇게 날 꼬신다 이거 범죄야아아악!!!!! #정우버블 #정블리 https://t.co/JwdwZX1TiI
280,1401415582843490305,2021-06-06 05:48:06,"#정우버블 #정블리

제가 사실 공포영화를 못 보는데요
오늘부터 잘 보게 되었습니다. 암튼 그래요 https://t.co/mZRUT26RHU"
281,1401415581262180353,2021-06-06 05:48:06,진짜 무슨일이 일어나고 있나요;; 나 진짜 와 김정우 #정블리 #정우버블 https://t.co/Ra7Y8I2kHf
282,1401415570365448192,2021-06-06 05:48:03,"#정블리 #정우버블
멘트 무슨 일이야,,"
283,1401415568293466123,2021-06-06 05:48:03,정우야 눈나 귀여워..? 🥺 #정블리 #정우버블 https://t.co/OTgYjleNf2
284,1401415561205075973,2021-06-06 05:48:01,#정블리 #정우버블 누가 누구보고 귀엽다니 니가 세상에서 젤 귀여운데
285,1401415551151337472,2021-06-06 05:47:59,"#정블리 #정우버블 

방금 죽을 뻔 https://t.co/i8VW939p1y"
286,1401415547552600067,2021-06-06 05:47:58,#정우버블 #정블리 안녕히 계세요 여러분 https://t.co/nHNAshx4Hc
287,1401415532331495425,2021-06-06 05:47:54,남자여우 #정우버블 https://t.co/rWjR5zCeDL
288,1401415517630468098,2021-06-06 05:47:51,"#정우버블 #정블리 
김정우 진짜.. 아니 진짜 .. 이러케 설레는 말투 .. 아니 진짜 ㅠㅠㅠㅠ"
289,1401415513155063815,2021-06-06 05:47:50,"정우가 먼저 꼬셨어요

 #정블리 #정우버블 https://t.co/dIH4Lvl9Uc"
290,1401415500685406220,2021-06-06 05:47:47,"#정블리 #정우버블
호기롭게 정우 놀렸다가 귀엽네에 실신"
291,1401415463607828481,2021-06-06 05:47:38,"#정블리 #정우버블
 말 한마디로 사람을 심쿵사로 죽게만들면 어떡해 ... 김정우 유죄.."
292,1401415458830442503,2021-06-06 05:47:37,"ㅅㅂ 귀엽덷귀엽데귀엽다고?ㄱㅟ엽데와
#정블리 #정우버블"
294,1401415439645741056,2021-06-06 05:47:32,"#정블리 #정우버블 귀엽다,,,고 했다"
295,1401415418577707014,2021-06-06 05:47:27,"#정블리 #정우버블
지금 누가 누구 보고… 너가 제일이야…..❤️‍🔥"
296,1401415408280739844,2021-06-06 05:47:25,"정우야. 나랑 보면 너가 더 무서울거야 . 내 얼굴까지 같이 봐야 하니까😱🔫
#정우버블 #정블리"
297,1401415397660794880,2021-06-06 05:47:22,당연히 감당 가능ㅋㅋ 영화 당장 보러가자. #정우버블 #정블리 https://t.co/xGekaw9SQP
298,1401415396104687619,2021-06-06 05:47:22,#정우버블 #정블리 오늘 왜 이렇게.. 끼를 부리지.. 으르렁 듣고 와야겠다
299,1401415372683710465,2021-06-06 05:47:16,"#정우버블 #정블리 .... 예,,,.?! ㅋㅎㅋㅎㅋㅎㅋㅎㅋㅎㅋㅎㅋㅎㅋㅎㅋㅎㅋㅎㅋㅎㅋㅎㅋㅎㅋㅎㅋㅎヲ 뇌정지 ..... https://t.co/KFxadxKwst"
300,1401415282707484672,2021-06-06 05:46:55,#정우버블 #정블리 가능
301,1401415250549743616,2021-06-06 05:46:47,"뭐라고요 .. 지금 같이가자고 꼬시는? 하 ,
감당??? 완전 가능 에바가능 대박가능 #정우버블 #정블리"
302,1401415235290890252,2021-06-06 05:46:43,"#정우버블 #정블리
나 정우보다 더 못 보는데... 정우랑 같이보면 우주최강겁없는여성되는거 가능 무조건 가능"
303,1401415233604784129,2021-06-06 05:46:43,#정블리 #정우버블 아오씨 귀여워 😂 https://t.co/akaI1PHPqK
304,1401415221827145728,2021-06-06 05:46:40,#정우버블 #정블리 무섭다는 핑계로 더 붙던지 정우 얼굴 보면 돼... 그럼 주변에 아무것도 안보일걸✨
306,1401415188830556162,2021-06-06 05:46:32,얘가 우릴 뭘로 보고 ㅋ 넌데 감당 못할게 뭐가잇냐 #정블리 #정우버블
307,1401415159227113478,2021-06-06 05:46:25,"...? 진짜 김정우 이런 여우같은!!!!!!

#정우버블 #정블리 https://t.co/cSTeBxEyTZ"
308,1401415138171707394,2021-06-06 05:46:20,너...어떠케그런말을 그렇게쉽게....? #정블리 #정우버블
309,1401415122950627331,2021-06-06 05:46:17,이야 이걸 같이 보러갈생각을 해주네 ㅋㅋㅋㅋㅋㅋㅋㅋ 정우야 누나가 지켜주께 걱정하지마라 시간 정해 #정블리 #정우버블
310,1401415111051399170,2021-06-06 05:46:14,"#정블리 #정우버블 
정우지켜 !!! 내가 다 무찔러주께"
311,1401415062665920515,2021-06-06 05:46:02,"#정블리 #정우버블 

자기랑 가면 더 무서울 수도 있댁ㅋㅋㄱㅋㅋㅋㄱㅋㄱ

감당가능?ㅋㅋㄱㅋㅋㄱㄱㄱㄱ"
312,1401415052561764360,2021-06-06 05:46:00,"##정블리 #정우버블
순간 눈을…의심…."
313,1401414970378625024,2021-06-06 05:45:40,#정우버블 제발 https://t.co/yM8mHw9Pi2
314,1401414941601460224,2021-06-06 05:45:33,#정블리 #정우버블 ... 너랑 가면 너 얼굴만 감상하지 않을까..?
315,1401414817554919425,2021-06-06 05:45:04,#정우버블 #정블리 정우 일상 얘기 많이 해줘서 넘 좋다
316,1401414794196840449,2021-06-06 05:44:58,"아니ㅋㅋ무서운것도 못보면서 왜 궁금한건뎈ㅋㅋㅋㅋㅋㅋ
#정블리 #정우버블 https://t.co/gnHf8DirqZ"
317,1401414718070267908,2021-06-06 05:44:40,"#정블리 #정우버블 

미안..... https://t.co/C44ylNMCQy"
318,1401414714601598978,2021-06-06 05:44:39,"#정블리 #정우버블 
꼭 챙겨먹을게 애기 ㅠㅠ ♡ https://t.co/ckOQqG3dy9"
321,1401414569034096649,2021-06-06 05:44:04,#정우버블 #정블리 그거 무섭대ㅠ
324,1401414310543331328,2021-06-06 05:43:03,"#정우버블 #정블리
정우도 “일요일는 내가” 짜파게티 요리사 파 https://t.co/14DonuUeKV"
326,1401414122428788745,2021-06-06 05:42:18,"#정블리 #정우버블 

정우랑 버블한지 46분 경과 ㆍㆍㆍㆍ
다들 정우 버블하세요 ~~~~~

행복해서 사망 https://t.co/wHH1Cn2qPq"
329,1401414012777029634,2021-06-06 05:41:52,"#정블리 #정우버블 
정우도 오늘 맛있는거 많이 먹어ㅠㅠㅠㅠㅠ♥♥"
330,1401414001897086980,2021-06-06 05:41:49,짜파게뤼 요리사!! #정우버블 #정블리
331,1401413980153806848,2021-06-06 05:41:44,#정블리 #정우버블 원데이 식스밀 다시하자 정우야 https://t.co/RfGKF9ZXJ6
333,1401413966702678016,2021-06-06 05:41:41,"정우야 진짜 행복해 티키타카 많이해줘서 고맙다... 우리오복이 건강해라 밥 챙겨먹구...
#정우버블 https://t.co/zmIE0v8qhx"
335,1401413936776372226,2021-06-06 05:41:34,#정블리 #정우버블 jungwoo please tell us when will '김정우의 이 사람을 찾아서' release ???? https://t.co/F6P13W9chs
337,1401413810544529408,2021-06-06 05:41:04,"#정블리 #정우버블
이 앙큼상큼한 남자............😭🤍"
340,1401413524190945280,2021-06-06 05:39:55,그럼 내가 짜파게티 기가막히게 잘 끓이는데 나랑 먹을래?? #정우버블 #정블리 https://t.co/AEnuHbYdIf
341,1401413325947215878,2021-06-06 05:39:08,"#정블리 #정우버블 

해찬이 바빠서 다음에 먹기로 했댁ㅋㄱㅋㅋㄱㅋㅋㅋㄱㅋㅋㄱㄱ"
342,1401413170304933889,2021-06-06 05:38:31,아 김정우 진짜 귀여움ㅋㅋㅋㅋㅋㅋ 짜파게티 먹으세요 정우야 ㅋㅋㅋㅋ #정블리 #정우버블
343,1401413129204998145,2021-06-06 05:38:21,"#정블리 #정우버블

아 어이없네.. https://t.co/sSgH2QZYna"
347,1401412717655642118,2021-06-06 05:36:43,#정블리 #정우버블 나도 오늘 불고기 먹었음 덜덜 하지만 불고기 먹은 사람 넘치겠지 🤣🤣
350,1401412395168276485,2021-06-06 05:35:26,Happy weekend 정우!!^^ analog trip s2 가자!! #정블리 #정우버블
351,1401412316868927489,2021-06-06 05:35:07,"기승전결이 대단하고 아주 스펙타클한 아날로그트립 너무 완전 기대해!!👍🏻💚
#정우버블 #정블리"
353,1401411911577600002,2021-06-06 05:33:31,#정우버블 #정블리 요기~🤣 먹었지이이 https://t.co/pSpsHjs1L7
354,1401411907622359041,2021-06-06 05:33:30,"아날로그 여행이 정말 기대됩니다. 멤버들과 함께 여행하는 모습을 정말보고 싶어요.🧡🧡

#정우버블 #정블리"
355,1401411844934303744,2021-06-06 05:33:15,"#정우버블 #정블리

어쩐지 오늘은 왜 점심 안 물어보나 싶었는데 역시 딱 물어봐주는 먹짱정우♡"
356,1401411821190352898,2021-06-06 05:33:09,세상에 기승전결이 대단하대 ㅋㅋㅋㅋㅋ 나 너무 기대되곸ㅋㅋㅋㅋㅋ #정블리 #정우버블
358,1401411789284249601,2021-06-06 05:33:02,유치원생이 기승전결이라는단어도 쓸줄알고 영재아냐?? #정우버블 #정블리
359,1401411787371671555,2021-06-06 05:33:01,#정우버블 겸댕이군 ㅎㅎ
360,1401411660762337282,2021-06-06 05:32:31,"냅다 뽀둥뽀둥 셀카공격🤦🏻‍♀️휴!!!!!!!!!!!!!

#정우버블 #정블리"
361,1401411660078747653,2021-06-06 05:32:31,"#정블리 #정우버블 

이 겸댕이 강아쥐 ㅠㅠㅠ

이미 기대왕창 하고 이따 ♡♡"
364,1401411502477742091,2021-06-06 05:31:53,"정우는 오늘도 예쁘구나🥲 도대체 안이쁜날이 없어😭
#정우버블 #정블리"
365,1401411466834550787,2021-06-06 05:31:45,"""스펙타클했다잉!"" 아유 귀여워!!!
#정우버블 #정블리"
366,1401411373427421186,2021-06-06 05:31:23,"기습공격 ㅠㅠ 이 귀요미를 어쩜좋아

#정우버블 #정블리"
367,1401411337784225795,2021-06-06 05:31:14,"정우 나 진심 만땅이야🥰

#정우버블 #정블리 https://t.co/slVMRTTcqd"
368,1401411299091746821,2021-06-06 05:31:05,#정우버블 #정블리 우리 정우 너무 귀엽다 쫑알쫑알 강아지 💙💙
370,1401411227285262337,2021-06-06 05:30:48,유튜브 오리지널 아날로그 트립 기대할게요ㅋㅋㅋㅋ 존버한다 #정우버블 #정블리 https://t.co/451ea1gaNX
371,1401411164546891776,2021-06-06 05:30:33,"귀여운 김정우 기대한다!
#정블리 #정우버블"
373,1401411064223322113,2021-06-06 05:30:09,#정우버블 #정블리 오늘 아주 정우오빠 와서 스펙타클 하넹☺️
374,1401411035689455620,2021-06-06 05:30:02,"#정우버블 #정블리
ㅋ큐큐ㅠㅠㅠㅋㅋㅋ큐ㅠ 스펙타클했다잉! 
말투 무엇...?! 넘 귀여워ㅠㅠㅠㅠㅠ"
377,1401410954445811713,2021-06-06 05:29:43,#정블리 #정우버블 많이많이 기대하고 있어💚ㅋㅋㅋ재밌을거 같아 빨리 보고싶어ㅠㅠ
378,1401410951685890050,2021-06-06 05:29:42,"#정우버블 #정블리

리얼리티 제목 풀네임으로 말하는거 왜케 귀엽구 그래....? 아 너무 귀엽다 김정우"
380,1401410937156902918,2021-06-06 05:29:39,#정우버블 #정블리 정우야 나 꼬오옥 기다리구 있을게!!!?❤️
381,1401410928583884801,2021-06-06 05:29:36,"ㅋㅋㅋㅋㅋㅋㅋㅋㅋㅋ스펙타클했다잉

美친 귀여워

#정블리 #정우버블"
382,1401410868819075073,2021-06-06 05:29:22,"#정블리 #정우버블 

뭐했길래....ㅠ 나 겁나 기대중"
384,1401410768734621697,2021-06-06 05:28:58,"아날로그 트립 너무너무너무 기대돼!!! 
#정우버블 #정블리"
385,1401410725214490625,2021-06-06 05:28:48,"버블 올 때마다 사진 들고오는 아이돌 예의있다
그게 바로 &gt;&gt;&gt;김정우&lt;&lt;&lt;
맨날 팬들이 사진 기다릴까봐 스케줄 있을 때마다 사진 열심히 찍어서 보내주는 세상에 둘도 없는 효자깅...🤍

#정우버블 #정블리 https://t.co/KkrIVa3CGp"
387,1401410654288826369,2021-06-06 05:28:31,"#정우버블 #정블리 

역시 홍보도 빼먹지 않는 기요미 ♡ 
멤버들이랑 너무 재밌었다니 내가 다 뿌듯하다 ｡｡ 
유튜브 오리지널 아날로그 트립 많이 많이 기대할게요 😍"
388,1401410642406375428,2021-06-06 05:28:28,"#정블리 #정우버블
아날로그 트립 넘 기대되자너....."
389,1401410551356432389,2021-06-06 05:28:07,"#정블리 #정우버블 

오랜만에 멤버들이랑 잘 놀고 온 것 같아서 내가 더 기분이 좋네 ㅎㅎ"
390,1401410367222280193,2021-06-06 05:27:23,#정우버블 #정블리 울 아기 리얼리티 축하해 🖤🖤🖤🖤🖤🖤🖤
393,1401409704954261504,2021-06-06 05:24:45,#정블리 #정우버블 사진 보자마자 피부 왜케 조아졌지! 생각했는데 우왕 신기해 ㅋㅋㅋㅋㅋㅋㅋ 건강한 정신에 건강한 피부가 깃드는 거니까 기뿌다 암턴 https://t.co/kMmzOj3JkF
394,1401409700021686274,2021-06-06 05:24:44,"정우 셀카 기습공격해줌. 아주 잘 생겼다 ㅠㅠㅠㅠㅠㅠㅠ 😩❤️
#정블리 #정우버블"
397,1401409546652844034,2021-06-06 05:24:07,좋은 하루 보내세용ㅇㅇㅅ.ㅅ #정우버블 #정블리
398,1401409495230599173,2021-06-06 05:23:55,"완벽한 셀카!❤💚🧡
나는 당신의 다른 사진 놀라움을 기다리고 있습니다😱😱😱
기습!

#정우버블 #정블리 https://t.co/JM1crI3c1v"
399,1401409416876879876,2021-06-06 05:23:36,"오잉 마이크?? 귀여운 셀카 투척하고 가는...

#정우버블 #정블리 https://t.co/rbcuI5KQ8K"
401,1401409392398848001,2021-06-06 05:23:30,"올 김정우 네리 광고모델 답고 ㅋㅋㅋㅋㅋ 피부 좋아진 비결 마 공유해라,, #정블리 #정우버블"
402,1401409381246267395,2021-06-06 05:23:28,#정우버블 #정블리 우유같은 말랑말랑 피부가 되는 비결좀 알려줘봐요...ㅡ.ㅡ
403,1401409353534435333,2021-06-06 05:23:21,"아주 아주 쫀쫀해??! ㅜㅜㅜㅜㅜㅜ
#정우버블 #정블리"
406,1401409280591286272,2021-06-06 05:23:04,"이 집 모델 일 잘하네
광고료 더 주쇼

#정우버블 #정블리 https://t.co/u8PtNrsMfC"
407,1401409247162683394,2021-06-06 05:22:56,김정우(m͛y͛ b͛o͛y͛f͛r͛i͛e͛n͛d͛) 버블.. 너무 예쁘다아아앝ㅋ카 #정우버블 #정블리
408,1401409246068047873,2021-06-06 05:22:55,"#정우버블 #정블리 
쫀쫀해 ~~ 라니 ???!?? hoxy 베이비 👶🏻
귀여워 주금 ㅠㅠㅠㅠㅠ"
410,1401409189956657156,2021-06-06 05:22:42,#정우버블 #정블리 쫀쫀... 쫀득쫀득 말랑말랑
411,1401409102102896640,2021-06-06 05:22:21,"쫀쫀한데 ㅋㅋㅋㅋㅋㅋㅋㅋㅋㅋㅋㅋㅋㅋㅋㅋㅋㅋㅋㅋㅋㅋㅋㅋ

아 귀여워

#정블리 #정우버블"
413,1401409080804012035,2021-06-06 05:22:16,#정블리 #정우버블 원래 좋았으면서 왜~그럴까잉
415,1401408949258055684,2021-06-06 05:21:45,"#정우버블 #정블리
오늘 말투 왤케 엄청 귀여웡 ?? ㅠㅠ https://t.co/aN35OaBHqd"
416,1401408940097736711,2021-06-06 05:21:42,#정블리 #정우버블 정우 기습공격 대환영 🥺🤍
417,1401408875329294345,2021-06-06 05:21:27,"꼼짝을 못 하고 폰만 들고 있네 ㅋㅋㅋㅋ 
아주 들었다 놨다 장인이야 정블리
#정블리 #정우버블"
418,1401408849966370816,2021-06-06 05:21:21,#정블리 #정우버블 사진 보니 더 미칠 것 같아
419,1401408846917038082,2021-06-06 05:21:20,"나 참 .. 진짜 
버블로 정우시를 다 챙겨보네 ㅋㅋㅋㅋ♡
#정우버블"
420,1401408733725429762,2021-06-06 05:20:53,"#정우버블 
정우야 이렇게 훅 들어오면 어떻게…"
421,1401408733083684866,2021-06-06 05:20:53,"저는 ""save""라는 노래를 정말 좋아하고 당신의 목소리는 제가 가장 좋아하는 부분입니다.💚❤🧡

당신이 매우 자랑 스럽습니다~~~💚❤🧡

열심히 일 해주셔서 감사합니다🧡❤💚
#정우버블 #정블리 https://t.co/aEewY0WEwl"
422,1401408628729335809,2021-06-06 05:20:28,#정우버블 #정블리 팈탘성공。。。⁉️ https://t.co/6MjUxXJZRn
424,1401408579777679360,2021-06-06 05:20:16,"#정우버블 #정블리 
정우 셀카 기습공격해줌 ㅠㅠㅠㅠㅠㅠㅠㅠㅠㅠㅠㅜㅜ❤️❤️❤️"
425,1401408559137521668,2021-06-06 05:20:12,"우리 천재만재 아이돌 정블리 버블 ♡♥

얼굴공격 지금처럼 마니마니해줭 ㅠㅠㅠ
정우야 맛난거 마니먹구 하늘하늘한 하루 보내장!! 

#정우버블 #정블리 https://t.co/MFREtx1RxK"
426,1401408549180166148,2021-06-06 05:20:09,천사강아지야~~ #정블리 #정우버블
427,1401408530649808907,2021-06-06 05:20:05,#정우버블 #정블리 너무 잘생기고 예쁘고 귀여워 😥😥😥
428,1401408528737136640,2021-06-06 05:20:04,#정우버블 #정블리 정우야ㅜㅜ 셀카 너무 예뻐ㅠㅠㅠㅠㅠㅠㅠㅠㅠㅠㅠㅠㅠㅠㅠㅠㅠㅠ
429,1401408491969945600,2021-06-06 05:19:56,"#정블리 #정우버블
정우...스킬 뭐야...공격 지대로 먹혀서 나 지금 못일어나는중 https://t.co/dKEL1SMHIa"
430,1401408491051311107,2021-06-06 05:19:55,정우시 #정우버블
431,1401408486953537537,2021-06-06 05:19:54,"#정우버블 #정블리

사랑한다고... 사랑한다고......사랑한다고옼ㅠㅠㅠㅠㅠㅠ https://t.co/6v7r1mk7y3"
432,1401408457014583297,2021-06-06 05:19:47,#정우버블 #정블리 너무귀여워사랑해
433,1401408454216937475,2021-06-06 05:19:47,"#정블리 #정우버블 
정우야 사진 한번만 더 보내줄래???? 
빛이 나서 사진이 안보여 ㅠㅠ"
434,1401408452765749248,2021-06-06 05:19:46,"#정우버블
ㅠㅠㅠㅠㅠㅠㅠ사랑해 정블리ㅠㅠㅠㅠㅠㅠ죽도록 충성ㅠㅠㅠㅠㅠㅠㅠㅠㅠㅠㅠㅠㅠㅠㅠㅠㅠㅠㅠㅠㅠㅠㅠㅠㅠㅠㅠㅠㅠㅠㅠ https://t.co/DSTSuA7Fmb"
435,1401408433681690626,2021-06-06 05:19:42,#정우버블 #정블리 완전 그냥 기절임
436,1401408428111585285,2021-06-06 05:19:40,"#정우버블 #정블리 거지같은 마지막 주말이라 세상 우울했는데 정우 얼굴공격에 행복한 일요일이다,,"
437,1401408420041818115,2021-06-06 05:19:38,사진은 담에 보내줄게요ㅠ 하더니 갑자기 기본흰티 셀카 보내는 남성 어떰 어떻긴 뭐가 어때 뽀뽀나 해드려 ♥ ♥ #정블리 #정우버블
439,1401408386403426306,2021-06-06 05:19:30,"헐 그러고보니 나 오늘 정우랑 버블 100일이었구나 와 캡쳐한시간이 정우시야  니랑 난 운명이다
#정블리 #정우버블 https://t.co/bDqoAajd47"
442,1401408334679318536,2021-06-06 05:19:18,"ㅠㅠㅠㅠㅠㅠㅠㅠㅠㅠㅠㅠㅠㅠㅠㅠㅠㅠㅠㅠㅠㅠㅠㅠㅠㅠㅠㅠㅠㅠㅠㅠㅠㅠㅠㅠㅠㅠㅠㅠㅠㅠㅠㅠㅠㅠㅠㅠㅠㅠㅠㅠㅠㅠㅠㅠㅠㅠㅠㅠㅠㅠㅠㅠㅠㅠㅠㅠㅠㅠㅠㅠㅠㅠㅠㅠㅠㅠㅠㅠㅠㅠㅠㅠㅠㅠㅠㅠㅠㅠㅠㅠㅠㅠㅠㅠㅠㅠㅠㅠㅠㅠㅠㅠㅠㅠㅠㅠㅠㅠㅠㅠㅠㅠㅠㅠㅠㅠㅠㅠㅠㅠㅠㅠㅠㅠㅠㅠㅠㅠ
#정블리 #정우버블 https://t.co/3zLP6c6a2s"
443,1401408328131964934,2021-06-06 05:19:16,#정우버블 안녕 내 운명 (대충짝짝쿵잘맞는다는뜻) https://t.co/RdfRu7ULc6
444,1401408326554947584,2021-06-06 05:19:16,"오늘 진짜 하늘하늘행💙
좋은 하루 보내 정우야〰️〰️

해찬날정우시!
#정블리 #정우버블 #정우 https://t.co/MFFPUFh0Fn"
445,1401408321865670658,2021-06-06 05:19:15,"#정블리 #정우버블
밀당 천재...
완전 유죄임"
446,1401408312793460742,2021-06-06 05:19:13,"너무 예뿌다 정우야 이런 기습공격 아주 좋아 심장 떨어지는 줄 알았지만 떨어져도 되니까 자주 부탁ㅎ...ㅐ... 
#정블리 #정우버블"
447,1401408290626543632,2021-06-06 05:19:08,"자연광 정우 사진 본 정프들.jpg

#정우버블 #정블리 https://t.co/WtAgB33hTY"
448,1401408261144793090,2021-06-06 05:19:01,"#정우버블 #정블리
이 앙큼 강쥐를 어쩌지 ??!?"
449,1401408250323505155,2021-06-06 05:18:58,"하 나 진짜 나갈 준비해야되는데 정우야
폰 붙잡고 있게 하네ㅜㅜㅜㅜㅠㅠ
#정블리 #정우버블"
450,1401408230794809348,2021-06-06 05:18:53,"#정블리 #정우버블

그런 기습공격 아주 좋아요 ⚈͒◡⚈͒ https://t.co/S44NRFNzt7"
451,1401408228223717386,2021-06-06 05:18:53,"#정우버블 
정블리 얼굴공격에 정신 못 차리는 중 https://t.co/LQn9MouwxZ"
452,1401408224629198852,2021-06-06 05:18:52,"정우 왜이리 청순해💚💚💚
#정우버블 #정블리 #정우 https://t.co/lS7lajU5eO"
453,1401408220405452800,2021-06-06 05:18:51,"김정우 미미미미미밈미미ㅣ친 
#정우버블 #정블리"
454,1401408199400382464,2021-06-06 05:18:46,#정우버블 나 죽음 진ㅁ자../ #정블리
456,1401408193213845504,2021-06-06 05:18:44,#정우버블 #정블리 아니 ㅋㅋㅋ 그런 기습 공격 수법으로 댓 달고 있는데 셀카 보내면 나 .. 머릿속 하얘저..💕 너무 이쁘당 ㅜㅜ😊
457,1401408174435962885,2021-06-06 05:18:40,얼굴공격 기습공격 패배완.. 𝙅𝙊𝙉𝙉𝘼잘생겼다..응... #정우버블 #정블리
458,1401408168484167680,2021-06-06 05:18:38,#정블리 #정우버블 정프들아 이거 마이크 아니냐..? https://t.co/UkdsZqbO4y
459,1401408141812649990,2021-06-06 05:18:32,"#정블리 #정우버블 

정우한테 공격당함.... https://t.co/ywriwbgVQE"
460,1401408105330610176,2021-06-06 05:18:23,#정블리 #정우버블 아 사랑한다고 김정우!! 오늘 이사찾 자컨... 진짜 내놔.........
461,1401408081003638786,2021-06-06 05:18:18,#정블리 #정우버블 웨않훼?...개행족해 히죽
462,1401408079221059586,2021-06-06 05:18:17,으아아악!! 냅다 기절...😭 #정우버블 #정블리
463,1401408065727987714,2021-06-06 05:18:14,"#정블리 #정우버블
이런 기습공격 환영임…❤️"
464,1401408056898985984,2021-06-06 05:18:12,미친다 미쳐 대가리 박박 깨는 중이다 나... #정우버블 #정블리
465,1401408053178634241,2021-06-06 05:18:11,"#정우버블 #정블리 
𝙍𝙀𝘼𝙇 얼굴 기습공격 ㅠㅠㅠㅠㅠㅠㅠㅠㅠㅠㅠㅠㅠㅠㅠㅜㅜㅜㅜㅜㅜㅠㅠㅠㅠㅠㅠㅠㅠㅠㅠㅠㅠㅠㅠㅠㅠㅠㅠㅠㅠㅠㅠ너무예뻐ㅠㅠㅠㅠㅠㅠㅠㅠㅠㅠㅠㅠㅠㅠ"
467,1401408040729866242,2021-06-06 05:18:08,"#정우버블 #정블리 앙아ㅏ아아아ㅏㅇㄱ 이쁘나 사진 보고 진짜 심장 아파,,,,ㅠ!!!"
468,1401408035935821830,2021-06-06 05:18:07,#정블리 #정우버블 계속 공격받을래…
469,1401408031049469956,2021-06-06 05:18:06,"#정우버블
자기 잘생긴 거 알아서 정프들 조져버려ㅠ"
470,1401408029816356864,2021-06-06 05:18:05,"정우가 계속 공격해요. 제 마음
#정우버블 #정블리"
472,1401408013743710209,2021-06-06 05:18:02,"#정블리 #정우버블
셀카미쳣냐고ㅜㅜ내심장뿌셧네"
473,1401408003723563012,2021-06-06 05:17:59,"#정우버블 #정블리
셀카보고 뒤집어짐"
475,1401407996777795584,2021-06-06 05:17:57,"#정우버블
기습공격 제법사랑함"
476,1401407993317523456,2021-06-06 05:17:57,김정우 기습공격 성공률 백프로 ㅎㅎ #정우버블 #정블리
477,1401407956688588803,2021-06-06 05:17:48,#정우버블 #정블리 미쳤나봐 나 보자마자 물 뿜었어 흰티 정우 필승필승
478,1401407950237757443,2021-06-06 05:17:46,#정우버블 #정블리 계정주 사망..
479,1401407928159064065,2021-06-06 05:17:41,ㅝ야!!! 뭐 찍어!?? #정블리 #정우버블
480,1401407912895909888,2021-06-06 05:17:37,"#정우버블 #정블리
기습공격 아주 좋아따 ㅎㅋㅋㅋㅋㅋㅋ"
482,1401407881971437568,2021-06-06 05:17:30,"얼굴 공격 그거? 음 약간 실려가는 정도?
#정블리 #정우버블 https://t.co/Ta02BpREiB"
483,1401407873532370947,2021-06-06 05:17:28,#정블리 #정우버블 정우 예뻐.. 너무 째끄매요 얼굴이
484,1401407841085247488,2021-06-06 05:17:20,"#정블리 #정우버블
저기 갑자기 그렇게 얼굴공격하시면 ㅠㅠㅠ😭😭😭😭😭😭😭😭💜💜💜💜💜💜💜💜☺️☺️"
485,1401407839092940803,2021-06-06 05:17:20,"#정블리 #정우버블 
얼굴공격~💚❤💗💖🖤🤎💜💙💛🧡 https://t.co/jQnRcHQYD6"
486,1401407835678773256,2021-06-06 05:17:19,"#정우버블 #정블리 얼굴공격 미쳤지 아주보다가 눈물흘렸어 담에 꼬옥 셀카 공개해주면 되,"
487,1401407824677072898,2021-06-06 05:17:16,#정블리 #정우버블 아
489,1401407741726388226,2021-06-06 05:16:57,"#정블리 #정우버블
얘 진짜 깜찍함ㅋㅋㅋㅋㅋㅋㅋㅋㅋㅋㅋㅋㅋㅋㅋㅋㅋㅋㅋㅋㅋㅋㅋㅋㅋㅋㅋㅋ정우야 뭘 먹으면 너처럼 깜찍해지니"
491,1401407702832611328,2021-06-06 05:16:47,"#정블리 #정우버블 

정우 얼굴공격 언제나 최고지 🥺 
아직안나온 사진도 얼릉 보고싶다 ..."
493,1401407686697123845,2021-06-06 05:16:44,#정우버블 #정블리 얼굴 공격 그냥 쩔었지... 찢었지.......
495,1401407676743970817,2021-06-06 05:16:41,#정우버블 안녕 형 https://t.co/1pCG7YN9kV
496,1401407668850360326,2021-06-06 05:16:39,뮤비찍은날 셀카없니..?설마?#정우버블
497,1401407667252330496,2021-06-06 05:16:39,"김정우 얼굴공격 더 해!! 더 해!!! 더 해봐!!!

#정우버블 #정블리 https://t.co/FCV5sFrkZc"
500,1401407582447702021,2021-06-06 05:16:19,ㅋㅋㅋㅋㅋㅋㅋㅋㅋ 찢음~ #정우버블 #정블리 https://t.co/uEtaleUmvl
501,1401407571064356872,2021-06-06 05:16:16,얼굴공격 성공 나의 19980219번째 심장이 멈췄어 #정우버블 #정블리 https://t.co/u2fGGgfdnw
502,1401407567759167493,2021-06-06 05:16:15,#정우버블 #정블리 뭐가 또 나와??????무대 찍었구나 그지? 그지!!!
504,1401407552005369857,2021-06-06 05:16:11,#정블리 #정우버블 뭐가 더 나온다는 말이지
505,1401407541087670273,2021-06-06 05:16:09,"#정우버블 #정블리
얼굴공격에 기절 했지 https://t.co/A7NdT6Sbfu"
506,1401407538231267329,2021-06-06 05:16:08,#정블리 #정우버블 말해뭐해 나 얼굴 공격받고 쓰러졌잖아
507,1401407534548746241,2021-06-06 05:16:07,"당신은 좋은 형제입니다!
해찬 이랑 셀카 보내는 거 잊지마🥰🥰🥰😭

#정우버블 #정블리 https://t.co/D8VHdMzOmi"
510,1401407487903866880,2021-06-06 05:15:56,"#정블리 #정우버블 
그래,,잘생긴거 모르는게 바보지!!!🤪 https://t.co/FPNPPhL1OH"
511,1401407466206765057,2021-06-06 05:15:51,"#정블리 #정우버블 

얼굴공격 심하게 받았지.., https://t.co/aHrdspxS4e"
514,1401407442559201284,2021-06-06 05:15:45,"#정블리 #정우버블
얼굴공격 당연함 정우 얼굴보려고 뮤비보는 사람임. 정우얼굴 최고인거 말하기도 이제 입아픔 하지만 안 질려서 계속 말함 ㅠ"
516,1401407400322551809,2021-06-06 05:15:35,"얼굴공격 장난 없었지,,, #정우버블 #정블리 https://t.co/aMEhLo06oa"
518,1401407396056952836,2021-06-06 05:15:34,"#정블리 #정우버블 

이제 자기도 아는거지 ..
내 심장 공격 완벽하게 먹혔다는걸 .. https://t.co/OCZ35Uy2dF"
519,1401407383310508038,2021-06-06 05:15:31,"더해줘!! 더해줘!!!! 막 들이밀어~! 더 들이밀어~!
#정블리 #정우버블"
521,1401407375978897408,2021-06-06 05:15:29,"#정우버블 #정블리

아놔 김정우 자기 잘생긴거 너무 잘 알아서 개좋음"
526,1401407296354193412,2021-06-06 05:15:10,"#정블리 #정우버블
🐶 : 어때 내 얼굴 공격이~?
https://t.co/DEXhfV4dgO"
527,1401407293879578627,2021-06-06 05:15:10,#정블리 #정우버블 진짜 웃기고 귀엽다ㅋㅋㅋㅋㅋ
528,1401407289936859137,2021-06-06 05:15:09,#정블리 #정우버블 .... 사랑해
529,1401407287751626757,2021-06-06 05:15:08,"정프들아 셀카 보낸거 아니지 ?
누락인 줄 알고 급발진 할뻔했어 ;;; 
#정우버블 #정블리"
530,1401407273268699143,2021-06-06 05:15:05,#정우버블 #정블리 얘 지금 본인이 잘생기게 나온거 알고 이러는거지 아
531,1401407272845078533,2021-06-06 05:15:05,#정블리 #정우버블 말해뭐해.. https://t.co/7MTFov7BbS
532,1401407231162130433,2021-06-06 05:14:55,"#정블리 #정우버블 앙큼폭스타입,, https://t.co/1hMPxSY3k7"
533,1401407221674635267,2021-06-06 05:14:53,#정우버블 얼굴공격 최고 !!!!
534,1401407182394953730,2021-06-06 05:14:43,"#정블리 #정우버블
나 기절ㅜㅜㅜㅜ 앙큼 강쥐다…ㅜㅜ"
535,1401407173138083840,2021-06-06 05:14:41,"어떻냐고..? 얼굴 공격..?
이런 fox

#정우버블 #정블리 https://t.co/NFtzGysgFX"
536,1401407166913781772,2021-06-06 05:14:40,"아 김정우 진짜 너무 귀엽다 ㅋㅋㅋㅋㅋㅋ 얼굴공격 말해 뭐하니,, 마린세르와 김정우 이거 케이팝 다 찢은거지 #정블리 #정우버블"
537,1401407161381523461,2021-06-06 05:14:38,#정우버블 #정블리 김정우 얼굴 최고야…
538,1401407100178210822,2021-06-06 05:14:24,#정우버블 #정블리 김정우 얼굴 공격 https://t.co/9nR8B990Ij
540,1401406998885781504,2021-06-06 05:14:00,#정우버블 이 정도면 혈육임 https://t.co/oZj33Y37NW
541,1401406984281235456,2021-06-06 05:13:56,"나 또 이러고 있네

우리 얘 파트가                 웅웅 들어봤지ㅎㅎ
고작 6초 따리?!?             노래 넘 조아
에스엠 망할 놈들아          울 강쥐 파트 짱짱
양심 있냐 개싸가지

#정우버블 #정블리 https://t.co/faPlNkUs6l"
542,1401406976068767748,2021-06-06 05:13:54,정우 파트 짱! 근데 너무 작아요 난 더 원해! #정블리 #정우버블
543,1401406950244425728,2021-06-06 05:13:48,정우야 덕분에 주말이 정말 즐거웠어&gt;&lt; 해찬이랑 맛있게 먹어 💕💕 #정우버블 #정블리
544,1401406940924715010,2021-06-06 05:13:46,#정우버블 자다 깨서 밥먹을려고 하자마자 정우 오넹
545,1401406873291485184,2021-06-06 05:13:30,#정블리 #정우버블 요즘 멤버들이 마라탕에 엄청 꽂혀잇나보네ㅠㅋㅋㅋ
546,1401406845013483524,2021-06-06 05:13:23,#정블리 #정우버블 정우는 나를 구했어. 🖤 https://t.co/qMC4oIQID4
548,1401406831663009792,2021-06-06 05:13:20,#정우버블 #정블리 프로아이돌 김정우
549,1401406821428985863,2021-06-06 05:13:17,"#정블리 #정우버블
널 만나고 보물섬에 arrival~~~"
551,1401406739342192640,2021-06-06 05:12:58,#정블리 #정우버블 정우 음색 옥구슬 꾀꼬리
552,1401406699794317319,2021-06-06 05:12:48,정우 목소리 말해 뭐해~ #정블리 #정우버블
553,1401406690604380166,2021-06-06 05:12:46,김정우!!!!!!!! #정우버블 #정블리
554,1401406679363641345,2021-06-06 05:12:43,#정블리 #정우버블 천 개의 칭찬도 모자라 (일단 세 개만 허버허버 https://t.co/9NJIpUsNtB
555,1401406673797877761,2021-06-06 05:12:42,"#정블리 #정우버블 

그냥 정우 칭찬감옥에 가둬버리고 싶어 https://t.co/hKUPPJbo7v"
556,1401406669809090561,2021-06-06 05:12:41,#정블리 #정우버블 마라탕에 다시 꽂힌 울 정우 🐶
557,1401406656563449856,2021-06-06 05:12:38,#정우버블 #정블리 세이브에 네 파트가 젤 좋아!
558,1401406653224738816,2021-06-06 05:12:37,#정우버블 나 김정우랑 운명인가 티키타카 제일 성공적인 엔시티 중 한 명인데 https://t.co/845hx21BSk
559,1401406635382247427,2021-06-06 05:12:33,"#정블리 #정우버블 
세이브뮤비 정우셀카 보내주라ㅜ"
560,1401406632270045188,2021-06-06 05:12:32,"#정블리 #정우버블

목소리 짱 좋았어!"
561,1401406596786257920,2021-06-06 05:12:24,"#정우버블
요즘 마라탕 못먹었는데 ~ 조만간 먹어야지"
562,1401406595213365255,2021-06-06 05:12:23,#정우버블 #정블리 오늘은 날씨가 너무 덥네요 ☀ https://t.co/4QEnPuER9U
563,1401406567820382209,2021-06-06 05:12:17,#정우버블 #정블리 진짜 김졍우 귀여워 미쳐버리겠네...
564,1401406537893957637,2021-06-06 05:12:10,#정블리 #정우버블 마라중독
565,1401406530818174979,2021-06-06 05:12:08,"#정우버블 #정블리

정우 항상 말할때나 글로 쓸 때 이번에라고 안하고 요번에라고 하는거 넘 귀여워...😭"
566,1401406451365531648,2021-06-06 05:11:49,"세이빙미 정우야 🤗

#정블리 #정우버블"
567,1401406435418808321,2021-06-06 05:11:45,나 이제 정우말투 민서공이해도 돼? 꽂혀가지9 #정블리 #정우버블
568,1401406335044833287,2021-06-06 05:11:21,#정우버블 #정블리 김정우 목소리 간지 작살 ㄷㄷ
569,1401406101715755027,2021-06-06 05:10:26,#정우버블 #정블리 그래 마라탕 많2 먹9 ♡
570,1401406058677952514,2021-06-06 05:10:15,#정우버블 #정블리 님 넘 아기같9 92여워요!
571,1401406029095604224,2021-06-06 05:10:08,#정블리 #정우버블 그랬9나 마라탕에 꽂혔9나 ㅋㅋㅋㅋㅋㅋ 삼 년째 꽂혀있는 거 같은데 ㅋㅋㅋㅋㅋㅋㅋ 울아덜 마니 머겅 https://t.co/ueDkVJzNY7
572,1401405984195584000,2021-06-06 05:09:58,"#정블리 #정우버블 

정우 거의 내 친구보다 빨리 읽음 ㅋㅋㅋㅋㅋㅋㅋㄱ반응속도 10초컷"
573,1401405969372905479,2021-06-06 05:09:54,"오늘 사진은 아니지만 오늘 하늘 정말 맑고 깨끗한것 같아😆

#정블리 #정우버블 https://t.co/emlBXpudlp"
574,1401405950343335940,2021-06-06 05:09:50,"제 자리는 날씨도 좋지만 조금 더워요

#정우버블 #정블리 https://t.co/SYGl41J8gx"
575,1401405893992869893,2021-06-06 05:09:36,"정우야 나의 별명 마라윤 이다? ṑṑṑ 
그냥 그렇타구 #정블리 #정우버블"
576,1401405891698589700,2021-06-06 05:09:36,"#정블리버블 #정우버블

정우야 나도 오늘 마라탕 먹었는데 우리 운명이다 안되겠다 결혼해야겠다"
577,1401405885126119426,2021-06-06 05:09:34,"#정블리 #정우버블 
난 너가 너무 좋9~"
578,1401405858068697090,2021-06-06 05:09:28,"가지9ㅋㅋㅋㅋㅋㅋㅋㅋㅋㅋㅋㅋ 아 진짜!!! ㅠㅠㅠㅠㅠ 

울어

#정블리 #정우버블"
579,1401405848799174658,2021-06-06 05:09:25,"#정블리 #정우버블
이쁘나 ㅠㅠㅠ 사랑해 🤍🤍 좋은하루보내고 !!!"
580,1401405843489259527,2021-06-06 05:09:24,"#정우버블 #정블리
날 기쁘게 하는건 김정우뿐 ㅠㅅ"
581,1401405816792489989,2021-06-06 05:09:18,#정우버블 #정블리 마라탕은 입맛에 맞9?ㅋㅋㅋ
582,1401405774149021699,2021-06-06 05:09:08,#정우버블 나도 요즘 마라탕만 먹어 ㅋㅋㅋ https://t.co/wIoMPh2waP
583,1401405760156798976,2021-06-06 05:09:04,"#정우버블 #정블리
꿔바로우도 같이 먹으3"
584,1401405746118492163,2021-06-06 05:09:01,"#정블리 #정우버블

난 너에게 꽂혀가지9 ㅋㅋ 어쩌냐9 ㅋㅋ"
585,1401405742049943555,2021-06-06 05:09:00,#정우버블 #정블리 마라탕!!!!😍😍
586,1401405728636555264,2021-06-06 05:08:57,"안녕 정우, 주말 잘 보냈어. 그건 그렇고 네가 보낸 사진이 좋아
#정블리 #정우버블"
587,1401405727831314442,2021-06-06 05:08:57,#정블리 #정우버블 그랬9나 마라탕 맛있겠다🥺
588,1401405700547305479,2021-06-06 05:08:50,"#정블리 #정우버블
아 나도 마라탕 먹고싶다"
589,1401405639742558211,2021-06-06 05:08:36,"둘이 맛있는거 뭐 먹을예정??
#해찬이_우린널_사랑이라_불러 
#정우버블 #정블리"
590,1401405585799581699,2021-06-06 05:08:23,"#정블리 #정우버블
나름 티키타카 같이 넣을려다가 말앗는데ㅜ아쉽당 https://t.co/V55RLfAJlC"
591,1401405460226351107,2021-06-06 05:07:53,"#정블리 #정우버블 

이거 맞냐 ... 맞냐 .... 맞냐 ...? https://t.co/xV6kQP609J https://t.co/19o6P89KdS"
592,1401405415775035397,2021-06-06 05:07:42,"#정블리 #정우버블
정우야사랑래ㅠㅠㅜㅠㅠㅠㅠㅠㅠ아진짜
너무너무너무보고싶다😭😭😭😭😭😭😭😭😭😭😭😭"
593,1401405401506062336,2021-06-06 05:07:39,"#정블리  #정우버블 

오늘 해찬이랑 맛있는 거 같이 먹기로 했다네요.....ㅠㅠ 기여엉 ㅠㅠ"
594,1401405401153769476,2021-06-06 05:07:39,요정도면 티키타카 인정? #정블리 #정우버블 https://t.co/HCiHILc9r2
595,1401405397148192768,2021-06-06 05:07:38,#정우버블 #정블리 해차니랑 뭐 먹기로 했어어~
596,1401405341628203008,2021-06-06 05:07:24,#정블리 #정우버블 오웅 육회 연어 랍스터 먹는건가 ㅋㅋㅋㅋㅋㅋ
597,1401405299106402305,2021-06-06 05:07:14,그려 맛난거 많이 먹어 다 먹어 어여 #정블리 #정우버블
598,1401405254135029765,2021-06-06 05:07:04,"내가 본 하늘이야 구름이 없네ㅋㅋㅋ
#정우버블 #정블리 https://t.co/u010o9Adet"
599,1401405202918350848,2021-06-06 05:06:51,젱우가 준 사진으로 잠금화면 했는데 너무 이쁘당💕 #정우버블 #정블리 https://t.co/THaqnyQaxH
600,1401405165068898312,2021-06-06 05:06:42,#정우버블 #정블리 날씨좋당 !! 💙 https://t.co/pHGDz0QL8W
601,1401405156189634561,2021-06-06 05:06:40,"#정우버블 #정블리
이 귀요미를 어쩌면 좋지..."
602,1401405098182414340,2021-06-06 05:06:26,#정우버블 #정블리 정우 해찬이 생일 축하 해줫구나(𝑱𝒖𝒏𝒈𝒘𝒐𝒐’𝒔 𝒘𝒊𝒇𝒆)…ㅠㅠㅠㅠ 최고형아
603,1401405084903243776,2021-06-06 05:06:23,#정우버블 #정블리 오늘 하늘하늘하지~ https://t.co/dzBr71KBfn
604,1401405031979446279,2021-06-06 05:06:11,"#정블리 #정우버블 
날씨너무좋앙 하늘하늘행 https://t.co/V6QqIwrzmS"
605,1401404994897604611,2021-06-06 05:06:02,"#정우버블 #정블리

날씨 좋다고 하늘 사진 보내주는 남자...좋다...❤️"
606,1401404949230022660,2021-06-06 05:05:51,"나는 사진을 좋아한다! 많이 먹는 것을 잊지 마세요!🌿🌲🌳🥰

#정우버블 #정블리 https://t.co/bGAM1YRMiW"
607,1401404916858376196,2021-06-06 05:05:43,"아나 이거거든~
#정블리 #정우버블 https://t.co/XZwSmAVNdz"
608,1401404900215443471,2021-06-06 05:05:39,#정우버블 #정블리 왜 이렇게 귀엽지 진짜..
609,1401404850370342913,2021-06-06 05:05:27,"#정우버블 #정블리
저 오이! 단어 하나에도 정우의 말투와 목소리가 들려.."
610,1401404835237294080,2021-06-06 05:05:24,"해챠니 생일 전화로 축하해줬대 ㅠㅠ😍

#정블리 #정우버블 https://t.co/dPFbw8ZYKs"
611,1401404814546898947,2021-06-06 05:05:19,오이ㅜㅜㅜㅜㅜㅜㅜ 아ㅜㅜㅜㅜㅜㅜㅜㅜㅜㅜㅜㅜㅜㅜㅠ #정블리 #정우버블
612,1401404792086224902,2021-06-06 05:05:13,"#정우버블 #정블리 

어제 사진이긴 하지만~ 하늘하늘행~☀️☁️ https://t.co/L0OQuYA13H"
613,1401404787657089026,2021-06-06 05:05:12,#정우버블 #정블리 정우야 산책가자!!!
614,1401404787229290508,2021-06-06 05:05:12,산책가자 정우야~ #정우버블 #정블리
615,1401404777645285376,2021-06-06 05:05:10,"오이 ~~ 🥒🥒🥒
하 , 와엠아크라잉 ㅜ ♡ #정우버블"
616,1401404749799333889,2021-06-06 05:05:03,"#정블리 #정우버블 
ㅋㅋㅋㅋㅋㅋㅋㅋㅋ 이것두 티키타카인가 https://t.co/Kvoe48C7Pf"
617,1401404681612533763,2021-06-06 05:04:47,#정우버블 #정블리 ㅠㅠㅠㅠㅠ쩡우야ㅠㅠㅠ
618,1401404650163560450,2021-06-06 05:04:40,#정우버블 #정블리 정우 점심 먹었어 ~?
619,1401404629963866112,2021-06-06 05:04:35,#정블리 #정우버블 오이!
620,1401404541224951816,2021-06-06 05:04:14,"#정우버블 #정블리

하늘 예쁘당~!!"
621,1401404494726893569,2021-06-06 05:04:03,#정블리 #정우버블 하늘하늘행~~ https://t.co/BfIGCdux9e
622,1401404481938411521,2021-06-06 05:03:59,"날씨 좋다고 하늘 사진 보내주는 정우☺
귀여웡😍😍
#정우버블 #정블리"
623,1401404467979853825,2021-06-06 05:03:56,"너처럼 날씨가 정말 좋다🥰

#정우버블 #정블리"
624,1401404463693271045,2021-06-06 05:03:55,"#정블리 #정우버블
정우가 보낸 하늘사진보고 입가에는 포물선 https://t.co/rMuTzADso6"
626,1401404405149175810,2021-06-06 05:03:41,#정우버블 #정블리 정우가 봐도 넘 좋은 날씨인거지.. 우리 정우처럼 밝고 맑고 날씨가 너무 이쁘다✨🥰⛅️☀️
627,1401404398119505922,2021-06-06 05:03:40,티키타카 성공 ㅠㅠㅠㅠㅠㅠ #정블리 #정우버블 https://t.co/agzlgmm4NE
628,1401404396253028352,2021-06-06 05:03:39,"#정블리 #정우버블
와 정우야 하늘굳~"
629,1401404388644511747,2021-06-06 05:03:37,"좋은 주말 보내고 이써ᐟ.ᐟ.ᐟ.ᐟ.ᐟ.ᐟ 
정우도 잘 보내고 있오?😚
맞어 날씨 진짜 너무 좋고 하늘 진짜 너무너무 예쁘다💗

#정우버블 #정블리"
630,1401404385956024322,2021-06-06 05:03:37,"날씨가 너무 좋다 🌤️
#정블리 #정우버블"
631,1401404365609472001,2021-06-06 05:03:32,"#정우버블 #정블리 

울 왕자님 오셨당ㅜㅜ하늘 이쁜데 뭐하고 있으려나"
632,1401404325780287490,2021-06-06 05:03:22,예쁜 하늘 찍어서 보내주고 귀여운 코멘트 달아주구 진짜 김정우 인타민 인간 비타민 확실함 #정블리 #정우버블
633,1401404316271857666,2021-06-06 05:03:20,#정우버블 #정블리 정우 말투 너무 귀엽다 진짜
635,1401404306067128323,2021-06-06 05:03:18,"#정블리 #정우버블
하늘하늘하다~~ 초록초록도 하는데~~?? https://t.co/Pndp5OzS4t"
636,1401404294117478403,2021-06-06 05:03:15,"#정우버블
하늘하늘행 ~ ~ https://t.co/l15TPmmzHu"
637,1401404286488088578,2021-06-06 05:03:13,"정우 보고싶어서 버블보내자마자 정우가 버블왔다 신기해 근데 날씨좋아서 하늘사진버내다니ㅜㅜ기여어 하늘하늘행
#정블리 #정우버블"
638,1401404196033732611,2021-06-06 05:02:51,"당신이 메시지를 보내실 기다리고 있어요🥺🤧

#정우버블 #정블리"
639,1401404120049741826,2021-06-06 05:02:33,#정블리 #정우버블 오늘 날씨 넘 조아☀️
640,1401404109312327682,2021-06-06 05:02:31,"#정우버블 #정블리
세상에 이런 일이, 강아지도 사진을 찍을 수 있군요! 귀욤방댕 손으로 사부작 찍었을 거 생각하면 눈물 줄줄"
641,1401404098537160705,2021-06-06 05:02:28,#정블리 #정우버블 아저씨 저 지금 정우랑 얘기하자나요 https://t.co/S8xri7yt5H
643,1401404074256310277,2021-06-06 05:02:22,"#정우버블 #정블리
내가 보는 하늘하늘한 하늘💙
그리고... 한강 똥물 https://t.co/M8XV1HDhzQ"
644,1401404070326243330,2021-06-06 05:02:21,#정우버블 #정블리 귀여웡귀여우@어
645,1401404057671987205,2021-06-06 05:02:18,"날씨 좋은날 찾아 온 정우🤍
#정블리 #정우버블 https://t.co/CjmIbXsLvU"
646,1401404034628554755,2021-06-06 05:02:13,"너 진짜 .. 너 진짜 귀엽다 ..
하늘하늘해 ?? 어 ?? 하 , 난 정우정우해 ,
#정블리 #정우버블 https://t.co/bIVb0fqo0q"
647,1401404031084351488,2021-06-06 05:02:12,#정블리 #정우버블 오늘 날씨 좋다🐶
648,1401404030979493892,2021-06-06 05:02:12,"#정우버블 #정블리
강아지야 오늘 날씨 너무 맑네요 하늘하늘혀 울 정우 산책도 하고 그랬음 좋겠네요 안나부 뿡이다♥ https://t.co/a01HkZ0XLq"
649,1401403993532682242,2021-06-06 05:02:03,#정블리 #정우버블 울 정우는 오늘 하루 잘 보내고 있어? 하늘이 정우처럼 넘 넘 맑다. . 🤍⛅️
650,1401403980647833602,2021-06-06 05:02:00,#정블리 #정우버블 진짜 너무 귀엽다...... 하늘하늘행...... 날씨 좋다고 사진까지 찍어 보내주는 강쥐
651,1401403948557164544,2021-06-06 05:01:52,#정우버블 #정블리 큐트큐트행~~
652,1401403943595347971,2021-06-06 05:01:51,"#정우버블 #정블리

이런 일상 mood의 소소한 대화가 너무 좋음ㅠㅠ 이런게 정우버블의 수많은 좋은 점들 중 하나 아닐까"
653,1401403942437748743,2021-06-06 05:01:51,#정우버블 풍경찍는 김정우 내 남친감으로 딱이다
654,1401403929808621571,2021-06-06 05:01:48,"아김정우ㅠㅠㅠㅠㅠㅠㅠㅠ응아으으아ㅡ으이으으으아아으응아응아으
#정우버블"
655,1401403923198451716,2021-06-06 05:01:46,"#정블리 #정우버블 

하늘하늘해 ~~~~~"
656,1401403895776038921,2021-06-06 05:01:40,#정블리 #정우버블 나도 하늘사진 !! https://t.co/1MX6qvCmVw
657,1401403868492169217,2021-06-06 05:01:33,"아 ㅁㅊ ㅠㅠㅠㅠ 개 오랜만이라 더,, 좋네
#정블리 #정우버블"
658,1401403863819710465,2021-06-06 05:01:32,"#정블리 #정우버블
하늘하늘행~~ 😍😍 https://t.co/pMOpIRIKHV"
659,1401403842231603207,2021-06-06 05:01:27,"정우 버블왔다 나 지금 조금 설렌다
#정우버블 #정우"
660,1401403810669465602,2021-06-06 05:01:19,"#정우버블
해찬이 컵호 기다리다가 심심햇는데 와줘서 고마워 ㅠㅠㅠㅠ 사진 잘찍는당"
662,1401403788930412544,2021-06-06 05:01:14,#정우버블 #정블리 정우야아우ㅠㅠㅠㅠㅠ
663,1401403769028370434,2021-06-06 05:01:10,#정우버블 #정블리 오이~! 사진 너무 잘 찍었다아아아 이 귀요미... 우짤래미..🥰
664,1401403765391912970,2021-06-06 05:01:09,오 김정우 사진 잘찍었는데 ㅋㅋㅋㅋㅋ #정블리 #정우버블 https://t.co/VwA0t3N9lq
665,1401403760287485956,2021-06-06 05:01:07,#정블리 #정우버블 아기체수종
666,1401403712656920576,2021-06-06 05:00:56,#정우버블 #정블리 귀욤귀욤행~~
667,1401403712124252161,2021-06-06 05:00:56,뭐야 뭐야??? #정블리 #정우버블 https://t.co/Xhq3wyx7DM
668,1401403686828474370,2021-06-06 05:00:50,#정우버블 #정블리 하늘하늘행~~
669,1401403679035457538,2021-06-06 05:00:48,#정블리 #정우버블 아니 정우는 왜 일상적인 말을 해도 귀여운 것인가?
670,1401403627902672896,2021-06-06 05:00:36,더위 조심해 정우야... #정우버블 #정블리
671,1401403623897059332,2021-06-06 05:00:35,#정블리 #정우버블 하늘 너무 예쁘다🥺🥺🥺
672,1401403613126164481,2021-06-06 05:00:32,#정블리 #정우버블 나 주거~~~ㅠㅠ
673,1401403600706932737,2021-06-06 05:00:29,하늘하늘행~ 개귀엽다…. #정블리 #정우버블
674,1401403590023868419,2021-06-06 05:00:27,#정우버블 #정블리 정우가 하늘 사진 찍어보내줬어 ..
675,1401403473522880512,2021-06-06 04:59:59,"#정우버블
#정블리

악 정우 와써"
676,1401403447853740032,2021-06-06 04:59:53,#정블ㄹ #정우버블 아ㅠㅜ애기야 기다렸어..오늘 날씨 완전좋아!!
677,1401403359483949059,2021-06-06 04:59:32,#정우버블 #정블리 강쥐와따
678,1401403343650516998,2021-06-06 04:59:28,#정우버블 #정블리 날씨 넘 좋지✨
680,1401403308875542528,2021-06-06 04:59:20,"나 뜨거운 날씨 좋아해(?)
#정블리 #정우버블 https://t.co/XwUXL15o7u"
681,1401403275845402625,2021-06-06 04:59:12,정우야ㅑㅑ ♡ #정우버블 #정블리
682,1401403261572194315,2021-06-06 04:59:09,#정우버블 #정블리 정우도 행복한 주말 보내고 있어~?
683,1401403251057119238,2021-06-06 04:59:06,"#정우버블 #정블리 

세상에서 가장 설레는 알람 .. https://t.co/rhegIHf4up"
684,1401403227489308672,2021-06-06 04:59:00,와 정우 진짜 빨리 읽어 #정블리 #정우버블
685,1401403186963906560,2021-06-06 04:58:51,"#정블리 #정우버블
 날씨개좋아~~ https://t.co/TyJ0lk4hZg"
687,1401403174758404097,2021-06-06 04:58:48,#정우버블 #정블리 그니까아 날씨가 좋아... 놀러가고 싶어엉ㅎ
688,1401403159155646464,2021-06-06 04:58:44,"꺅 
#정우버블 #정블리 https://t.co/QulsBCEgnM"
689,1401403151035420672,2021-06-06 04:58:42,#정블리 #정우버블 애기야ㅠㅠㅠ
690,1401403116155723776,2021-06-06 04:58:34,날씨 너무 좋지ㅜㅜㅠ 그럼 그럼 #정블리 #정우버블
691,1401403113953656833,2021-06-06 04:58:33,#정블리 #정우버블 오늘 날씨 너무 좋은데 나 지금 조금 많이 더워
692,1401403082437652485,2021-06-06 04:58:26,#정우버블 #정블리 정우 왔당
693,1401403053509468163,2021-06-06 04:58:19,#정우버블 #정블리 으아아ㅏ가아아아아ㅏ 정우야 ㅠ
694,1401403049206108163,2021-06-06 04:58:18,"#정블리 #정우버블 

정우야 💚"
695,1401403043296387073,2021-06-06 04:58:16,#정우버블 정우도 날씨 좋은데 잘 보내고 잇니….ㅠㅠㅠㅠ
697,1401402963818516481,2021-06-06 04:57:58,"#정우버블 #정블리

정우도 잘 보내고 있는지💝"
698,1401402953844498433,2021-06-06 04:57:55,#정우버블 #정블리 정우 왔어 ㅠㅠ!!! ㅎㅎ
699,1401402944780521473,2021-06-06 04:57:53,#정우버블 #정블리 꺅 ㅋㅋㅋㅋㅋㅋㅋㅋ 마플충 징징충 미안해요 정우씌 넘 좋넹 ㅜㅡㅠ https://t.co/25RlVrbooC
701,1401402864728035333,2021-06-06 04:57:34,#정우버블 #정블리 ㅠ💗💗💗
702,1401402860777078788,2021-06-06 04:57:33,#정블리 #정우버블 정우는 즐거운 주말 보내고 있어요??
703,1401402845438439429,2021-06-06 04:57:29,#정블리 #정우버블 정우다악 !!
704,1401402827541422082,2021-06-06 04:57:25,"#정블리 #정우버블
정우와따ㅜㅜㅜㅜㅜ♡ ♡ ♡ 보고싶었어 울 정우 .ᐟ.ᐟ"
705,1401402821887479811,2021-06-06 04:57:24,#정블리 #정우버블 정우야💚
706,1401402816304869382,2021-06-06 04:57:22,정우 왔다 🥺🥺 #정우버블 #정블리 https://t.co/4N6juirYeo
707,1401402794850983939,2021-06-06 04:57:17,"#정블리 #정우버블

정블리 왔다아아~!"
708,1401402766078058504,2021-06-06 04:57:10,"#정우버블 #정블리 
정우야 😍😍😍😍😍
주말 잘 보내구 있나요~~?"
709,1401402756435308545,2021-06-06 04:57:08,#정블리 #정우버블 보고싶었어 정우야ㅠㅠㅠㅠㅠㅠㅠㅠㅠㅠㅠㅠㅠㅠㅠ https://t.co/m9tpRDf3M4
710,1401402725103927296,2021-06-06 04:57:01,"#정블리 #정우버블
정블리 와따..."
711,1401402705503948806,2021-06-06 04:56:56,#정우버블 #정블리 정우야😍
712,1401402700357533696,2021-06-06 04:56:55,#정블리 #정우버블 정우야ㅠㅠㅠㅠㅠㅠㅠㅠㅠㅠㅠㅠㅠㅠㅠㅠㅠㅠㅠ❤️❤️❤️❤️❤️❤️
713,1401402689267793924,2021-06-06 04:56:52,"#정우버블 #정블리 헉!!! 일찍 온거 처음!!
무튼 잘 보내고 있지유~~~😍"
714,1401402683790008320,2021-06-06 04:56:51,"#정우버블 #정블리 똥을 밟아도 일단 잘보내는거,,,"
715,1401402680027742216,2021-06-06 04:56:50,#정우버블 #정블리 정우야 ㅠㅠㅠㅠㅠ 잘지내고있엉 ??
716,1401402671773278212,2021-06-06 04:56:48,"#정블리 #정우버블

정우 덕분에 즐거운 주말 💌"
717,1401402662432559110,2021-06-06 04:56:46,"#정우버블 #정블리 
정우야ㅜ 보고싶었어"
718,1401402647979036672,2021-06-06 04:56:42,"#정블리 #정우버블
정우야 기다렷어 ㅜ ❤︎"
719,1401402641079361542,2021-06-06 04:56:41,어이쿠 정우야ㅠㅠㅠㅠ #정블리 #정우버블
720,1401402637409427459,2021-06-06 04:56:40,#정블리 #정우버블 정우야ㅠㅠㅠㅠㅠㅠ🤩
721,1401402615804669953,2021-06-06 04:56:35,정우야 ㅠㅠㅠㅠㅠ #정블리 #정우버블
722,1401402610461003792,2021-06-06 04:56:33,"엄마야 정우야 주말 잘 보내구 이써어어ㅠㅠㅠㅠ
#정블리 #정우버블"
723,1401402609731137538,2021-06-06 04:56:33,#정블리 #정우버블 정우다!😄
724,1401402586050166792,2021-06-06 04:56:27,#정우버블 !!!! 정우야
725,1401402584640856072,2021-06-06 04:56:27,"#정우버블 #정블리
울강아지 오셨다"
726,1401402582879203330,2021-06-06 04:56:27,#정우버블 #정블리 정우야!!!!!!!!!
729,1401336649573801984,2021-06-06 00:34:27,"삶을 살다보면,
왠지 느낌이 좋고
생각하면 웃음이 나오고
늘 그리움으로 목덜미를
간지럽히는 사람이 있습니다.

🐶 용혜원 &lt;가까움 느끼기&gt;

#정우 #JUNGWOO #정우버블 #정블리 #정우와문학 https://t.co/kuift4pkbR"
732,1401063217137295365,2021-06-05 06:27:56,정우의 버블에 가자 🤗 정우는 항상 모든 팬들에게 격려를 해주기 때문에 정우를 격려해야 해요 🤗 정우에게 격려와 긍정적 인 문장을 쓸게요 🌈🌻🌟🥰💙 #정블리 #정우버블 https://t.co/s0KLQLtKZw
733,1401046038895464448,2021-06-05 05:19:40,"당신이 이 세상에 와서
참 따뜻했으면 좋겠다.

때로 힘들고, 슬프고, 외롭고, 아프더라도
그것이 행복으로 만들어가는 과정이었으면 좋겠다.

🐶 권대웅 &lt;그리운 것은 모두 달에 있다&gt;

#정우 #JUNGWOO #정우버블 #정블리 #정우와문학 https://t.co/4JGs22Zde3"
734,1400887026874929155,2021-06-04 18:47:49,"당신이 힘들었던 것을 안다.

나는 옆에서 걸어주면 그만이지만,
당신은 견뎌야 할 게 많다.

우리에게 세상은 정 없이 잔인하지만,
당신은 은근히 여리다는 것을 안다.

언제나 당신 옆에는 내가 있다.

🐶 흔글 &lt;괜찮다&gt;

#정우 #JUNGWOO #정우버블 #정블리 #정우와문학 https://t.co/DTlD7D5xk2"
735,1400882947222167554,2021-06-04 18:31:36,"#정블리 #정우버블

뭔가 세개를 다 쓰고싶었던 어제 오늘.. https://t.co/rjbzaj8BlZ"
736,1400831871634665475,2021-06-04 15:08:39,"정우야 데뷔 1200일 축하한다
1200일동안 힘든일도 기쁜일도 있었을텐데
멋있게 잘 성장해줘서 고맙고 앞으로는 힘든일 보다 기쁜일 위주로 채워보자 ~~ 나는 정우 덕분에 행복한 하루하루 보내고 있어 너무너무 사랑한다 아기야 ~~ 
#1200DayswithJUNGWOO
#정우버블 #정블리 https://t.co/wP2B5ByrQx"
739,1400754480723873792,2021-06-04 10:01:07,"#정우버블
정우야아아아ㅏ유ㅠ 버블 읽엇너ㅜ https://t.co/pNjoD42Hgv"
740,1400744015356600327,2021-06-04 09:19:32,"#정우버블 #정블리

오늘 정우 버블 예상

🐶 오늘 뮤비 봤엉? 어땠엉~~

🐶 좋다니 다행이넹ㅎ 

🐶 노래도 너무 좋고 즐겁게 촬영했어ㅋㅋㅎ

정우야 나 기다린다ㅠㅠ❤️❤️❤️💚💚💚
그리고 노래 끝장나더라ㅠㅠ 글고 누가 불렀는 지~~ 노래랑 아주 찰떡이야...👍"
741,1400743531753267201,2021-06-04 09:17:37,"우리칠 세이브 미쳣냐고~~
#세이브_구하러_가보자고
스밍 장전 완료 ‼️
#시즈니를_save_하는것은_우리칠뿐
귀호강 장전도 완료 ‼️
#nct127  #NCT127_Save
 #정우 #정우버블 #정블리 https://t.co/oZGx541RBl"
742,1400736296096518149,2021-06-04 08:48:52,"우리칠 세이브 가보자고 ~~💚
#세이브_구하러_가보자고
스밍 장전 완료 ‼️
#시즈니를_save_하는것은_우리칠뿐
귀호강 장전도 완료 ‼️
#nct127 #save #nct127_save #정우 #정우버블 #정블리 https://t.co/PrzuI2AAhq"
746,1400735443394596865,2021-06-04 08:45:28,"우리칠 세이브 대박나쟈 ~~
#세이브_구하러_가보자고
스밍 장전 완료 ‼️
#시즈니를_save_하는것은_우리칠뿐
귀호강 장전도 완료 ‼️
#nct127 #save #nct127_save #정우 #정우버블 #정블리 https://t.co/mOVILTdpUl"
747,1400734263935324160,2021-06-04 08:40:47,"#정블리 #정우버블 

정우 버블 언제 읽었지 ?? 🥺🥺💗💗 https://t.co/vGjKlNR0c0"
748,1400722933291491330,2021-06-04 07:55:46,"사랑하는 자는 자기 안에
신을 품고 있는 것과 같아서
사실 사랑받는 자보다 신과 더 가깝다.

🐶 플라톤 &lt;향연&gt;

#정우 #JUNGWOO #정우버블 #정블리 #정우와문학 https://t.co/pOLOUtHWjx"
751,1400716904063373314,2021-06-04 07:31:48,"#정블리 #정우버블 
어제 프리뷰보구 버블 갈겼는데 
언제읽고간거야 분명 새벽까지만해두 안읽었었는데 ㅜㅜ https://t.co/MJo973AmUi"
755,1400673200573280259,2021-06-04 04:38:08,"정우 캐시비 새제품 준미 0.55
sell

#정우포카 #정우 #정우캐시비 #엔시티 #도영 #재현 #정우버블 #엔시티127 #핫정 #놀정 #베레모정우 https://t.co/zXUn598vhq"
765,1400503793880485888,2021-06-03 17:24:59,"내 짐작이 맞았다.

나는 누군가를
좋아하게 된 탓에,
이 세상도 덩달아 좋아져 버렸다.

🐶 김애란 &lt;두근두근 내 인생&gt;

#정우 #JUNGWOO #정우버블 #정블리 #정우와문학 https://t.co/Fv7n8HQ7ri"
768,1400459421772177418,2021-06-03 14:28:40,"#정우버블 
그래도 이렇게라도 와줘서 넘넘....고마워 https://t.co/OlDjOXmbce"
840,1400357724664172544,2021-06-03 07:44:33,좋은 하루 되세요 &lt;33 #정우버블 #정블리 https://t.co/FWlBOSTvJD
851,1400336530246307840,2021-06-03 06:20:20,"#정블리 #정우버블

몇시간 차이가 나는데 읽었네..
김정우 취미는 버블 읽기가 아닐까...? https://t.co/vkitOvTDXh"
857,1400333622360502272,2021-06-03 06:08:47,"#정블리 #정우버블
정우도 좋은하루 돼 ~~ 항상 오로지 정우의 행복만을 바라고 있어 ㅠ_ㅠ 짱정우 파이팅!!! #가보자고"
859,1400332666050793479,2021-06-03 06:04:59,"#정블리 #정우버블
학교 마치자마자 보는데 눈물 광광,,😭 잘못본줄 알았어ㅠㅜㅠㅠ 사랑해 정우도 좋은하루 보내!"
862,1400327445010472962,2021-06-03 05:44:14,"#정블리 #정우버블
정우 버블 온 거 두시간 뒤에 일어나서 늦게 답장했는데 지금 확인하니까 읽고 갔네 ㅜㅜ 정우 좋은 하루 보내!! 💚"
864,1400326191899312128,2021-06-03 05:39:15,"정우 버블 읽고 갔넹...💦
언제 읽구 가써 
#정블리 #정우버블 https://t.co/FK8Lh7VjSu"
865,1400325954602291202,2021-06-03 05:38:19,#정우버블 #정블리 그려 너도 좋은 하루 보내라 ..
873,1400317294132142081,2021-06-03 05:03:54,#정우버블 언제읽었어 또 ㅠㅢㅠ https://t.co/zYKKOQNZXa
874,1400316881827893250,2021-06-03 05:02:15,"#정우버블 #정블리 버블 읽구 갔넹~~💕
무튼 힘낼게에엥😊"
875,1400315147571191814,2021-06-03 04:55:22,"#정블리 #정우버블 

애기 답장 읽고 갓네 ㅜㅜ ♡ 우리 강쥬는 왜 사랑스러운 짓만 골라서해.. ? 넘 사랑해잉♡♡♡ https://t.co/AMkh73i20k"
880,1400312394845331457,2021-06-03 04:44:26,"정우도 좋은 하루 보내~~~😌👍❤️
#정우 #정우버블 #정블리"
895,1400299036402348033,2021-06-03 03:51:21,#정우버블 #정블리 이제 봤더…..아기도 좋은 하루❤️
897,1400298071821406211,2021-06-03 03:47:31,"#정우버블 #정블리
버블온지 일주일 지났다고 바쁜데도 아침버블 남겨주는 울 강쥐 최고야...🥺
울 정우도 오늘 하루 활기차게!! 좋은 하루 보내요~~🤍"
898,1400297180045320194,2021-06-03 03:43:58,#정우버블 #정블리 눈떠보니... 버블 왔었넹..☺️ 정우오빠도 오늘 좋은 하루 보내기이💜
901,1400295511282765825,2021-06-03 03:37:20,"210603 #정우버블 #정블리 

늦었지만 정우도 좋은 하루 보내💚"
908,1400289174628962307,2021-06-03 03:12:10,"새벽에 보고싶다고 찡찡대면서 버블 보냈는데 아침에 와있을때의 기분이란...💚
#정블리 #정우버블 https://t.co/5hTTgCpmdH"
910,1400288843660619779,2021-06-03 03:10:51,#정블리 #정우버블 정우도 늘 행복해!!~ Have a good day too 🐶🤎 https://t.co/n8dherigPb
911,1400288177991012363,2021-06-03 03:08:12,"#정블리 #정우버블
정우도 좋은 하루 ~! 기분 좋은 하루 보내 사랑해 정우야!!!!!!"
916,1400286023163154432,2021-06-03 02:59:38,"#정블리 #정우버블
정우얌 우리 오늘 행복한 하루 보내자 하루의 시작을 함께 해줘서 너무 고마워💖"
920,1400285116174381057,2021-06-03 02:56:02,#정블리 #정우버블 정우도 행복한 하루 보내!!~~^^ Have a good day today too best boy🤍  https://t.co/33evbzcGvX
921,1400283278280597507,2021-06-03 02:48:44,#정우버블 #정블리 let’s spend the whole day with smile because Save will be release tomorrow! 😆 내일 SAVE에서 정우를 만나고 싶어요! https://t.co/FML6l49tyv
927,1400281110748172290,2021-06-03 02:40:07,#정우버블 #정블리 아기도 좋은 하루 보내거랑
928,1400280685164728322,2021-06-03 02:38:25,좋은 하루 되세요 정우도 많이 먹어요!! I love you!!💓💓#정우버블 #정블리
931,1400279228910735360,2021-06-03 02:32:38,#정블리 #정우버블 좋은 하루 보내 ^^
932,1400279140805140483,2021-06-03 02:32:17,"#정우버블
정우도 그랬으면 조켓서ㅠㅠㅠㅠㅠㅠㅠㅠㅠㅠ💗 아니 정우는 맨날 그랬으면 좋겟서ㅠㅠㅠㅠㅠㅠ https://t.co/QoeHWYVE2g"
933,1400278574557384705,2021-06-03 02:30:02,정우도 오늘 좋은 하루를 보내 ^^ #정블리 #정우버블
938,1400276905987698688,2021-06-03 02:23:24,#정블리 #정우버블 천사강아지너두조은하루♥️♥️♥️♥️♥️
941,1400276071828705283,2021-06-03 02:20:06,#정우버블 #정블리 좋은 하루~~^^
942,1400276046260416515,2021-06-03 02:19:59,"#정우버블 #정블리 안녕~ 좋은 아침이야~ 어젯밤 잠은 잘 잤니? 내 하루도 괜찮았지~
정우도~🥺 오늘도 기분 좋은 날이 돼~ 즐겁고 행복한 하루를 보내! 맛있는 거 꼭 먹고 아프지말고 건강하게~ 항상 좋은 생각 많이 해~💚 

💖IᵃM_HᵃᵖᵖᶦᵉʳWᶦᵗʰʸᵒU"
944,1400275419215974401,2021-06-03 02:17:30,강쥐덕에 힘낼게... #정블리 #정우버블 https://t.co/0tIh39L8TQ
946,1400275086309875717,2021-06-03 02:16:11,"#정블리 #정우버블 
정우는 나의 든든한 버팀목..
정우도 좋은 하루 보내 ♡ ♡ https://t.co/GpfiaZGRqf"
948,1400274987823468545,2021-06-03 02:15:47,#정우버블 #정블리 우리 정우도 오늘 짱 행복한 하루 보내~ 맛있는 것도 많이 먹엉💖
949,1400274893770420226,2021-06-03 02:15:25,#정블리 #정우버블 우리 정우도 행복하고 좋은 하루 보내🤍 https://t.co/g6qLl5IYks
958,1400274312196546566,2021-06-03 02:13:06,#정우버블 #정블리 정우도 오늘 좋은 하루를 보내 🥺 밥 잘챙겨먹고 하는 일 다 하고 오늘 기분 좋은 날이 돼~ 정우가 최고야!!! 화이팅!! 🥰🥰🥰 https://t.co/H2eTKlcmOK
959,1400274201169121286,2021-06-03 02:12:40,"#정블리 #정우버블
오냐 울 짱블리도 기똥찬 하루를 보내어보아요♥️ https://t.co/KIcQOjAj4f"
960,1400274193862709248,2021-06-03 02:12:38,#정블리 #정우버블 잠깐이라도 생각나서 와주는 우리 강아쥐.... 어케 안사랑해?
962,1400274040485343232,2021-06-03 02:12:01,"ㅎ ㅏ .. 좋은 하루 보내라그 ?
오늘 나애 하루는 ,  지쟈스 오마이갓 쏘 해피 데이 yo , 
- 댄싱 인 더 레인을 들으며 -
#정블리 #정우버블"
964,1400273921765646336,2021-06-03 02:11:33,김정우 귀여워 #정블리 #정우버블 정우도 좋은 하루 보내 정블리덕에 이미 좋은 하루다 https://t.co/imVTG4Tidc
966,1400273862797848581,2021-06-03 02:11:19,"https://t.co/AVMFpLlwLF…

#RT #알티이벤트 
더보이즈는 아니지만.. 폼 참여해주신 분들 중 총 3분께 추첨을 통해 기프티콘 드립니다!! 

*발표자료로 사용되는 설문조사입니다

 #스테이_트친소 #더비구함 더보이즈 문자투표 좀비아포칼립스 킹덤투표 스트레이키즈 #정우버블 #지성뵤블 #정블리 https://t.co/MqKc6AlplF"
967,1400273728248815616,2021-06-03 02:10:47,"#정우버블 #정블리 
우리 정우도 좋은 하루 보내 ~~ 💕💗💖💓💘 https://t.co/mzFFsL4dmp"
968,1400273694459502594,2021-06-03 02:10:39,#정블리 #정우버블 정우도 오늘 좋은하루 보내기♡
969,1400273652369686528,2021-06-03 02:10:29,"정우 굳모닝이야~~ 정우도 좋은 하루 보내세욤 ❤️ 
#정블리 #정우버블"
970,1400273609805860865,2021-06-03 02:10:19,쫀 하루 블리야 #정블리 #정우버블
971,1400273509121548295,2021-06-03 02:09:55,"정우도 좋은 하루 보내💗 

#정블리 #정우버블"
973,1400273497033646081,2021-06-03 02:09:52,"#정블리 #정우버블 
울 효자강쥐🐶 고마워 오늘 너도 좋은 하루 보내~!💚"
975,1400273286374727680,2021-06-03 02:09:01,"#정우버블 #정블리
하트 더 보내주고싶은데 ㅜㅜㅜㅜㅜ 정우야 오늘도 사랄해 !!!!!!!!!!!!!!!!!!!!!! https://t.co/BZeagzSQl9"
976,1400273247896174592,2021-06-03 02:08:52,"우리 정우도 좋은 하루 보내세요 🥰
#정우버블 #정블리"
977,1400273138689052674,2021-06-03 02:08:26,죽고십다 #정우버블
978,1400273096519479298,2021-06-03 02:08:16,#정우버블 #정블리 정우야ㅠㅠㅠ 정우도 좋은 하루 보내
979,1400273090190340099,2021-06-03 02:08:15,"#정우버블 #정블리
정우도 쪼은 하루보내♡♡ https://t.co/MVd8Le60j0"
980,1400273018576773120,2021-06-03 02:07:58,#정우버블 정블리 드디어 왔땅 🌼 정우도 오늘도  행복한 하루 잘 보내용~ 일하기 전에 건강한 음식을 많이 먹고 잊지마용 💗 따랑행 https://t.co/T7exzerPCo
981,1400273002013466624,2021-06-03 02:07:54,"모닝엔젤 울 정우 ♡ 
울 강아지 정우도 꼭 행복 가득한 하루 보내
밥 잘 챙겨먹어! !
#정블리 #정우버블"
982,1400272909155803139,2021-06-03 02:07:32,#정우버블 간거야..?간거지??갓구나..그래 응..잠깐이라도 와줘서 고맙다ㅜ 정우도 좋은하루 보내❤️
984,1400272876524105729,2021-06-03 02:07:24,죠은 하루 보내 울갱쥐 #정우버블 #정블리 https://t.co/zo92i42z8g
985,1400272792898052096,2021-06-03 02:07:04,"울 아기 체고...💙

#정블리 #정우버블 https://t.co/ZAWl1f0tD7"
986,1400272726032470018,2021-06-03 02:06:48,#정블리 #정우버블 정우야 고마워 애기가 예쁜짓만하네 💚💚💚 https://t.co/xtJIsBZ1Wk
987,1400272725415849987,2021-06-03 02:06:48,"#정블리 #정우버블
정우 굳모닝이야~~~♥️
정우도 좋은 하루 보내세욤🥰 https://t.co/iz3jhN7bGN"
989,1400272691639193603,2021-06-03 02:06:40,"#정블리 #정우버블
정우도 행복한하루보내ㅠㅠ🥺💚
오늘 비온다는데 우산잘챙기고 밥잘챙겨먹고 건강하고 꼬옥 그래야해..."
990,1400272621158105089,2021-06-03 02:06:23,#정블리 #정우버블 우리 강쥐도 좋은 하루 보내세요
991,1400272574316105729,2021-06-03 02:06:12,"아 놀래라ㅠㅠㅠ 오늘 일 많아서 정신 없었는데 정우 버블 와서 지금 정신 생김(?)
사랑해 정우야ㅠㅠㅠ
#정블리 #정우버블 https://t.co/TEVuZJzb4R"
993,1400272449992749064,2021-06-03 02:05:42,"#정블리 #정우버블
울정우도 좋은 하루 보내 ♡ 내귀요미 화이팅 !! 아자즈앗 !!!!"
994,1400272424105504770,2021-06-03 02:05:36,#정우버블 어쩔 수 없이 오늘 하루도 좋은 하루를 보내야겠군..~^^
995,1400272411056955394,2021-06-03 02:05:33,#정블리 #정우버블 정우도 오늘 좋은하루 보내요💚
996,1400272374759452677,2021-06-03 02:05:24,"울 정우도 좋은 하루 보내잉(๓´˘`๓)♡

#정우버블 #정블리"
997,1400272373304086529,2021-06-03 02:05:24,"#정블리 #정우버블
하..정우야..보고싶었어ㅠ너무 사랑해..ㅠㅠㅠ나는 밥 먹는 중ㅎㅎ 정우는 모해?"
998,1400272355734147075,2021-06-03 02:05:20,"아들!!
우리정우도 조은하루보내셔~^^♡
엄마가
#정우버블 #정블리"
999,1400272346930323457,2021-06-03 02:05:17,"정블리 버블💛💛💛💛💛
정블리도 좋은 하루 보내깅💚💚

#정우버블 #정블리

https://t.co/3iNti0L0q9"
1000,1400272339296690177,2021-06-03 02:05:16,"네가 정 그 벼랑으로 뛰어내리겠다면,
내가 같이 뛰어내릴게.

🐶 김중미 &lt;꽃은 많을수록 좋다&gt;

#정우 #JUNGWOO #정우버블 #정블리 #정우와문학 https://t.co/vultZYFRuU"
1001,1400272334200610816,2021-06-03 02:05:14,#정블리 #정우버블 울정우도 좋은 하루 보내요 ❤️❤️❤️
1002,1400272246573199361,2021-06-03 02:04:54,"#정블리 #정우버블  흡,,,, 우리 정우 좋은하루 보내세요💗사💗랑💗해💗 https://t.co/PRNVuiNH7a"
1003,1400272242257240069,2021-06-03 02:04:53,"#정우버블 #정블리
정우도 좋은 하루 보내기 !! 😆🤍"
1004,1400272228604805123,2021-06-03 02:04:49,#정우버블 #정블리 정우야 우리 정우도 좋은하루 보내야해（＞ㅇ＜） 삭만한 내 현생에 생명수같은 정블리ㅠㅠ
1005,1400272213282983937,2021-06-03 02:04:46,"버스에서 냅다 소리지를뻔
아침정우는 제가 또 사랑하는데 말이죠....
#정블리 #정우버블"
1006,1400272194471530500,2021-06-03 02:04:41,행복한 하루^o^ #정블리 #정우버블
1007,1400272133440163841,2021-06-03 02:04:27,"정우왔다 ㅠㅠ💚 
#정블리 #정우버블"
1008,1400272115085955072,2021-06-03 02:04:22,#정블리 #정우버블 정우도 좋은 하루 보내💖💖
1009,1400272091161579520,2021-06-03 02:04:16,"#정블리 #정우버블
ㅠㅠㅠㅠㅠ 많이 바뿐고같애 몸 조심하면서해 정우야"
1010,1400272069045067776,2021-06-03 02:04:11,#정우버블 #정블리 정우도 좋은 하루 보내 ♡ https://t.co/e8N2yvulbI
1011,1400272068105498624,2021-06-03 02:04:11,#정블리 #정우버블 정우도 오늘 좋은 하루 보내기❤️❤️❤️
1012,1400272066255810560,2021-06-03 02:04:11,헉 정우도 좋은 하루 보내 !! #정우버블 #정블리
1013,1400272065702219784,2021-06-03 02:04:10,"#정블리 #정우버블 
나 정우 ~~~^^ 이렇게 웃는 거 너무 웃기네"
1014,1400272064888524801,2021-06-03 02:04:10,"우리 말랑강쥐 정블리도 좋은 하루 보내기!🐶💚
#정우버블 #정블리"
1015,1400272064225841163,2021-06-03 02:04:10,#정블리 #정우버블 굳~~~~정우도 좋은 하루 보내깅😍😍
1016,1400272063043018753,2021-06-03 02:04:10,"#정블리 #정우버블
정우도 좋은 하루 보내 🤍"
1017,1400272056239890436,2021-06-03 02:04:08,#정우버블 #정블리 정우 아침 머겅~!!
1018,1400272052062355461,2021-06-03 02:04:07,#정블리 #정우버블 아ㅠ..정우야 일 하기전에 행복해진다..행복한 하루 ㅠㅠ🤍🐶
1019,1400272037797523464,2021-06-03 02:04:04,정우도 행복한 하루 보내세요😚 #정우버블 #정블리
1020,1400272027924111361,2021-06-03 02:04:01,정우도 쫀 하루 보냉 🥰#정우버블
1021,1400272010484191236,2021-06-03 02:03:57,"#정우버블 #정블리
애기야~♡"
1022,1400271994726150147,2021-06-03 02:03:53,귀염둥이 버블왔다 #정블리 #정우버블
1023,1400271984374677506,2021-06-03 02:03:51,#정블리 #정우버블 정우야ㅠㅠㅠㅠ정우야ㅠㅠ정우도 오늘 좋은하루보내!
1024,1400271981807734785,2021-06-03 02:03:50,#정블리 #정우버블 아침에 강쥐 버블 !!!!!!!!!
1025,1400271960811081733,2021-06-03 02:03:45,#정블리 #정우버블 정우 오늘 하루 파이팅🥺💖
1026,1400271950061133833,2021-06-03 02:03:43,"#정우버블 #정블리

정우야 정우도 좋은하루 보내~~!"
1027,1400271942960046080,2021-06-03 02:03:41,#정블리 #정우버블 너두♡
1028,1400271938258235396,2021-06-03 02:03:40,"#정블리 #정우버블
하 ㅜㅜㅜㅜㅜ아가 ㅜㅜㅜㅜ 보고싶었어ㅠㅠㅜㅠㅠㅜㅜ"
1029,1400271925163696128,2021-06-03 02:03:37,"#정우버블 #정블리
점심드시길.. https://t.co/sIWub7OCyf"
1030,1400271920755478528,2021-06-03 02:03:36,#정우버블 할헐헐어늘 모고보러안간거 잘한거맞지그치
1031,1400271920721915907,2021-06-03 02:03:36,"#정우버블
정우도 오늘 좋은하루 보냉 ~ 🥺🤍"
1032,1400271916200382464,2021-06-03 02:03:35,오전의 정블리🤍 우리 정우도 좋은 하루 모내요🤍 #정블리 #정우버블
1033,1400271885309341696,2021-06-03 02:03:27,"#정블리 #정우버블 
정우 보고싶었어ㅠㅠ https://t.co/ZKp5yhsJMy"
1034,1400271875305971712,2021-06-03 02:03:25,"#정우버블 #정블리
정우도 좋은하루 보내!!!"
1035,1400271858277109764,2021-06-03 02:03:21,#정블리 #정우버블 정우도 오늘 좋은 하루 보냉🤍🤍
1036,1400271856578433029,2021-06-03 02:03:21,#정블리 #정우버블 정우 천잰가...? 딱 와 보고 싶을 때(물론 항상 보고 싶음
1037,1400271838362542080,2021-06-03 02:03:16,#정블리 #정우버블 강쥐야 ㅠㅠㅠ ♡
1038,1400271823426625538,2021-06-03 02:03:13,"정우야 !!!!!!!!!!!!!!!!!!!!!!!!!!!!!!!!!!
정우도 오늘 좋은하루 보내

 #정블리 #정우버블"
1039,1400271808188715009,2021-06-03 02:03:09,#정블리 #정우버블 정우도 좋은 하루 보내 ♡
1040,1400271804665524226,2021-06-03 02:03:08,#정우버블 미친 왔다
1041,1400271783660380161,2021-06-03 02:03:03,정우도❤️❤️ #정우버블 #정블리
1042,1400271779206033416,2021-06-03 02:03:02,깜짝아!!!!!! #정블리 #정우버블
1043,1400271772235173894,2021-06-03 02:03:00,#정블리 #정우버블 잘 보낼게
1044,1400271735983788036,2021-06-03 02:02:52,"#정우버블 #정블리

정우야!!"
1045,1400271734125719554,2021-06-03 02:02:51,#정우버블 #정블리 정우야!!!!
1046,1400271718023798785,2021-06-03 02:02:48,#정블리 #정우버블 헐
1047,1400271712290152450,2021-06-03 02:02:46,#정우버블 헐 정우버블….
1048,1400209907664650243,2021-06-02 21:57:11,"#정블리 #정우버블 #김정우의_이사람을찾아서

정우야 오늘 하루도 활기차게!•• 보내고 바쁜 일정 와중에도 밥은 꼭 챙겨먹기 첫번째도 건강 두번째도 건강 219번째는 버블..^^ ♥ 
그리구 오늘 꼭 우산 챙겨서 나가렴
심심하면 셀카도 많이 찍어도 아들 https://t.co/OstMBr6To0"
1049,1400162280453525504,2021-06-02 18:47:56,"별을 보고 있으면
어둠을 두려워 할 필요가 없잖아요.

아름답구나,
그 생각부터 하게 되니까
우리, 그렇게 사랑해요.

🐶 정현주 &lt;그래도, 사랑&gt;

#정우 #JUNGWOO #정우버블 #정블리 #정우와문학 https://t.co/zIzUJZseym"
1051,1400052449042321408,2021-06-02 11:31:30,"#정블리 #정우 #정우버블
╭━━━━━━━╮
┃　　●══ 　    ┃
┃███████┃
┃█ 정우야진짜 █┃
┃█ 보고싶어요 █┃
┃█ 셀카한장만 █┃
┃█ 보내주세요 █┃
┃█ - 정프가 -  █┃
┃███████┃
┃ 　　   ○            ┃ 
╰━━━━━━━╯"
1052,1400025315225657344,2021-06-02 09:43:41,"#정우버블 #정블리  나는 이 협업에서 당신의 부분을 기다릴 것이다. 나는 네가 다시 공연하는 걸 보고 싶어서 기다릴 수 없어. 나는 너가 이것을 흔들거란 걸 그냥 알아.🥳🙌🏻

#NCT127_Save #JUNGWOO #NCT정우 https://t.co/mnfqyh9xtY"
1053,1400023053149474819,2021-06-02 09:34:41,#정우버블 #정블리 정우 https://t.co/xoU1vL42hS
1054,1399930928080703492,2021-06-02 03:28:37,"그의 일상에서 그를 빼내올 자신이 없었다.
그 곳에서 그를 돌출시킬만한
아무 이유도, 권한도 없다고 생각되었다.
 
그는 거기에 잘 있다.
나는 여기에 있다.
 
🐶 은희경 &lt;타인에게 말걸기&gt;

#정우 #JUNGWOO #정우버블 #정블리 #정우와문학 https://t.co/tG8UXXKeeK"
1055,1399756110765035523,2021-06-01 15:53:57,"#정우버블
#정블리
정우야~ 버블 다 떨어져서... ㅠㅠ 너가 너무 보고싶당 잘 지내구이찌 너가 맹날 보고십다아 벌써 6월이야 ㅠ 끝내주는 하루 보내고 매일 맛있는 거 마니 머거 마이럽🥰💖💖"
1056,1399711992512860174,2021-06-01 12:58:39,"내게만 보이던 부드러운 입꼬리 있잖아.
꼭 내 걸음에만 맞추어 걷던 발걸음 있잖아.
늦게 잠든 다음 날 나를 깨우던 목소리 있잖아.

있잖아,
나 네가 조금은 궁금해지려고 해.

🐶 못말 &lt;의미&gt;

#정우 #JUNGWOO #정우버블 #정블리 #정우와문학 https://t.co/qDXw4iv0qC"
1057,1399648488376262656,2021-06-01 08:46:18,정우 언제읽고 갔어ㅠㅠㅜㅜ으앙 #정우버블 https://t.co/lRCi6rMynl
1058,1399564293507469312,2021-06-01 03:11:44,"오늘 정우가 버블 올 것만 같아~💕💕
정우 생각하면서 혐생+셤 공부를 영심히 해보겠어!!(근데 말만 그럼ㅋㅋㅋ)
#정우버블 #정블리"
1060,1399388503931121668,2021-05-31 15:33:13,#정우버블 #정블리 정우야6월달에도 행복해~~
1061,1399320944418557953,2021-05-31 11:04:45,"정우 버블이름 바꿨다,,
#정우버블 #정우 https://t.co/4pCaAHfSV7"
1062,1399319585560547331,2021-05-31 10:59:21,"힘들때마다 버블 썼는데 김정우 읽었어,,
#정우버블 https://t.co/gajYW9b2AE"
1063,1399295471147831296,2021-05-31 09:23:32,"와 와.. 와... 정우야.. 버블 한 번만.. 할 말 많은데 목숨 다 썼어ㅠㅠㅠ
#정우버블 #정블리 https://t.co/KmEnEOeuIa"
1064,1399291148653383682,2021-05-31 09:06:22,#정우버블 #정블리 정블리 보고싶어요
1065,1399235557725597697,2021-05-31 05:25:28,머리카락날개뼈에닿을때까지만길러보자우리애기는얼굴이다해서그렇게해두예쁠거야 #정우버블
1066,1399208157948219395,2021-05-31 03:36:35,"#정우버블 #정블리

정우야 오늘 내 꿈에 우리 정우가 나왔더라?얼마나 기쁜지..ㅠ 꿈에 깨기싫었는데 눈치 없는 남동생땜에..ㅎㅎ 아무튼 울 정우 덕에힘나기도 하고 오늘 하루 활기차게 잘 보낼 자신이 생겼어!!ㅎㅎ
과제 엄청 밀렸는데 그래도 잘 해내야겠징? 정우야 너무 보고싶당,,,사랑해❤️‍🔥❤️‍🔥 https://t.co/fhyEHywzEa"
1067,1399147581796601857,2021-05-30 23:35:53,"#정블리 #정우버블

정우 버블 읽고 갔네..... ㅠ...  점 하나만 찍고가주라... https://t.co/9PrB9hqFNd"
1069,1399025348331728898,2021-05-30 15:30:10,정우야 보고싶다 #정우 #정우버블 #정블리 https://t.co/EOoDuVcgu6
1070,1399021080761692160,2021-05-30 15:13:12,"#정블리 #정우버블 
정블리 버블 읽고 갔다ㅠㅠㅠ https://t.co/g0fqDhrVAK"
1071,1399016320931295234,2021-05-30 14:54:18,온제 읽고 갔디야 #정우 #정우버블 #정블리 https://t.co/fuiRHfNWZO
1072,1399015203556102145,2021-05-30 14:49:51,"#정우버블 #정블리
내일 하루도 좋은 하루 돼~ 잘자 강쥐야 https://t.co/egha4msoxx"
1073,1399001879212793858,2021-05-30 13:56:54,"#정우버블 #정블리 
정우야ㅠㅠ 읽고갔구나 강쥐(▿‧͈•̻‧͈▿)ㅠㅠ"
1074,1398983712423890945,2021-05-30 12:44:43,곧 정우가 버블 보내겠구나? #정우버블
1075,1398981817588359170,2021-05-30 12:37:11,"#정우버블 #정블리 
보곱파 정우.ㅠ"
1076,1398977669069369348,2021-05-30 12:20:42,"정우야 나중에 내 결혼식와서 그녀를 뺏겠습니다 불러주면 안되겠나..
#정우버블 #정블리"
1078,1398964658195685379,2021-05-30 11:29:00,"정우야.. 오늘 착장으로 거울셀카 한번만....
#정우버블 #정블리"
1079,1398794300754829313,2021-05-30 00:12:04,#정우버블 #정블리 Cristiano가 ManU로 돌아오도록 함께 기도합시다. 그러면 마침내 우리는 같은 팀이됩니다.✊🏼
1081,1398683186817757186,2021-05-29 16:50:32,빠라가 무슨말인데....왜 금칙어인데...? #정우버블 https://t.co/mnvdPghWcL
1082,1398656885406924800,2021-05-29 15:06:01,"모든 것이 언젠가 끝날 것이라는 것을 모른다는 듯이
불길하고 아름다운 시간이 끝나지 않을 것처럼 흐른다.

그곳에 우리는 있었다.

🐶 박지혜 &lt;겨울의 속도&gt;

#정우 #JUNGWOO #정우버블 #정블리 #정우와문학 https://t.co/O6eo4V3oQx"
1083,1398651386712133635,2021-05-29 14:44:10,"뒤늦게 뒷북이지만 버블인생처음으로 티키타카 통하다...
#정블리 #정우버블 https://t.co/srW6SvcUBV"
