9,1401968157175128070,2021-06-07 18:23:50,#겨울이버블 아이예쁘다아이예뿌다 쓰담쓰담 토닥토닥 궁디팡ㅇㅇㅇㄴㅇㄴ
12,1401966313166151681,2021-06-07 18:16:30,#겨울이버블 민정이 잘자기 좋은 꿈 꾸기❤️
15,1401964699994845186,2021-06-07 18:10:06,"#겨울이버블
항상 노력해줘서 고마워 사랑해사랑해사랑해❤❤❤❤"
16,1401964683037351936,2021-06-07 18:10:02,메이크업 없으면 너가 예뻐 #겨울이버블
18,1401964167062380544,2021-06-07 18:07:59,왜 아직 안자????? #겨울이버블
19,1401964061122699277,2021-06-07 18:07:34,#겨울이버블 짱마니조아해
20,1401964019968135169,2021-06-07 18:07:24,#겨울이버블 민정아 짱마니사랑해
21,1401963977236619283,2021-06-07 18:07:14,"ㅋㅋ 둘다 귀엽다

#겨울이버블"
22,1401963555973308431,2021-06-07 18:05:33,"#겨울이버블 #윈터버블 민정이가 주고간 사랑에 너무 행복하다. 팬들은 네가 무얼 하건안하건 있는 그대로 너 자체가 좋아서 응원하는거야. 이 모든 애정이 조금 다르게 표현될때도 있겠지만 모두 윈터, 민정이를 위한거라고 생각해줘. 그치만 네가 받아볼때도 다정하고 예쁠수 있게 최선으로 사랑할게"
24,1401962835131834380,2021-06-07 18:02:41,오늘 나는 너무 행복하다 김겨울 사장 감사합니다~ 사랑해~~ #겨울이버블
25,1401962355211182090,2021-06-07 18:00:47,"#윈터버블 #겨울이버블 
민졍이 버블 최고야!!!! 이미 너무너무 잘해주고잇어ㅜ hoxy 호오옥시라도 너무 요구하는 무례한 버블때매 부담느낄까봐 쓰는거지만 부담 절대 안느껴도되구 팬들이 민쟝이 많이 사랑하는거만 더 느껴조!!! ❤"
35,1401957535960076289,2021-06-07 17:41:38,"잘 자요, 민정아, 난 항상 널 사랑하고 응원할 거야. 항상 당신의 행복을 응원하고 당신 곁을 지키겠습니다. 약속해.
#윈터버블 #겨울이버블 https://t.co/lMdLrZNzF7"
40,1401956517511847938,2021-06-07 17:37:35,"#겨울이버블 #윈터버블
윈터 사장님! 인심이 너무 후해서 마이들 배터져요ㅠㅠ 마이들 배 터지게 한 죄로 감옥가기 싫으면 편하게, 부담없이 해주기🤍 오늘뿐만이 아니라 언제나 민정이는 마이들 마음에 안착해있다는 걸 알아줬으면 해 민정이가 뭘 하든 항상 존재 자체로 고맙고 응원해 사랑해 애기🤍"
47,1401955652130332672,2021-06-07 17:34:09,잘자🥺❤️ #겨울이버블
49,1401955446173229058,2021-06-07 17:33:20,"#겨울이버블 #윈터버블
언니 버블에 너무 부담 갖지 말구 편하게 와줘요
좋은 꿈 꾸고 잘 자요 사랑해ㅐㅐㅐ🤍❄️"
55,1401954965644402692,2021-06-07 17:31:25,"#윈터버블 #겨울이버블
민정아 늘 함께 할게 진짜 너무너무 좋아해 항상 좋은 것들만 줄 수 있도록 더 많이 노력할게 고마워ㅜ.ㅜ 항상 기다리고 있으니깐 궁금하거나 편할 때 마음 내킬 때 아무런 부담 없이 와주면 돼 잘 자🤍"
67,1401954344744808449,2021-06-07 17:28:57,"#겨울이버블 #윈터버블 
민정이가 툭 던지고 간 사랑해 라는 말에 내가 너무 마음이 울렁거리고 간지러워서,,
내가 진짜 좋아하는 시 한 번 올려볼게 
부담 갖지 말고 그냥 민정이의 방식대로 팬들한테 천천히 사랑을 주면 돼 그게 뭐가 됐든 우리는 민정이의 사랑을 알아차릴 수 있을거니까...🥺 https://t.co/riIUz1y918"
69,1401954311874121735,2021-06-07 17:28:49,#겨울이버블 김민정 넌 나의 아기 손난로…너만 있으면 엄동설한도  두렵지 않아….이 따수운 아기야 사랑해사랑해사랑해ㅜㅜㅜㅜㅜ
70,1401954268697952261,2021-06-07 17:28:39,"#겨울이버블

|￣￣￣￣￣￣￣￣￣￣￣￣￣￣￣￣￣| 
            민정아 좋은 하루 보내 
         💖 넌 나의 첫번째니까 💖 
|＿＿＿＿＿＿＿＿＿＿＿＿＿＿＿＿＿|
          ·̩͙. ᘏ▸◂ᘏ .·̩͙     ||
            ꒰ ⸝⸝ɞ̴̶̷ ·̮ ɞ̴̶̷⸝⸝꒱つ ||
         *ଘ_("")(""）"
89,1401953352049561601,2021-06-07 17:25:00,#겨울이버블 #윈터버블 김민정에게 평생 사랑만을 줄 것을 맹세합니다……..제일 소중해ㅜ
100,1401953053968793601,2021-06-07 17:23:49,"민정이가 얼마나 열심히하고 잘하는 사람인지 민정이 좋아하는 사람들은 다 알아 그냥 데뷔해서 노래해주는 것만으로도 너무 고마우니까 버블은 지금처럼 하고싶은대로 해💛 언젠가 콘서트나 공연장에 가면 누구보다 따뜻한 눈빛으로 볼거야 사랑해

#윈터버블 #겨울이버블"
105,1401952715635261441,2021-06-07 17:22:29,나도 사랑해🤍 잘자😴 #겨울이버블
114,1401952466296446977,2021-06-07 17:21:29,"#겨울이버블
민정이한테는 정말 사랑만 주고 싶어 사랑둥이 너무 사랑해❤️❤️❤️❤️❤️❤️❤️❤️❤️"
116,1401952275086516226,2021-06-07 17:20:44,"💌 메세지북 및 손편지 프로젝트 예고글 💌

마이들에게 늘 행복과 사랑을 전해주는 민정이에게 보답은 물론 더 큰 사랑을 전해주고자
마음을 담은 프로젝트에 참여는 어떨까요?

저세한 내용은 공지를 통해 확인해주세요!
🔗 https://t.co/Ft5iFez8Pj

#에스파 #aespa #윈터 #WINTER
#겨울이버블 https://t.co/llDjPjqFAP"
118,1401952012074307593,2021-06-07 17:19:41,#겨울이버블 민정아 나는 네 덕분에 매일 웃어 존재 자체로 큰 행복이야 민정이도 사랑 많이 받고 자주 웃었으면 좋겠다 행복한 일이 훨씬 많기를 바라 언제나 응원해 사랑해❤
119,1401951944957042703,2021-06-07 17:19:25,"#윈터버블 #겨울이버블 
1시간동안 사진 보내주다가 가는 민정이 진짜 효녀,,,, 다들 하루빨리 민정이 버블 하세요~!~! 안하면 후회합니다. 맛잘알이 인정하는 버블 맛집👍🏻 https://t.co/G3igYpSRJG"
120,1401951863709179911,2021-06-07 17:19:05,"어두운 길을 등불 없이도 갈 것 같다
걸어서도 바다를 건널 것 같다
날개 없이도 하늘을 날 것 같다
널 만나고부터는
가지고 싶던 것 다가진 것 같다

널 만나고부터, 이생진

#윈터버블 #겨울이버블"
121,1401951812832305156,2021-06-07 17:18:53,#겨울이버블 버블 민정이가 하고싶을때만 해도 다 좋아 이미 예전부터 넘치게 잘하고 있었어 최고야 숙면하세영
122,1401951601854537729,2021-06-07 17:18:03,"민정아 사랑해🥺
굿나잇💛💛💛💛

버블 맛집 내일도 영업해줘☺️

#겨울이버블 #윈터버블"
123,1401951597014360072,2021-06-07 17:18:02,"#겨울이버블 
사랑하고 네가 부담갖지 않았으면 좋겠다...사랑하고..사랑해...너 때매 산다 내가"
124,1401951562084220929,2021-06-07 17:17:54,#겨울이버블 #윈터버블 진짜사랑해
125,1401951488658665472,2021-06-07 17:17:36,#겨울이버블 민정아 오늘도 좋은 꿈 꾸면서 푹 자 언제든지 편하게 부담없이 버블 와줬으면 좋겠고 항상 응원할게 너무 고마워 민정아 마이들이 많이많이 사랑해🥺
126,1401951450251419648,2021-06-07 17:17:27,"#겨울이버블 #윈터버블
민정이 덕분에 새벽에 행복했어
버블 자주 안와도 돼 민정이가 시간나고 우리가 생갈날 때 와줘도 돼 버블에 부담 느끼지 말아줘 언제오든 항상 좋아하고 응원할거니까!!
꿈도 꾸지말고 푹 자길🤍🙏🏻"
127,1401951420698435587,2021-06-07 17:17:20,#겨울이버블 민정아 너무 좋아해 내가 주는 사랑이 너가 받는 거에 비하면 정말정말 작은 크기였으면 좋겠다 오늘도 좋아해 행복하자 내 첫 번째야
128,1401951351483998218,2021-06-07 17:17:03,"#겨울이버블 #윈터버블
절대! 부담 갖지 말기!!ㅠㅠ 오늘 뿐만 아니라 모든 순간의 민정이를 사랑하니까ㅜ 하고 싶을 때 편하게 했으면 좋겠어ㅠㅠ 오늘도 고마워 사랑해!!❤"
129,1401951331498086400,2021-06-07 17:16:59,#겨울이버블 민정아 오늘만 마음에 드는 거 아니구 진짜 너 알고난 이후로 항상 그랬어 그리고 매일매일 민정이 사랑하는 마음이 커지고 있다구 언제나 사랑만 줄게 진짜 너무 사랑해❤
130,1401951258072604672,2021-06-07 17:16:41,#겨울이버블 우린 너 존재자체로도 사랑하는데 이렇게 노력해줘서 너무너므 고마워 아기야…..너 덕에 나 지금 세상에서 가장 따듯한 심장 가진 사람 됐어…사랑해 제일 사랑해ㅓㅜㅜ
132,1401951117039181826,2021-06-07 17:16:07,"#겨울이버블
민정아 넌 항상 최고였어 우리 오늘이 아니라 그 전에도 민정이버블 한거 너무 좋고 이런 호사를 누려도 되나 싶었다구우🥺 항상 고맙고 사랑해 잘자 강아지야🤍"
134,1401950766739324929,2021-06-07 17:14:44,"#겨울이버블 #윈터버블
사랑하는 민정이가 항상 행복했으면 좋겠어 꿈도 꾸지 말고 푹 자 진심으로 너무 사랑해💛💛"
135,1401950706777530374,2021-06-07 17:14:30,#겨울이버블 민정아 어제보다 오늘 더 사랑해애애애애애ㅐㅐ앵ㅇ❤️ 너는 내 첫번째닉가😘
137,1401950581170704392,2021-06-07 17:14:00,"민정아😍 덕분에 이 새벽에 또 한번 힘을 얻는다..!! 존재만으로 감사한 넌데 이렇게 또 이쁜것만 보여주고...ㅠㅠ 너무 벅차올라ㅠㅠ '고맙다 사랑한다' 많은 사람들한테 늘 듣는 말이겠지만 나도 언제나 늘 고맙고 사랑해♥♥♥
#겨울이버블 #윈터버블"
139,1401950432419749891,2021-06-07 17:13:24,#겨울이버블 #윈터버블 아 민정이 너무 착해서 진짜 눈물날라그래ㅠㅠ 민정이같은 착한 사람 만나서 너무 행복해.. 민정이 팬을 어떻게 안해??? 다 안받아줘도되고 더 맘대로 해도되는데 너무 착한 울민정 ㅠㅠ 평생 사랑만 할거야 좋은말만 해줄거야 민정아 꿈도꾸지말고 오늘 푹자 오늘 너무 고마워
140,1401950336835747841,2021-06-07 17:13:01,"#겨울이버블 #윈터버블 
민정아 와줘서 고맙다 너의 마지막 멘트에 내가 그냥 사르르 녹아 사라질것 같아..”내다.”이 말도 너무 좋은데 이렇게 애교 부리는 듯한 말투도 너무 좋다 그냥 내가 좋다 알라뵹!!🤍🤍"
141,1401950248759533568,2021-06-07 17:12:40,"#윈터버블 #겨울이버블
민정아 마이들이 진짜 너무너무 사랑해 푹 자 잘 자 넌 내 첫번째니까🤍🤍"
142,1401950159785713668,2021-06-07 17:12:19,#겨울이버블 잘 자 사랑둥
143,1401950146435321864,2021-06-07 17:12:16,#겨울이버블 나도 사랑하고 잘자 내일도 연락해 겨울아🤍
144,1401950117461069825,2021-06-07 17:12:09,"#평생윈터에게사랑만주겠다는피의연합
#겨울이버블 #윈터버블
사랑한다고 낼 또 연락하겠다고 기다리라는 너를 어떻게 안사랑해 🥺😭 김민정이 항상 행복하길 바라 🥺 또 정말 많이 웃길 바라 🥺 또 성공과 부와 명예 모두를 가지길 바라 🥺 너무너무 사랑해 민정아.. 진짜 평생 응원할게 💕"
145,1401950012909658112,2021-06-07 17:11:44,"#윈터버블 #겨울이버블
연락해도 되냐는 말로 시작해서 1시간이 훌쩍 넘는 시간까지 얘기하다가 갈 때 마저도 또 연락하겠대 기다리래 그리고 사랑한대 어떻게 안 좋아해 https://t.co/lDEhwxgonJ"
146,1401949901072654336,2021-06-07 17:11:18,"#겨울이버블 #윈터버블

오늘자 버블맛집 겨울이버블 영업종료 끝끝 ❄🤍 잘자 귀염둥이야 내일 보자!! 😴 https://t.co/hydUcGyaXz"
147,1401949816020553728,2021-06-07 17:10:57,"평생 맘에들지~~~ 잘자 민정아🤍
#겨울이버블"
149,1401949427368009729,2021-06-07 17:09:25,"#겨울이버블 #윈터버블
민정아 너는 나에게 한겨울에 전기장판 같은 존재야.. 지금 너무 따뜻해서 팝스 내 온몸이 녹아내리는 중... 사진 많이 보내줘서 고마워 부담 갖지 말고 민정이가 보내고 싶을 때 보내줘 민정이가 편했으면 좋겠어🙏🏻 야행성 마이들과 놀아줘서 고마워 잘 자 너무너무 사랑해🤍❄️"
150,1401949255770673152,2021-06-07 17:08:44,"#겨울이버블 민정이 지금두 버블 답장 읽고 있네,,,,3개를 다 써서 여기다 보내본다 사랑둥이야,,,,
진짜 고마워 가수해줘서 좋은 목소리로 좋은 노래 마니 들려줘서,,,내가 줄 수 있는 가장 큰 사랑을 너한테 줄게  푹 쉬어 우리 강아지🥺"
151,1401949130612641795,2021-06-07 17:08:14,"#겨울이버블
사랑해 잘자 애긔천사야💙💙 나쁜 꿈 내가 다 가져감"
152,1401949129735958529,2021-06-07 17:08:14,#겨울이버블 #윈터버블 민정이가 늘 행복했으면 좋겠어... 정말 좋은 것만 듣고 좋은 것만 봤음 좋겠어🥺 맨날 사랑한다구 말할게 내새끼.. 사랑해!!!!!!!!!!
153,1401949098228416514,2021-06-07 17:08:06,"#겨울이버블
언니 진짜 너무 조으다..🥺🥺🥺🥺
안 좋아할 수 없다구~!~!!
잘 자구 좋은 꿈 꿔오 😽🤍🤍 https://t.co/prncwcczm4"
154,1401949091517538305,2021-06-07 17:08:05,"#겨울이버블
김민정 또 안자네 딱 들킴 ㅡㅡ"
155,1401949086236889089,2021-06-07 17:08:03,"#겨울이버블
내가 많이 사랑해 ❤ 좋은 밤 되길ㅜ"
156,1401948948445597697,2021-06-07 17:07:30,"#겨울이버블
오늘 놀아줘서 고마워🥺 항상 부담갖지말구 편하게 와 버블맛집 윈터 민정이의 버블덕분에 오늘밤은 행복하게 잠들수있을거같아 그러구 민정이는 오늘이 아니라 항상 매일 마음에들어 잘 자구 항상 사랑만받자🤍 사랑해 김민정💙"
157,1401948888026677251,2021-06-07 17:07:16,"사랑해 우리 민정이 굿 밤 스위트 꿈 😴 
#겨울이버블  #윈터버블"
158,1401948848549863424,2021-06-07 17:07:07,#겨울이버블 내가 훨씬 더 많이 사랑해 평생 사랑만 줄게 진짜로 잘 자 꿈도 꾸지 말고 푹 자🤍❄️
159,1401948841507647494,2021-06-07 17:07:05,#겨울이버블 오늘도 민정이 맘에 들었지만 민정이를 알게된 순간부터 모든 순간이 맘에 들었고 넘 좋았어 민정아 오늘도 푹 자고 푹 쉬어 항상 너무 고맙고 사랑해 ♡
160,1401948779033464835,2021-06-07 17:06:50,"#겨울이버블 
21살 여성에게 한 팬은 또 죽다 살아났습니다 https://t.co/AfxIZtHVbj"
161,1401948758330384397,2021-06-07 17:06:45,#겨울이버블 사랑해ㅐㅐㅐ 민정아 진짜진짜❤❤❤ https://t.co/wrKVQUMIxS
163,1401948705062719488,2021-06-07 17:06:32,"#겨울이버블 #윈터버블 
🎤🎤나는욕옥ㅇ윈터가아아악 좋은걸어우어ㅓ어어 📢📢‼️🤍❄️ https://t.co/JeW1J3VYnG"
164,1401948676965036034,2021-06-07 17:06:26,#겨울이버블 나 너 땜에 장수할거야 민둥이 오래오래 사랑하고 응원할려면 장수해야지ㅣ
165,1401948636578074627,2021-06-07 17:06:16,#겨울이버블 민정아 진짜진짜 사랑해❤
166,1401948612758704128,2021-06-07 17:06:10,사랑해 우리 겨울이💗 행복했어 한시간동안‼️ #겨울이버블
168,1401948518449750018,2021-06-07 17:05:48,#겨울이버블 진짜 민정아 너무 사랑해 제일 사랑해...🤍🤍🤍
169,1401948499235643393,2021-06-07 17:05:43,"나도 사랑혀 ....
🥺🥺🥺🥺🥺🥺🥺🥺🥺🥺
#겨울이버블 #윈터버블"
171,1401948462153748482,2021-06-07 17:05:34,나도 사랑해ㅐㅐㅐㅐㅐㅐ💘 #겨울이버블
172,1401948455732346880,2021-06-07 17:05:33,버블천재깅아… 잘자… 널정말사랑해… 나눈물날것같지만참아볼게… 넌정말천재고… 넌너무사랑스럽고 #겨울이버블
174,1401948439324237830,2021-06-07 17:05:29,세상에 난 이걸로ㅠ평생 날조해 먹고 살아야지 #윈터버블 #겨울이버블 https://t.co/EfYJs2lYQs
175,1401948419610931200,2021-06-07 17:05:24,할미는 민정이 앓다 자러갈게 민정이 잘자 ㅠㅠ🥺🥺💙💙 #겨울이버블 #윈터버블
176,1401948373532307456,2021-06-07 17:05:13,"#겨울이버블 정말 좋은 서비스였습니다, 감사합니다ㅋㅋㅋㅋㅋ. 엄마는 널 너무 사랑해❤️. 안녕히 주무세요, 여보 😪"
177,1401948371753992200,2021-06-07 17:05:13,#겨울이버블 #윈터버블 백년이 뭐야 만년간다…만년동안 사랑해 죽어서도 사랑해 민정아
178,1401948363973480448,2021-06-07 17:05:11,"#겨울이버블
내가 더 사랑해 백구 내가 너 때문에 인생을 살아.. https://t.co/MS2IFS7Wf7"
179,1401948352749576195,2021-06-07 17:05:08,"#겨울이버블
겨울아 진짜 너무너무 사랑해 너가 보내주는 말 하나하나들로 항상 힘이나 사랑한다고 해줘서 고마워 나도 정말 많이 사랑해 김민정 평생 사랑해 사랑해사랑해 좋은 꿈 꾸고 아냐 그냥 꿈도 꾸지말고 아주 푸욱 자 깨고 나면 기분 정말 좋게 사랑해요♡♡♡"
180,1401948345938026509,2021-06-07 17:05:07,"#평생윈터에게사랑만주겠다는피의연합
#겨울이버블
낼또봐 내가제일사랑해ㅐㅐㅐㅐ💛
푹자~ https://t.co/YrPMByD5lD"
181,1401948329026625536,2021-06-07 17:05:03,#윈터버블 #겨울이버블 사랑해진짜김민정..❤️ https://t.co/6yp4FNlA3b
182,1401948289046507527,2021-06-07 17:04:53,넘 귀여워 울 민둥이 😘 #겨울이버블 https://t.co/PP24D4vxEc
183,1401948269849186306,2021-06-07 17:04:49,"#겨울이버블
우리 겨우리 너무너무 고마워🤍
항상 많이 사랑해 잘자 ❄🤍"
184,1401948237494329354,2021-06-07 17:04:41,"#겨울이버블
민정아 늘 사랑만 줄게!!!!🤍💛💚"
185,1401948207211442176,2021-06-07 17:04:34,"사랑한다고 해줬어...
#겨울이버블 #윈터버블"
186,1401948172369358851,2021-06-07 17:04:25,"#겨울이버블
진짜 고마워 겨울아🤍
사랑만 주고 가는 우리 감동강얼지ㅠㅠ
구독료 생각도 안 해...그냥 와서 같이 놀고 사진으로 보고싶은 마음 달래주는 네가 좋아~
함께 나누는 대화가 즐거워👍
버블맛집 더 흥할테니 많은 사람들에게 사랑만 받자⭐️ 푹 잘자"
187,1401948162676334596,2021-06-07 17:04:23,"#겨울이버블 내 잠까지 너가 다 가져가라.. 나는 오늘 다 잤다 못 잔다.. 그니까 꿀잠자렴,, ❄🤍"
188,1401948079192895490,2021-06-07 17:04:03,"#겨울이버블 
민정아,,사랑이라는 단어는 너가 만든 거 아닐까 싶을 정도로 넌 정말 사랑둥이구나..셀카도 마구 뿌려줘...너의 그 마지막 사랑해에 나도 모르게 막 눈물이 고이려고 해 벅차서 넘 감성타지,,그래두..나도 마니 사랑해 겸댕아 푹 자 ❤️🥺 https://t.co/yJpIgL9uLQ"
189,1401948076063956996,2021-06-07 17:04:02,"#겨울이버블
언니라면 어제도 마음에 들었을 거고 오늘도 마음에 들었고 내일도 마음에 들 거야~ 좋은 꿈 꾸고 오늘도 시간 내서 와줘서 고마워 🥰 나도 많이 많이 사랑해 ••"
190,1401948053079089152,2021-06-07 17:03:57,#겨울이버블 민정아 사랑해 🤍🤍🤍
191,1401948046838026243,2021-06-07 17:03:55,"닐 만난게 내인생 최고 행운임 ㅜ
이사랑둥아 죽도록사랑해❤️❤️❤️❤️⭐️❤️
 #겨울이버블"
192,1401948015187795979,2021-06-07 17:03:48,"#겨울이버블 
알러뷰우.....♥♡♡♥"
194,1401947962058493954,2021-06-07 17:03:35,"내계절에 추운겨울없어
얼음 다 녹았어 따숩다 윈터 덕분엥🤍❤️  #겨울이버블"
195,1401947936674574336,2021-06-07 17:03:29,애교덩어리민정아잘자 #겨울이버블 &lt;&lt;최고인듯
197,1401947908098846722,2021-06-07 17:03:22,"#겨울이버블

진짜 너무 좋다 이런 사랑둥이💛🙈❄️"
198,1401947893112524801,2021-06-07 17:03:19,#겨울이버블 사랑한다ㅏㅏㅏㅏㅏ🤍❄️☃️❤️
199,1401947883943854088,2021-06-07 17:03:17,"#겨울이버블

우리 돈갖고 그럴사이 아니자나~💛
언제나 그랬듯이
팬들 보고싶을때
아까처럼 심심할때
배고플때
언니들이불끄라고전화할때 ㅋㅋ ㅋㅋ

그렇게 편하게 와줘!!!! 
항상 맘에드는 윈터에게💛 https://t.co/xU4lJfxnuD"
200,1401947880630329346,2021-06-07 17:03:16,버블천재 #겨울이버블
201,1401947819733229579,2021-06-07 17:03:01,#겨울이버블 #윈터버블 사랑해❤️❤️❤️ 너무 사랑해서 내머리 머리 대머리 될수도~ 넝담 쪽💋
202,1401947814129635328,2021-06-07 17:03:00,뽀뽀ㅉ.. #겨울이버블
203,1401947804075888640,2021-06-07 17:02:58,#겨울이버블 #윈터버블 사랑아!!!!!! 민정해!!!!!!!!!!!!2 https://t.co/3asxOSLIjJ
204,1401947785738395653,2021-06-07 17:02:53,#겨울이버블 민정아 ㅠㅠ 오늘 한시간동안 있다가 가줘서 고마워ㅠㅠ 사랑해ㅐㅐㅐ❤️
206,1401947765488320516,2021-06-07 17:02:48,#겨울이버블 #윈터버블 사랑해🤍x10101 잘자고 힘차고 즐거운 하루 보내자ㅏㅏㅏㅏ💛
207,1401947753668767746,2021-06-07 17:02:46,"#겨울이버블 #윈터버블
너때메 설레서 잠못자 책임져☺️☺️"
208,1401947718436593675,2021-06-07 17:02:37,"#겨울이버블 
ㅜㅜ 사랑둥이 ㅜㅜ 🤍 https://t.co/byNYdiPxRh"
209,1401947697360216071,2021-06-07 17:02:32,#겨울이버블 민정아 정말 너를 사랑하지 않을 수 없구나 ㅎㅎ 잘자고 나도 사랑해 https://t.co/6WCejodZmG
210,1401947681736515584,2021-06-07 17:02:28,#겨울이버블 다시켰더니 무슨일이니 사랑해 셀카폭탄 좋다 더해줘 https://t.co/SN0OrLK81l
211,1401947670550257667,2021-06-07 17:02:26,"당신은 나에게 일어난 가장 좋은 일이에요. 내가 당신을 좋아하지 않을 날이 올 거라고 생각하지 마세요. 민정아 사랑해. ❤️❤️❤️❤️❤️❤️❤️❤️❤️❤️❤️❤️❤️❤️❤️❤️❤️❤️❤️❤️❤️❤️❤️

#윈터버블 #겨울이버블 https://t.co/B2SVf8bpb9"
212,1401947668323004418,2021-06-07 17:02:25,날 아주 탈탈 흔들어놓고 자러 가버린 앙큼 도발 강아지 #윈터버블 #겨울이버블 https://t.co/toq4tFYjVY
213,1401947666787946497,2021-06-07 17:02:25,#윈터버블 #겨울이버블 민정아 오늘두 민정이 땜에 행복했엉❤️ 사랑해ㅐㅐㅐ 낼도 같이 놀자!
214,1401947665710075907,2021-06-07 17:02:25,"#윈터버블 #겨울이버블 
나도 사랑해ㅐㅐㅐㅐㅐㅐ❤️"
215,1401947638421811202,2021-06-07 17:02:18,#겨울이버블 꺅 티키타카 맞죠!&amp;!@‘ㅏ 아니야도 맞다구 해주세여 !! 나 비명지름 내 마음이 전해지다니ㅠㅠ 나두 사랑해 🥰 https://t.co/IWMUGXDRdp
216,1401947630297489415,2021-06-07 17:02:16,"#겨울이버블 #윈터버블 
개감히 사랑한다고🤦‍♀️🤦‍♀️🤦‍♀️🤦‍♀️🤦‍♀️ 내가 몇배 더 사랑해 진짜 너는 진짜 귀엽다... 언니 그냥 민정이네 노예321595호 할게 사랑해❤"
217,1401947626069626882,2021-06-07 17:02:15,#겨울이버블 오늘 심장 민둥이때메 열번은 떨어진듯 ㅠ🥺
218,1401947624299634695,2021-06-07 17:02:15,"#겨울이버블 #윈터버블
대박맛집💕 내일또올게요 사랑해ㅐㅐㅐㅐ❤ https://t.co/QugQZuqEdu"
219,1401947614535294976,2021-06-07 17:02:12,"#겨울이버블

항상. 사랑한다. https://t.co/u31FVXDzoH"
220,1401947602094940160,2021-06-07 17:02:09,#겨울이버블 진짜 민정아 내가 더 사랑해❤️ 항상 고마워❤️❤️❤️❤️
221,1401947595379859457,2021-06-07 17:02:08,"#윈터버블 #겨울이버블
수고해쪙🤍🤍🤍🤍사랑햐🤍🤍🤍
구독료이런건 신경쓰지말규?ㅋㅋㅋㅋㅋㅋㅋㅋㅋㅋㅋ약소옥🤙🏻 부담갖지말구 편하게 오거싶을때 오세욤♥️ https://t.co/5QEw7dm913"
222,1401947581387710465,2021-06-07 17:02:04,"#겨울이버블
민정아 나도 너무너무너무 사랑해❤
오늘도 와줘서 너무 고맙구
우리 민정이 푹 자 잘자💛"
223,1401947580695683076,2021-06-07 17:02:04,"#겨울이버블 #윈터버블 
민정아 잘자 🤍❄️
사랑해ㅐㅐㅐㅐㅐㅐ❤️"
224,1401947551578968073,2021-06-07 17:01:57,#겨울이버블 사랑해
225,1401947539578900483,2021-06-07 17:01:55,"이런 사랑스러운 강아지 본적 있는 사람?
#겨울이버블 #윈터버블 https://t.co/MFltvoMUae"
227,1401947525238509570,2021-06-07 17:01:51,"#겨울이버블
민정이 나도 사랑해 잘 자 🤍🤍🤍"
228,1401947507924426753,2021-06-07 17:01:47,"#겨울이버블 #윈터버블 
민정아 사랑해 잘자ㅠㅠ❤️❄️⭐️🤍 https://t.co/ehXSu6v7if"
230,1401947478786670593,2021-06-07 17:01:40,맛집은 24시간 영업안하죠 그쵸 맞죠 #겨울이버블 #윈터버블
231,1401947478321029121,2021-06-07 17:01:40,#겨울이버블 #윈터버블 나도 사랑해❤️ 민정아 어제보다 오늘 더 사랑해ㅐㅐㅐㅐㅐ❤️❤️❤️❤️❤️ 잘자 애기야
232,1401947475196321805,2021-06-07 17:01:39,에휴 너무 귀여워서 아까 한 거 올려서 보고 있었는데 또 버블 옴 민정이 사랑해 🤍❄️ #겨울이버블 #윈터버블 https://t.co/3NbzlPToHq
233,1401947459933274115,2021-06-07 17:01:36,"#겨울이버블
ㅋㅋㅋㅋㅋㅋ나참 낯간지럽게 사랑은 무슨~ 사랑해사랑해사할해사랑해사랑해사랑해ㅐㅐㅐㅐㅐㅐㅐㅐㅐ❄️❤️〰❤️❄️〰❤️❄️〰❄️❄️❄️❤️❤️〰"
235,1401947435086217216,2021-06-07 17:01:30,#윈터버블 #겨울이버블 나도 사랑해 한번 더 올 줄 아라찌이!!! ❤️❤️❤️ https://t.co/b31KOZX8YK
236,1401947423920979973,2021-06-07 17:01:27,"#겨울이버블
잘 자구 좋은 꿈 꾸기~~ 나도 사랑한다........ 🤍🤍"
239,1401947414366343172,2021-06-07 17:01:25,#겨울이버블 굿나이잇 🤍
240,1401947414202765314,2021-06-07 17:01:25,김민정 사랑해 🤍❄️ #겨울이버블
241,1401947404371329025,2021-06-07 17:01:22,"#겨울이버블 #윈터버블 
나도 사랑해"
242,1401947395559022595,2021-06-07 17:01:20,"#윈터버블 #겨울이버블
나도 사랑해..🥺🥺🥺"
243,1401947392581136390,2021-06-07 17:01:19,"#겨울이버블 
사랑해 민정아ㅠ❄️💙💙💙💙💙"
244,1401947390739816449,2021-06-07 17:01:19,"#겨울이버블 #윈터버블 

티키타카 대성공 https://t.co/ElHcokLUdd"
245,1401947386541338630,2021-06-07 17:01:18,"내일도 윈터버블맛집 올게

#겨울이버블 #윈터버블 https://t.co/kfyqiDbrV3"
246,1401947379390042112,2021-06-07 17:01:16,"#겨울이버블
낼 또 온대… 화요일을 버티는 힘이 생겼어요…
민정이 너무너무너무 고마워🥺 잘 자 푹 자 ❤️ 사랑해……… 🥺🥺🥺"
247,1401947366459002883,2021-06-07 17:01:13,#겨울이버블 울애기 잘자😴
248,1401947352873664512,2021-06-07 17:01:10,민정아 고맙고 좋은 꿈 꿔 #아악 너 지금 사랑한다고 한거니!!!!!!!!!!!!!!;d아악 #겨울이버블 https://t.co/bdEQdXkw17
249,1401947315640803334,2021-06-07 17:01:01,내가 더 사랑해❤️❤️❤️❤️❤️❤️❤️❤️❤️❤️❤️❤️❤️❤️❤️❤️ #겨울이버블
250,1401947313749184513,2021-06-07 17:01:01,#겨울이버블 원래 맛집이었어 오늘만 맛집이었던 거 아니구.. 사랑해❤
251,1401947310620217347,2021-06-07 17:01:00,"#겨울이버블 #윈터버블 
나두ㅠ🤍🤍🤍"
252,1401947310603444229,2021-06-07 17:01:00,"#겨울이버블 민정아,,,,이렇게 밤마다 버블 와줘서 넘 고마워,,,울 민정이 덕분에 짱 행복한 밤이 될 듯!!!...글고 난 언제나 민정이의 모든 모습들을 좋아하니까 민정이 하고픈 거 다 해 알게찌 천사밀당강쥐야 마니 사랑해 https://t.co/7RXcOu1ALj"
253,1401947310360174597,2021-06-07 17:01:00,#겨울이버블 #윈터버블 내일 또 온다는 이 사랑둥이 너무너무 사랑해ㅠㅠㅠ
254,1401947308409823233,2021-06-07 17:00:59,#겨울이버블 아기.. 잘자라고 치려고햇는데  사랑해? 사랑해사랭햏사라라살알사랑해래 미쳣나봐 사랑해?
255,1401947307151482886,2021-06-07 17:00:59,"#겨울이버블

나 방금 .. 설렜어"
256,1401947307084378114,2021-06-07 17:00:59,"#겨울이버블
김민정은항상맘에들지...널사랑하지않는방법따윈모른단다....평생사랑할게민정아💛"
257,1401947284061900803,2021-06-07 17:00:54,"#겨울이버블
잘 자~ 항상 자랑스럽고 사랑스러운 아기야"
258,1401947280110854146,2021-06-07 17:00:53,"#겨울이버블
꿈꾸지 말고 푹 주무세요🤍 심심하면 와줘 나두 사랑해ㅐㅐㅐㅐㅐㅐ❤️"
259,1401947268949811202,2021-06-07 17:00:50,쩡아 너무너무 사랑해 세상에서 제일 소중한 우리 겨울이 민정아 잘 자 내일 보자 내일도 널 사랑할게🤍 #윈터버블 #겨울이버블
260,1401947264361267201,2021-06-07 17:00:49,#겨울이버블 잘자~~🤍 사랑해...
261,1401947238754971648,2021-06-07 17:00:43,"#겨울이버블 #윈터버블 
계속 기다릴 거야~~~ㅠ"
263,1401947184610697216,2021-06-07 17:00:30,"#겨울이버블

버블맛집 오늘 끝나서 너무 아쉽지만
잘 자 민정아 ❕"
264,1401947179753689089,2021-06-07 17:00:29,"#겨울이버블 #윈터버블
잘자 겸둥🤍"
265,1401947172107522051,2021-06-07 17:00:27,"#겨울이버블
늦은밤에 넘 고마워 오늘 하루도 고생해써 꿀잠자자 민정이🥰🥰"
266,1401947163010080768,2021-06-07 17:00:25,"#겨울이버블
 겨울이잘자 https://t.co/IcfQUaMuQU"
267,1401947148963303427,2021-06-07 17:00:21,"#겨울이버블
버블맛집김윈터 놀아줘서 너무너무 고마워어 얼른 푹 자 〰❤️"
268,1401947143133229060,2021-06-07 17:00:20,앙녕🤍🤍🤍 #겨울이버블
269,1401947111491469314,2021-06-07 17:00:12,#겨울이버블 맨날맨날짱사랑한당
271,1401947094915567621,2021-06-07 17:00:09,#겨울이버블 오늘만이 아니라 어제도 그제도 그보다 한참 전에도 마음에 들었지 민정이인데 어떻게 마음에 들지 않는 날이 있겠어 그치!! 민정이 알게 됐을 때부터 민정이가 마음에 들었는데 마음에 들 뿐이게 어디서 뭘 하든 항상 생각날 정도로 사랑하지ㅠㅠㅠㅠ🥺💙 https://t.co/3LEzcj8OTH
272,1401947086719897603,2021-06-07 17:00:07,울겨울이 오늘도 놀아줘서 고마워 잘자🤍🤍 #겨울이버블
273,1401947073415577601,2021-06-07 17:00:03,"#겨울이버블

사랑해......."
274,1401947045364047874,2021-06-07 16:59:57,어떻게 김민정 좋아죽겠음 눈물남 ㅠ #겨울이버블 #윈터버블 https://t.co/7qlnea5Qvv
275,1401947041551446016,2021-06-07 16:59:56,"#윈터버블 #겨울이버블
울 민정이 이제 진짜 굿나잇~~~ 푹 자고 좋은 꿈 꿔요💙💙"
277,1401946962467852289,2021-06-07 16:59:37,"#겨울이버블 
민둥맨둥이 버블 보내느라 수고했어 얼른 자 푹 자 좋은 꿈 꿔 사랑해"
278,1401946950824386560,2021-06-07 16:59:34,#겨울이버블 #윈터버블 민정이 졸려? 같이 자러 가까?❤️
279,1401946930863742984,2021-06-07 16:59:29,#겨울이버블 #윈터버블 민정아 잘자아아아 항상 민정이 덕분에 너무 행복해 고마워🥰
280,1401946924429627393,2021-06-07 16:59:28,"#겨울이버블 #윈터버블

민정이가 한달에 한번 와도 좋아 니가 숨만 쉬어두 좋아 오늘 다양한 민정이 볼 수 있어서 좋았지만 그게 맘에 들었던건 아냐. 그냥 너라서 좋은거야 절대 버블에 의무감 느끼지말기 심심할때 말걸기 좋은 친구라 생각하기 약속"
281,1401946909577674752,2021-06-07 16:59:24,"#겨울이버블
피곤하면 자두돼~~ 심심하면 또 와줘😳"
282,1401946886315995137,2021-06-07 16:59:19,"#겨울이버블 #윈터버블 
오늘 넘 많이보내줘서 안붙잡을게ㅠㅠㅠ 고생해쪄🤍
내일 또 와주룜🤍🤍🤍🤍🥺"
283,1401946855961862152,2021-06-07 16:59:12,#겨울이버블 매일매일 늘 항상 넘치게 맘에 들어 민정아….제일 사랑해🥰🥰🥰 너가 최고야
287,1401946804837490690,2021-06-07 16:58:59,"#윈터버블 #겨울이버블
고마어고마오"
288,1401946790241341440,2021-06-07 16:58:56,"#겨울이버블
울 강아지 잘 자~~~~~~"
289,1401946785489162241,2021-06-07 16:58:55,"#겨울이버블 #윈터버블
밀당 고수다 김민정"
290,1401946715721068546,2021-06-07 16:58:38,"#겨울이버블
민정아 미쳐버리겠다 이뻐죽겠어 https://t.co/QorvqlMhLG"
291,1401946709865865221,2021-06-07 16:58:37,#겨울이버블 매 순간 당신을 사랑해요....
292,1401946698499297282,2021-06-07 16:58:34,민정이 특: 맨날 자자고 하면서 1시간 뒤에 돌아옴 #겨울이버블
294,1401946648859746304,2021-06-07 16:58:22,"#겨울이버블 #윈터버블
울 민정이는 이미 내 맘에 들어와있는데 맘에 들고 안들고가 어디써!!
그냥 민정이 방식으로 민정이가 하던데로 지금처럼 소통하면 되는거야 울 강아지 부담없이 심심할 때 좋은 소식 있을 때, 하고싶은 말 있을 때 아무때나 와두 돼🥸 https://t.co/8BCImjaTqX"
295,1401946600524582912,2021-06-07 16:58:11,#겨울이버블 #윈터버블 웅! 우리 애기 아직 성장기니까 일찍 자야 키크지! 그치 민정아?
296,1401946594644172800,2021-06-07 16:58:09,난 잠 다 잔 것 같은 데? ㅠㅋㅋ #겨울이버블
298,1401946511412391941,2021-06-07 16:57:49,매일사랑하는뒈~~ #겨울이버블 https://t.co/NtyI1DJls8
299,1401946505435521030,2021-06-07 16:57:48,#겨울이버블 #윈터버블 민정이는 맨날 마음에 드는데? 맨날 이쁘고 맨날 귀엽구 맨날 소중하고 맨날 보고 싶고 맨날 사랑하고 맨날 맨날 좋아
300,1401946468718563328,2021-06-07 16:57:39,오늘만이 아니야 매일매일 365247 조아 사랑해 #겨울이버블 #윈터버블
301,1401946445746372609,2021-06-07 16:57:34,"#겨울이버블 #윈터버블
겨울아 넌 셀카를 보내줘서 마음에 드는게 아니라 그냥 겨울이가 신나게 말을 해준다는게 조은거얌~~~ 울 윈깅이~~~~"
302,1401946434446843912,2021-06-07 16:57:31,"민정아 널 알게 된 이후로 단 한 순간도 맘에 들지 않았던 적이 없었어
#겨울이버블
너가 뭘하든 그냥 너라서 좋아!!!
오늘만이 아니라 그냥 매일 좋아 죽겄어!!"
303,1401946423541727234,2021-06-07 16:57:28,"#겨울이버블
우리 민정이 칭찬칭찬칭찬 왕 칭찬!!!!!!!
우주최고로 왕많이많이 사랑하지~~~"
304,1401946413911580686,2021-06-07 16:57:26,뻥안치고 졸고있었는데 김윈터때문에 잠 다 깸 ㅠ 평생 민정이해 💙 #겨울이버블
305,1401946407225872385,2021-06-07 16:57:25,"#겨울이버블
넌 걍 매일 맘에들어….
오늘이 젤 맘에들긴 함 
왜냐면 매일매일 더 좋아짐 ;;"
306,1401946406173102083,2021-06-07 16:57:24,"나는 하루도 빠짐없이 너를 좋아해.

#윈터버블 #겨울이버블 https://t.co/00pIIgiT6A"
307,1401946405078376448,2021-06-07 16:57:24,#겨울이버블 야 넌 맨날 사랑스러어 근데 이제 오늘은 101배 더
308,1401946395272093707,2021-06-07 16:57:22,"#겨울이버블
1년치 버블 다 받는 기분이야"
309,1401946390578622464,2021-06-07 16:57:21,#겨울이버블 #윈터버블 오늘이라니.. 항상 매일매일 1년 365일 다 좋아 민정아 항상 제 마음속 1등이세요..🥰
310,1401946390184402951,2021-06-07 16:57:20,#겨울이버블 앙큼강아지..
311,1401946375651139587,2021-06-07 16:57:17,#겨울이버블 민정아 ㅠ 늘 마음에들어 ㅠ 단 한숭간도 마음에안든작이없어
312,1401946342230880256,2021-06-07 16:57:09,"버블 맛집 김윈터❤️‍🔥

#겨울이버블 #윈터버블"
313,1401946307745370112,2021-06-07 16:57:01,#겨울이버블 #윈터버블 존재자체가 맘에 들어💚 https://t.co/41pAihvg7X
314,1401946306117914625,2021-06-07 16:57:00,"#윈터버블 #겨울이버블
민정이가 좋았던 순간을 꼽으라면 망설임없이 매일이었다고 대답할 수 있어💕 김민둥맨둥 진짜 어떻게 안사랑해"
315,1401946288229212163,2021-06-07 16:56:56,숨 모쉴거가타요 겨울임 ㅠㅠㅠㅠㅠㅠㅜ #윈터버블 #겨울이버블
316,1401946284873814019,2021-06-07 16:56:55,"#겨울이버블 #윈터버블
나오늘 맘에들지 먕먕 https://t.co/g1HnmtSuwA"
318,1401946189801549824,2021-06-07 16:56:33,#윈터버블 #겨울이버블 오늘 뿐만 아닌데? 항상 맘에 들고 좋은데?
320,1401946188262166533,2021-06-07 16:56:32,#겨울이버블 한결같이 맘에드는데 무슨소리야🥰
321,1401946174244880386,2021-06-07 16:56:29,#겨울이버블 민정아 항상 좋아해...
322,1401946162769240074,2021-06-07 16:56:26,"#윈터버블 #겨울이버블
민정아 매일매일 사랑해 
진짜 많이 좋아해 우리아기 💖"
323,1401946157278928901,2021-06-07 16:56:25,"김민정 너 무슨 말을 그렇게 해,,,,오늘이 아니라 매일 좋아 나 김민정 이유 없이 좋아해 #겨울이버블 #윈터버블 https://t.co/GUC1AV1eM0"
324,1401946142565310466,2021-06-07 16:56:21,"#겨울이버블
쳥소엔 트월킹으로 끝날거 
오늘은 윈드밀 중이랄까 ^^.."
325,1401946137162960900,2021-06-07 16:56:20,"#겨울이버블 #윈터버블
출동했습니다🚨 
버블맛집 윈터 다들 구독하세요
초딩민정언냐신나게 빨리 구독하세요 https://t.co/7Ksbs0NQKB"
326,1401946125867749379,2021-06-07 16:56:17,"#윈터버블 #겨울이버블 
계속 아니 평생 맘에 들지ㅠㅠㅜ"
327,1401946123191787521,2021-06-07 16:56:17,#겨울이버블 매일매일이 맘에 든다면 ••? 🤍
328,1401946106553012224,2021-06-07 16:56:13,넌 365일 24/7 맘에 들지 #겨울이버블 #윈터버블
329,1401946100387303426,2021-06-07 16:56:11,요요 한주먹앙큼큐띠빠띠Girl아... 누가 그런 초카와이멘트 던지래... 감사합니다 #겨울이버블 #윈터버블
330,1401946083752759301,2021-06-07 16:56:07,"#겨울이버블
아니 윈터 왤케 앙큼폭시걸이 됐어
아니 좋다구"
332,1401946066811949058,2021-06-07 16:56:03,"#겨울이버블 와 김민정 넘 앙큼 강쥐라서 말을 잇지 못하겠음,,,
자기 때매 지 팬들 난리 난 거 다 알면서 나 오늘 맘에 들지 라는  물음을 던지는 너는,,,,,,
나 지금 약간 손떨려 넘 조아서 https://t.co/o8vS9pN6bh"
333,1401946059505504257,2021-06-07 16:56:02,"#겨울이버블
아닌데 원래부터 마음에 들었는데"
334,1401946052534575104,2021-06-07 16:56:00,#겨울이버블 항상올웨이즈매일에브리데이🥺
336,1401946045647495172,2021-06-07 16:55:58,"#겨울이버블
오늘 뿐만 아니라 항상 사랑했지ㅠ 앞으로도 사랑할거고ㅠ"
337,1401946044951187458,2021-06-07 16:55:58,미쳤나봐 진짜…. 민정이때문에 할미 죽는다 #겨울이버블 https://t.co/0AD2xNjlyV
338,1401946039356035073,2021-06-07 16:55:57,#겨울이버블 도라버려.. https://t.co/l7KXJkTDtU
339,1401946034817757188,2021-06-07 16:55:56,"#겨울이버블 #윈터버블 
강쥐야 항상 사랑해"
340,1401946032703905792,2021-06-07 16:55:55,"#겨울이버블
오늘뿐이야?
우리 민정이는 항상 최고지이~~~
김민정 짱이지~~~~
칭찬칭찬칭찬 왕칭찬해줄거야 사랑해💛"
341,1401946023723814915,2021-06-07 16:55:53,"#겨울이버블
단호박체 https://t.co/VT3Byx7qSd"
342,1401946011799486467,2021-06-07 16:55:50,#겨울이버블 존재자체가 맘에 들어💚
343,1401946010474061836,2021-06-07 16:55:50,#겨울이버블 어제도 오늘도 내일도 항상 맘에 들어 !!💛
344,1401946000596500481,2021-06-07 16:55:48,#겨울이버블 오늘만 맘에 드는 게 아니라 너가 숨만 쉬어도 맘에 들고 너무 좋고 사랑해 민정아...... 넌 살아있는 게 팬서비스야
345,1401945997287190531,2021-06-07 16:55:47,무슨소리양 민정이는 맨날 맘에들지이 #겨울이버블 #윈터버블
346,1401945992010731523,2021-06-07 16:55:46,#겨울이버블 민정아 맨날 좋아 맨날 마음에 들어
347,1401945963497852932,2021-06-07 16:55:39,#겨울이버블 나는 늘 네가 마음에 드는데
348,1401945961509711872,2021-06-07 16:55:38,#겨울이버블 칭찬 듣고 싶은 강아지냐구요
349,1401945955465719814,2021-06-07 16:55:37,"나 진짜 민정이때문에 못 자ㅜㅜ
넘 귀엽잖아🥺🥺🥺
그리고 셀카를 더 찍으면 된대 써는 사람은 정말 천재야!!!!!!!!
민정이야 셀카 꼭꼭꼭 많이 찍줘 약속👌🏻

#겨울이버블 #윈터버블 https://t.co/VKQwTakeOv"
350,1401945950705184768,2021-06-07 16:55:36,#겨울이버블 #윈터버블 오늘뿐이겠어 널 알게된 후 계속 앞으로도 쭉 맘에들지 진짜루... 사랑해...
351,1401945940068421635,2021-06-07 16:55:33,"나 사랑하지마
그게 뭔데
나 사랑하지말라고
그거 어떻게 하는 건데 #겨울이버블 은 멋있었다"
353,1401945913065545729,2021-06-07 16:55:27,"#겨울이버블
매순간순간 모든 너를 사랑하고 맘에 드는데??❤️"
354,1401945910251188226,2021-06-07 16:55:26,"#윈터버블 #겨울이버블
울 민정이는 항상 사랑하잔니,,"
355,1401945908762140676,2021-06-07 16:55:26,"#윈터버블 #겨울이버블
늘 내 맘 속 원픽인 걸"
356,1401945906040115201,2021-06-07 16:55:25,#겨울이버블 민정아 넌 항상 좋았어 항상 고마웠다구
357,1401945902877577224,2021-06-07 16:55:24,"#겨울이버블 #윈터버블 
원래 맘에 들어했고 원래 사랑해"
358,1401945884548497411,2021-06-07 16:55:20,나 평생 니만 본다 진짜다 #겨울이버블
359,1401945849958068226,2021-06-07 16:55:12,오늘뿐만이 아니라 항상 맘에 들었어 #겨울이버블 #윈터버블
360,1401945849676976128,2021-06-07 16:55:12,#겨울이버블 맨날사랑해..
361,1401945844467716098,2021-06-07 16:55:10,#겨울이버블 ៖ .. 걍 암것도안해도 ㅏ맘에 들긴하는데
364,1401945803787173890,2021-06-07 16:55:01,#겨울이버블 민정아 넌 원래 맘에 들어❤️
365,1401945777509855238,2021-06-07 16:54:54,국민연금은 잊어도 윈터 버블 구독은 잊지 말자 #겨울이버블
366,1401945746958475267,2021-06-07 16:54:47,이거 너무 내꺼 답장 같네..? 아니 그래가지구 윈깅아 사진 좀 더 찍어놓자🤣💕💕 #겨울이버블 #윈터버블 https://t.co/JItlXYiJDl
367,1401945683972657153,2021-06-07 16:54:32,너무 부담갖지 않아도 돼 민정아~! 너가 하고싶을때 언제든지 오면 되는거구 😉❤️ 마이가 쩡이한테 편한 존재가 되었으면 해❤️ #겨울이버블 #윈터버블 https://t.co/MzSQ74kwpy
368,1401945642675499010,2021-06-07 16:54:22,"#겨울이버블
민정아... 나는 너가 보내주는 모든 게 다 좋으니까 너무 부담감 갖지 말고...................... 항상 행복하기만 하면 되고........."
370,1401945569652736000,2021-06-07 16:54:05,#겨울이버블 진짜 너무 이뻐ㅜㅜㅠ
371,1401945557791170560,2021-06-07 16:54:02,"#겨울이버블 
겨울이 셀카를 보고 없던 병이 다 나았습니다. 최고 존엄 필승 강아지 사랑혀 🤍"
373,1401945548056252422,2021-06-07 16:54:00,더 더 더 더 #겨울이버블 #윈터버블
378,1401945454250803200,2021-06-07 16:53:37,#겨울이버블 버블맛집 천재아이돌 김윈터 사랑만 줄게❤❤❤❤
379,1401945433514004481,2021-06-07 16:53:32,근데 진짜 우리 애들만큼 자주 오는 거 못봄 4500원가지고 그러는 건 좀…. 일주일에 적어도 4~5일 오는 앤데 ㅜ #겨울이버블
380,1401945426547273732,2021-06-07 16:53:31,#윈터버블 #겨울이버블 민정아 가면 간다고 말해주고 가기ㅠㅠ❤️🥺❤️ 할매 계속 기다린다규ㅠㅠㅠ
381,1401945421291810817,2021-06-07 16:53:29,#겨울이버블 너 덕분에 비밀의 화원 1위 찍은 거 모르지? 천재아기야 이제 음성메시지를 활용해서 노래를 불러 준다면...... 알겟서 잔다.
382,1401945405307252738,2021-06-07 16:53:26,#겨울이버블 뭐든 겨울이라면 조아
384,1401945385770176524,2021-06-07 16:53:21,그냥 소소한 얘기 나는 것도 좋아요 ㅠㅠㅠ #윈터버블 #겨울이버블
385,1401945376207163397,2021-06-07 16:53:19,"다들 버블 맛집 윈터하세요!!
#겨울이버블 #윈터버블 https://t.co/XEpn9NVWxB"
387,1401945341432193028,2021-06-07 16:53:10,#겨울이버블 김민정은 자기 덕후들을 어케 다뤄야하는 지 넘 잘 알아서 악!!!!!열받아 넘 귀여워 https://t.co/vjCylHQdNs
388,1401945229192613890,2021-06-07 16:52:44,"#겨울이버블 
개인적으로 너의 거울샷 사랑해. 앞으로 많이 찍어달란 말씀 ...!💓"
389,1401945216467095552,2021-06-07 16:52:41,"#윈터버블 #겨울이버블
사실 셀카 아니고 다른 사진이어도 울 민정이가 보내주는 건 다 좋지요~~~"
391,1401945210410520579,2021-06-07 16:52:39,"#겨울이버블 
┌──────────┐
│⌕ 윈
└──────────┘
연관 검색어
↳ 윈터버블 셀카맛집
↳ 윈터버블 구독하쉐이..~
↳ 윈터버블 단돈 4500원~^^~*
↳ 윈터 너무예븜당연함. https://t.co/LsCrJKH35K"
392,1401945178357702662,2021-06-07 16:52:32,셀카 20010101장 찍어서 야금야금 풀어조 #겨울이버블 #윈터버블
393,1401945157029679104,2021-06-07 16:52:26,#겨울이버블 너무좋아 https://t.co/3xigXXblwc
394,1401945108564516867,2021-06-07 16:52:15,#겨울이버블 저런 밀당스킬 어떤 학원에서 배울 수 있음? https://t.co/5lKSD7Kb7y
401,1401944933162917892,2021-06-07 16:51:33,"#겨울이버블 #윈터버블

아니이 누구야!!!ㅋㅋㄱㅋㅋㅋㅋㅋㅋㅋㅋㅋㅋㅋㅋㅋㅋ신경쓰지마그런거!!! 편하게 부담없이 와줘🤍🤍🤍 https://t.co/1azcQlBUlk"
402,1401944917845286914,2021-06-07 16:51:29,#윈터버블 #겨울이버블 나 .. 민정이랑 첨으로 티키타카 성공함 https://t.co/9x32WuzF84
403,1401944904947752962,2021-06-07 16:51:26,"#윈터버블 #겨울이버블 
다들 윈터 버블 하세요~~~~"
404,1401944867249418242,2021-06-07 16:51:17,"#겨울이버블 #윈터버블
김민정으로 3행시 하겠습니다

김! 민정아어쩜겨울에태어나서여름처름따뜻하니....

민! 나 너없이이제못살아큰일났다내나이nn살김민정만나고큰일났다비상사태그러니까.....

정! 내일저메추좀해주라 https://t.co/o7GhHdyeZj"
405,1401944864984502274,2021-06-07 16:51:17,#겨울이버블 음성메세지도 보낼수있자나
406,1401944864598626305,2021-06-07 16:51:17,#겨울이버블 #윈터버블 민정이 편할때 언제든 맘 가는대로 하면댕ㅇ유ㅠㅠㅠㅠㅠ
407,1401944843870343172,2021-06-07 16:51:12,"#겨울이버블 
민정아 하루에 셀카 100장 찍자^^ㅋ"
408,1401944825163751425,2021-06-07 16:51:07,#겨울이버블 그런 방법이
410,1401944824127705088,2021-06-07 16:51:07,"#겨울이버블
갸아악...나지금너무좋아서잠이 안올거같다 어디서 이런효녀강아지가.... 넘 부담 갖지 말고!! 사랑햐"
411,1401944778728611845,2021-06-07 16:50:56,"#윈터버블 #겨울이버블
 
☎️세계최초 채팅하는 강아지☎️
🔗사진 보내주는 강아지🔗
📌약오르는 강아지📌
이 모든 걸 즐기실 수 있는 #윈터버블 
당장 구독하세요!! https://t.co/Fh8bQgkFpV"
413,1401944766657417218,2021-06-07 16:50:53,"#겨울이버블
민정아 나 너 너무 좋아해서 진짜 어떡하지........."
414,1401944764589568004,2021-06-07 16:50:53,#겨울이버블 천재다
416,1401944747552350214,2021-06-07 16:50:49,#겨울이버블 셀카 많이 찍어죵
417,1401944744456949760,2021-06-07 16:50:48,우리 겨울이 버블을 구독하시면 이런 셀카를 받으실 수 있다구요 이런데도 결제안해?????? #겨울이버블 https://t.co/sjDrIkS32M
418,1401944729059692544,2021-06-07 16:50:44,"#윈터버블 #겨울이버블
민정이 오늘도 수고 많았고 푹 자고 좋은 꿈 꿔요💙"
419,1401944708369117186,2021-06-07 16:50:40,#겨울이버블 사랑한다구!!!! 버블하는거 너무 부담가지지 말구ㅜㅜ
420,1401944691029942275,2021-06-07 16:50:35,"어떡해 버블맛집인데 셀카도 잘해... 지금 이거 무슨 일이야... 별안간 무릎 꿇고 경건하게 버블 보다 울면서 헤드스핀 도는 여자 됨 김민정 천재 윈터 최고 천재 사랑해~!~!!!~!~!❤️‍🔥
#겨울이버블 #윈터버블"
422,1401944687993233408,2021-06-07 16:50:35,미쳤나 진자.. 보내준 셀카 완전 이느낌 나 #겨울이버블 https://t.co/mRMfcPZSFL
424,1401944661732716549,2021-06-07 16:50:28,"#윈터버블 #겨울이버블
진짜 최고의.맛집버블 구독료 싸다싸 !!!!! 셀카한장에 101010101원 받아야되는거아냐??"
438,1401944559861391361,2021-06-07 16:50:04,"#윈터버블 #겨울이버블
이시간에 이렇게까지 같이 놀아주고 이런 아이돌 없다 🤍 부담갖지는 말아 겨울아 이뿐아"
439,1401944550122287104,2021-06-07 16:50:02,"#겨울이버블 #윈터버블
오늘 사진4개보내주고 구독자 구독료생각해주고  버블 보내자마자 바로 읽는 이 시대 참아이돌 김.윈.터.!!
윈터 버블 외않해?????"
442,1401944509806567428,2021-06-07 16:49:52,"#겨울이버블 #윈터버블
사랑해..그냥사랑해..... 사랑한다...."
443,1401944508267302913,2021-06-07 16:49:52,민정아 그얼굴이면 저세상각도로 찍어도 베스트컷이란다 #겨울이버블
444,1401944505767456768,2021-06-07 16:49:51,#겨울이버블 셀카천재이에……
446,1401944498024841217,2021-06-07 16:49:49,#겨울이버블 안하면 개손해ㅡㅡ
447,1401944487853760522,2021-06-07 16:49:47,#겨울이버블 사랑니 뽑았어? 😭 머리가 더 짧아보여요 귀엽네요 :-( https://t.co/VlF4BdTm2K
448,1401944483458011140,2021-06-07 16:49:46,"#윈터버블 #겨울이버블 
마지막 사진 개쩌는데 트위터 공계에도 올려주면 안되겟네...,,, 아님 유출허용이라도...,,, 마음껏 앓고싶어 김민정 짱이라고...."
449,1401944457470091264,2021-06-07 16:49:40,"사랑? 그게 뭐지?
관절에 #겨울이버블 이나 해줘 형씨 https://t.co/oRnAvZNVzk"
450,1401944425320701959,2021-06-07 16:49:32,#겨울이버블 민정아 나 기절했다 https://t.co/M8TCucZ78S
451,1401944420811829251,2021-06-07 16:49:31,#겨울이버블 너 천재야? 그리구 문화유산 아끼지말자. 팍팍 쓰자.
452,1401944409873125379,2021-06-07 16:49:28,"#겨울이버블 #윈터버블
민정아 너무 좋아서 우리집 눈물바다 됐어..너 덕분에 수명이 는다 https://t.co/q5m4qyesx4"
453,1401944393464963075,2021-06-07 16:49:24,"#겨울이버블 #윈터버블
하루만에 셀카 네 장 풀어주는 아이돌…
어딜 가시나요? 여기가 맛집입니다 https://t.co/905QLlEjSn"
455,1401944360728502275,2021-06-07 16:49:17,#겨울이버블 민정아 셀카 기다리면서입술 뜯고 소금치약으로 양치했더니 입술이 너무 아파
456,1401944358929063941,2021-06-07 16:49:16,"#겨울이버블
비밀의 화원 그 애가 버블까지 맛집? 이런이런,,, 버블을 구독할 수 밖에 없겠는걸,,?,,"
457,1401944353015164928,2021-06-07 16:49:15,"버블맛집 윈터버블 구독하면 후회안함. 
진짜 친구(근데 사촌동생을 곁들인..)랑 카톡하는 느낌. 강력추천.

#겨울이버블 #윈터버블 https://t.co/cDRhjKeHZ8"
458,1401944343582154752,2021-06-07 16:49:13,#겨울이버블 안경셀카도 언젠가..
459,1401944341099081729,2021-06-07 16:49:12,"#겨울이버블
하루의 마무리를 겨울이버블로!!! 오늘도 와줘서 고마워❤️"
460,1401944328574996487,2021-06-07 16:49:09,"#겨울이버블
민정아 원룸이 투룸되는 소리 들리니.. 지금 너 덕분에 옆집이랑 강제 인사하게 된 사람들이 한 두명이아니야 김민정 천재"
461,1401944322644144128,2021-06-07 16:49:08,"#겨울이버블
구독료정말한번도아깝다고생각한적없어...너희처럼자주오는사람이어디있어...김민정진짜사랑해ㅜㅜ"
463,1401944315979436034,2021-06-07 16:49:06,"#겨울이버블
민정아 정말 오만원이어도 할 거 같다ㅠㅠㅠ"
464,1401944312372359168,2021-06-07 16:49:05,"#겨울이버블 #윈터버블
아끼지 말아줘,,,"
465,1401944278167810054,2021-06-07 16:48:57,"#겨울이버블 #윈터버블
민정이 셀카 실력 또 늘었어….
절대 늘지 않을 줄 알았는데…. 
별안간 벅차오르면서 어쩐지 좀 섭섭하기두하고…
좋은 셀카 선생님들을 두었구나 울 애기🥲"
467,1401944262711775234,2021-06-07 16:48:53,"#겨울이버블

사랑해...사랑해사랑해사랑해사랑해사랑해사랑해사랑해사랑해사랑해사랑해사랑해사랑해사랑해사랑해사랑햐사랑해사랑해사랑해사랑해사랑해사랑해사랑해사랑해사랑해사랑해사랑해사랑해사랑해사랑해사랑해사랑해사랑햐사랑해사랑해사랑해사랑해사랑해사랑해사랑해사랑해사랑해사랑해사랑해 https://t.co/1uMF7gNdas"
469,1401944258047737856,2021-06-07 16:48:52,왜케 매초롬 하게 생긴거야???????? 해명좀 #겨울이버블 #윈터버블 https://t.co/cE4jQ2kBmR
470,1401944249944317952,2021-06-07 16:48:50,비밀의 화원 들으면서 윈터랑 연락하기~☆ #겨울이버블
473,1401944207581802499,2021-06-07 16:48:40,"내가 너라면, 그 아름다운 얼굴의 사진 찍는 것을 멈추지 않을 거야. 

#윈터버블 #겨울이버블 https://t.co/gHMi4Z53DE"
475,1401944192327196672,2021-06-07 16:48:36,민정아 마지막 사진 유죄야 ㅠ ㅁㅊ 개좋아 너무 이뻐 ㅜㅜㅠㅠㅠㅠㅠㅠㅠ #겨울이버블
478,1401944146693132294,2021-06-07 16:48:26,이 집 서비스 제대롭니다 바로 구독 ㄱ ㄱ ㄱ ㄱ #겨울이버블
479,1401944139491516423,2021-06-07 16:48:24,엄마! 나는 커서 김민정이 될래요! #겨울이버블 #윈터버블
481,1401944116246704131,2021-06-07 16:48:18,#겨울이버블 #원터버블 김민정 최고
482,1401944104603291654,2021-06-07 16:48:16,"#겨울이버블 민정아 닌 ,,,그냥 짱 먹어라 https://t.co/ydvIck8zGC"
483,1401944103298863109,2021-06-07 16:48:15,"#겨울이버블 #윈터버블
민정아 진짜 4만5천원이어두 할거가태"
484,1401944097942741000,2021-06-07 16:48:14,"#윈터버블 #겨울이버블 
긴말안한다
버블천재에게로
와라 https://t.co/J4ACkHgreQ"
487,1401944034650722304,2021-06-07 16:47:59,"#윈터버블 #겨울이버블
진짜 민정이는 킹왕짱임 
민정아 너무너무너무너무너무너무너무 예쁘다 !!
🤍🤍🤍🤍🤍🤍🤍🤍🤍🤍🤍🤍🤍"
488,1401944034378092544,2021-06-07 16:47:59,이 사진 너무 좋다면 어쩔래 이마에 붙이고 다니고 싶어 #겨울이버블 #윈터버블 https://t.co/afdjML9wrF
489,1401944030422786053,2021-06-07 16:47:58,아 제발 #겨울이버블 https://t.co/8yz0cYMYQs
490,1401944023896530947,2021-06-07 16:47:56,"#겨울이버블
..............김민정"
491,1401944006364254209,2021-06-07 16:47:52,"#겨울이버블 #윈터버블
ㅠㅠㅠㅠㅠㅠㅠㅠㅜㅜㅜ악ㅠㅠㅠㅠㅠㅠㅜㅜㅜㅜㅠㅠㅠ너무좋아ㅠㅠㅠㅠㅜㅜㅠ https://t.co/FHtVdrZHKT"
494,1401943978044391434,2021-06-07 16:47:45,사랑니 뺀 거 같은 이 기여운 볼살 어떡할 건디 진짜로 미치겟음 너무 숨이 막혀 ㅠ #윈터버블 #겨울이버블 https://t.co/DwadUEACEY
501,1401943901489930246,2021-06-07 16:47:27,"셀카 사랑해
 #겨울이버블 https://t.co/n2rnXIVUkw"
502,1401943900185452549,2021-06-07 16:47:27,#겨울이버블 방금 겨우리 사진 미쳤냐고 돌랐냐고 ㄹㅇ ㄹㅈㄷ로 예쁘네
503,1401943898398748673,2021-06-07 16:47:26,아끼지마 팍팍 줘ㅠㅠ 셀카 많이 찍어줘ㅠㅠ #윈터버블 #겨울이버블 🥺 https://t.co/PxBs8S2Ty0
505,1401943872859623424,2021-06-07 16:47:20,#겨울이버블 천재만재 버블천재 버블만재 버블의신 버블맛집
506,1401943869386727424,2021-06-07 16:47:19,#겨울이버블 #윈터버블 버블맛집 장담합니다!!! 꼭 가입하세요~~~ㅎㅎㅎ
507,1401943863967707138,2021-06-07 16:47:18,이 집 잘 하네.. #겨울이버블
508,1401943853989457920,2021-06-07 16:47:16,"민정이는 버블맛집이에요 아이좋아 #윈터버블
#겨울이버블"
509,1401943805234798593,2021-06-07 16:47:04,"#겨울이버블 와 방금 보내준 셀카 미친 거 아니냐며,,,,,,,,,,,,,,,,단발 짱 그저 갓"
512,1401943777946718217,2021-06-07 16:46:58,"#겨울이버블
악 민정이 너무 이쁘다ㅠㅠㅜ"
513,1401943764185190400,2021-06-07 16:46:54,"#겨울이버블
얼굴도 있고
예의도 있고
밀당도 있고 
사랑도 넘치는 #윈터버블
단 돈 4”5”0”0 원 
💯지금 바로 구독하세요💯 https://t.co/fyPEVS1xgM"
515,1401943757151301633,2021-06-07 16:46:53,#겨울이버블 버블맛집 버블천재
517,1401943745315020802,2021-06-07 16:46:50,일당이 아니라 월급을 받아버렸다. #겨울이버블
519,1401943721927536640,2021-06-07 16:46:44,"여기가 버블 맛집입니다 .여러분 구독 많이 해주세요.

#겨울이버블 https://t.co/mqXZTxvLWE"
520,1401943710808514561,2021-06-07 16:46:42,"[Web발신]
(앞광고)
(버)블정보
단타초보모임
구독평생4500원
#겨울이버블
#윈터버블
#요즘핫한종목
#현대자동차
#두산중공업 https://t.co/h2SNBzdM4q"
521,1401943707587256324,2021-06-07 16:46:41,#겨울이버블 버블맛집 윈터 아닙니까ㅏㅏ 서비스까지 챙겨주는 아이돌 여깄어요 😇 https://t.co/5N169PpjQn
523,1401943628226826246,2021-06-07 16:46:22,"#겨울이버블
4500원 내고
시력 0.2에서 5.0 됨
광명 찾자 다들"
525,1401943610854043652,2021-06-07 16:46:18,"#겨울이버블
내가.공계에서 이러고십진.않앗는데.겨울이가 하라길래 함..
....웅̆̈ https://t.co/G8jjfk5ln8"
531,1401943557045243904,2021-06-07 16:46:05,"#맛집해시 #겨울이버블
사랑둥이 강쥐 버블 구독료 하나도 안 아까워요 
네네... 정말르 최고세요 

-TEAM WINTER☃️❄️❤️🐶 https://t.co/vwlyD71zL6"
540,1401943497448382465,2021-06-07 16:45:51,잉 근데 민정이 너무 착해 ㅠㅠ 나두 착한사람 될거야 #겨울이버블
541,1401943496009781250,2021-06-07 16:45:50,"#겨울이버블
웅성...웅성..👤👥..(이거무슨줄이에요•••)..👥👥웅성...(버블맛집대기줄이요•••)웅성...👤웅성...👥..웅성웅성..."
545,1401943454783971334,2021-06-07 16:45:41,#겨울이버블 밀당하면서 사진 3장이나 보내주는 밀당천재 앙큼 효녀 겨울이 버블 구독하세요~ https://t.co/Czk3MTzl9y
550,1401943408298528770,2021-06-07 16:45:30,"#겨울이버블 #윈터버블
자 자 우리 ❄️버.블.맛.집 에스파 윈터❄️
버블 맛집입니다 제가 다녀와봤는데요,
새로운 구독자분 찾습니다
윈터님께서 찾는다고 전해라ㅏㅏ https://t.co/vpI6LXepwM"
555,1401943384479080452,2021-06-07 16:45:24,"#겨울이버블

#ad #광고
이번에 광고받은 제품은 윈터버블인데요!
무려 윈터님이 광고요청하셔서 올립니다!💛
4500원으로 한달끼니,,가능할까요??
아마삼각김밥 한톨씩 먹어도 안될거에요ㅠ
하지만 윈터버블만 구독하신다면!
단돈 4500원으로 
무려 한달을 배불리 살수 있답니다
늦기전에 구독하세요💛 https://t.co/KMBZD6lCE2"
558,1401943345753051139,2021-06-07 16:45:15,"#윈터버블 #겨울이버블 
제발.. https://t.co/4qGuV2Vhyn"
559,1401943336089313282,2021-06-07 16:45:12,#겨울이버블 와 맛집도 이런 맛집이 없다 5000만명이 인정한 맛집
560,1401943325104508928,2021-06-07 16:45:10,#겨울이버블 하면 진짜 후회안해 근데 이제 가끔 사촌동생 놀아주는 계피곤한 할미가 되긴 하는데 암튼 좋음
561,1401943318288748545,2021-06-07 16:45:08,#겨울이버블 일단 구독하자 구독하면 갑자기 강아지가 셀카보내고 새벽에 놀자고 버블 보냄 https://t.co/2Eyj3B6AZl
562,1401943304741081090,2021-06-07 16:45:05,"📢팀윈터에서 나왔습니다
이 시대 최고의 버블맛집 ! 
💙💚💛⭐🌟윈터💙💚💛🌟⭐
살아있는 귀염둥이 사랑둥이 잔망둥이

전국 최초 밀당하는 강아지!!
세계 최초 빨대 무는 강아지!!!!
우주 최초 셀카찍는 강아지 !!

윈터 버블 지금 바로 시작하세요 
#겨울이버블 

신청 👉https://t.co/KUStMf4U9C https://t.co/ys783T44mN"
563,1401943302262251520,2021-06-07 16:45:04,"#윈터버블 #겨울이버블 
1+20201117 급인 서비스 후한 버블맛집 김윈터 구독 가즈아~!"
564,1401943297745035267,2021-06-07 16:45:03,"#윈터버블 #겨울이버블 얘들아 윈터 버블 구독하면 구독료 셀카로 환불해줌 당장 구독해라
ㄴ민정씨 어때요 괜찮나요? https://t.co/rBGB9PLkaD"
565,1401943293512982532,2021-06-07 16:45:02,#겨울이버블 무슨 4500원이야 당장 4500만원 드려.
566,1401943281940897807,2021-06-07 16:44:59,#윈터버블 #겨울이버블 극락좌표 윈터❄️☃️⛄️버블 구독 안하면 인생 손해봄⭐️
572,1401943234796920834,2021-06-07 16:44:48,"#겨울이버블 #윈터버블
이렇게 생긴 애가 밤마다 뽀로록 와서 수다도 떨고 가고 사진도 보내주고 하루 일과도 떠들어주고 할미 건강도 챙겨주는 이시대 최고의 효녀강아지 윈터버블하세요 https://t.co/ZLd3RrFPoz"
573,1401943223967227904,2021-06-07 16:44:46,"#겨울이버블
우리 민정이는 말이죠....( 🎵i belive...)
매우 예뻐요....
얼굴 만큼 마음도 예뻐요.....
팬도 정말 아껴주는게 느껴지고요
거의 매일 버블이 와서 버블 새 기능 필요없어요..그게뭐죠
버블도 짧게도 아냐.... 기이이일게....우리 좀 놀리면서 사진도 츤데레 처럼 툭툭 던져주고..(타래)"
574,1401943219978391553,2021-06-07 16:44:45,#윈터버블 #겨울이버블 네.. 버블맛집이라고..전하라네요.. 예 우리겨울이 버블천재에용. 냅다 밀당하고 뭐하냐고 물어보고 읽씹튀하고 자기 머하는지는 안알려주고 그러지만요^_ㅜ 여친짤 풀어주구 새벽마다 와주구 우리강아지 천재구요 짱기여어요🐶긍데 플라잉요가 사진이랑 안경셀카 맡겨놧어용. https://t.co/NldDSaLMmN
575,1401943211589791747,2021-06-07 16:44:43,"#겨울이버블
민정아
보고있다면
안경셀카
주세요
사랑해"
576,1401943192354783234,2021-06-07 16:44:38,"45만원이어도 안아까울 김윈터 버블
단돈 4500원에 구독 가능❗️❗️
#겨울이버블"
577,1401943188957319170,2021-06-07 16:44:37,아유 이 집 버블손맛 야무지네 버블 주인이 인심이 좋아요 성수동 향토맛집 #겨울이버블 #윈터버블 싸다 싸 4500원 https://t.co/y8NhV9Wkep
578,1401943188886020097,2021-06-07 16:44:37,#겨울이버블 긴장해라... 각오해라..... 애인보다 연락 많이 온다는 “그녀”가 돌아왔다.... https://t.co/gEwHSHENY7
579,1401943184935047168,2021-06-07 16:44:36,#겨울이버블 거의 간식달라는 강아지같이 칭찬 받고 싶어하는 김민정 .. 아 귀여웡 ㅠㅠ 짜란다짜란다
580,1401943180417769477,2021-06-07 16:44:35,할미 일했다.. 얼른 사진을.... #겨울이버블
583,1401943168719867905,2021-06-07 16:44:32,골목식당 출연한 최고의 맛집:#겨울이버블 https://t.co/azJ5cl4VML
587,1401943110649749506,2021-06-07 16:44:19,"버블맛집 김민정 ㅋㅋㅋㅋㅋㅋ 
#겨울이버블 #윈터버블"
590,1401943081461501952,2021-06-07 16:44:12,#겨울이버블 #윈터버블 내마음 https://t.co/bVS6BApH3p
591,1401943061807046661,2021-06-07 16:44:07,"#겨울이버블 #윈터버블
윈터버블 구독해야하는 이유
- 무슨 이 새벽에 밀당을 개맛도리로 함 이런 밀당맛집은 없엇다 이것은 아이돌인가 밀당의 교본인가! https://t.co/0SURNcYDtj"
592,1401943037673033729,2021-06-07 16:44:01,#겨울이버블 윈터버블맛집인데 모르는 사람 잇냐~~~ 버블구독료안아까웅 4500원으로할수있는최고의소비
593,1401943035038945280,2021-06-07 16:44:01,"#겨울이버블 
버블맛집 윈깅이 버블...❤️❤️"
596,1401943021508206592,2021-06-07 16:43:57,"#겨울이버블 #윈터버블 
출동, 그런데 뭐라고 해야 할까?"
597,1401943020497371141,2021-06-07 16:43:57,"#겨울이버블 #윈터버블 

속보뜸 https://t.co/TBDrwUKXzk"
600,1401942985596571649,2021-06-07 16:43:49,"#윈터버블 #겨울이버블
민정이 버블 안하는 사람 누구야 
민정이 버블 궁금하지? 궁금해? 
궁금해..궁금해 미치겠어!!! 버블 맛집 윈터네로 오세요~~~🤍🤍🤍🤍 https://t.co/RbffrRct5R"
601,1401942971155550214,2021-06-07 16:43:45,"#겨울이버블 지금 내 심정,,,이 강아지는 자기 버블이 맛집이라는 걸 넘 잘 알고 있음,,팬들 자기 때매 귀여워서 죽어나가려고 하는 거 다 앎...그러면 또 셀카 보내줌,,,더 달라고 하면 밀당하다가 또 보내줌,,,천사 강쥐 아닝교 https://t.co/oEtXw2ocgL"
602,1401942969750482945,2021-06-07 16:43:45,"#겨울이버블
민정아 홍보했으니 일당 쳐줘라 사진사진!!"
606,1401942935898255360,2021-06-07 16:43:37,"#윈터버블 #겨울이버블
민정아 https://t.co/cTGwXXm2tj"
607,1401942931385118730,2021-06-07 16:43:36,"#겨울이버블

나 진지하다 https://t.co/YzrFOcKlOF"
608,1401942925202759680,2021-06-07 16:43:34,"#겨울이버블 #윈터버블
이 귀여운 강쥐를 봐주세요.. https://t.co/5tlFoYP35P"
610,1401942916692516869,2021-06-07 16:43:32,김민둥맨둥씨의 사진이 궁금하다면.....      윈터 버블로 오세요~~~~!!! 단돈 4500원이라구욧....!!!!!!!! 구독자 구독료 생각해서 셀카 3장 보내주는 김민정 버블 해보실래요??? #겨울이버블 #윈터버블 https://t.co/22ZE67GUDx
613,1401942903564296192,2021-06-07 16:43:29,#겨울이버블 버블 구독하고 삶이 풍족하고 행복해졌어요
615,1401942891342094338,2021-06-07 16:43:26,"지금까지이런여돌은없었다
여돌인가효녀인가 #윈터버블 #겨울이버블 https://t.co/xBL5Z32QTa"
618,1401942875986829317,2021-06-07 16:43:23,"미슐랭5스타
민정버블
#윈터버블 #겨울이버블 https://t.co/UpAKncoMQQ"
621,1401942865832415238,2021-06-07 16:43:20,#겨울이버블 #윈터버블 #겨울이버블 버블맛집 우리김윈터 😍
622,1401942859327021066,2021-06-07 16:43:19,#겨울이버블 #윈터버블 버블맛집 김윈터 버블 한번 잡솨봐•• 사진 낸하•• 누우가 김겨울 버블 구독 안하죠❓✊🏻 https://t.co/OAmMJPzVZO
624,1401942854088364042,2021-06-07 16:43:17,#겨울이버블 버블 맛집이라고 전하라네요 출동하래서 ....
625,1401942852616155141,2021-06-07 16:43:17,#겨울이버블 민정이 버블이 왔다고?.... 그것도 셀카도 준다고....? 그게 고작 사천웅앵웅?.... 하.... https://t.co/p5tuNT7tRD
626,1401942847356477454,2021-06-07 16:43:16,"#겨울이버블 #윈터버블 #winter_bubble
버블 맛집 윈터예요~ 구독하세요~ 윈터 버블 사세요~~ https://t.co/RiQy1hNUoz"
627,1401942830323359745,2021-06-07 16:43:12,"#겨울이버블 
버블맛집이래요 https://t.co/xgcXJKl9js"
628,1401942793816219649,2021-06-07 16:43:03,"#윈터버블 #겨울이버블
울 강아지대장님 명령듣구 왓습니당~당장버블끊으세요삶의질이올라감-!삶의진정한의미를깨닫게됨-!💛💛💛"
631,1401942774040055816,2021-06-07 16:42:58,"민정아 나 지금 빵먹는 전광렬됨... 
윈터버블 너무 맛있어서....#겨울이버블 https://t.co/Imchech9WO"
632,1401942766205104130,2021-06-07 16:42:56,"미슐랭5스타 ⭐️⭐️⭐️⭐️⭐️
지금까지 이런버블은 없었다 #겨울이버블"
633,1401942762602127362,2021-06-07 16:42:56,#겨울이버블 윈터버블 시작하고 . 아 . ㅇㅣ거구나 이게 버블이구나 이맛에 하구나 햇습니다. 모두 윈터버블 하시길 그럼이만
634,1401942757778759680,2021-06-07 16:42:54,"#겨울이버블
짱예짱귀사진 무려 3장!!이나 보내주는 칭찬조아강아지의 구독료가 월 4500원?~?! 천재효녀강아지 얼른 구독하고 광명찾기~~~~ https://t.co/Pt3j9CawQp"
635,1401942716645208069,2021-06-07 16:42:45,"#겨울이버블
버블맛집 우리나라에서 젤 맛집인듯~~"
636,1401942713872748544,2021-06-07 16:42:44,이런 험난한 시국에서 따뜻한 힘이 되어줄 최고의 새벽을 즐기고싶다면: #겨울이버블
638,1401942691651276800,2021-06-07 16:42:39,"#겨울이버블 #윈터버블
밤마다 찾아와주는 내 겨울이 덕분에 열대야도 안무섭다 이거이거 https://t.co/5g3TBLRX5y"
639,1401942690661425153,2021-06-07 16:42:38,"우리애 존재 자체가 선물인데 버블도 잘해요

#겨울이버블 #윈터버블"
640,1401942683271061504,2021-06-07 16:42:37,#겨울이버블 버블맛집 에스파의 귀염둥이강강쥬 윈터 구독해 보세요~~~~👍🏻👍🏻👍🏻🤍
641,1401942682784583682,2021-06-07 16:42:37,"#겨울이버블
겨울이버블 구독 안 한 너의... https://t.co/4yahveEYRE"
642,1401942679349456900,2021-06-07 16:42:36,버블맛집 윈터버블~ #윈터버블 #겨울이버블 #에스파
643,1401942669002113032,2021-06-07 16:42:33,"#겨울이버블
온니..구독료 .. 쓰루해줘제발.. 그거 볼땨마다 마음이ㅜ아파"
644,1401942663075557379,2021-06-07 16:42:32,"#겨울이버블 #윈터버블 #민정버블

민정이 버블이 짱이라9~~~크으"
645,1401942658801553412,2021-06-07 16:42:31,"#윈터버블 #겨울이버블

❤️하루에도❤️수십번씩💝버블을보내주는💝케이팝여자아이돌이있다?🖤그이름은바로❄️윈터❄️고작4500원으로누리는🎀4500억어치행복🥰당장구독하세요🖤"
646,1401942642947072011,2021-06-07 16:42:27,"#겨울이버블
우리 민정이는요 천재만재라 
버블도 잘해요 사진 아낌없이 보내주고
일케 늦음 시간까지 놀아준답니다 
한달에 4500원이면 이 아기말랑콩떡찹쌀떡말티쥬용맴백구랑 버블을 할 수 잇답니다. 당장 구독 ㄱ"
647,1401942642485649417,2021-06-07 16:42:27,#겨울이버블 출동~~김민정 최고❣️
649,1401942623426777090,2021-06-07 16:42:22,#겨울이버블 버블맛집 김윈터
650,1401942622415953925,2021-06-07 16:42:22,"#겨울이버블
윈터 버블을 구독했는데 귀여운 강아지 셀카가 왔어요"
651,1401942615549833216,2021-06-07 16:42:21,"⠀⠀⠀⠀⠀⠀⠀⠀⠀⠀|

　⠀⠀╲　　　　　　　　╱
　　　　　　　　/
  ╲　　　　⠀⠀　⠀⠀⠀⠀⠀　╱

　　╲　버   블  맛⠀집⠀⠀⠀  ╱

-　-　⠀  김⠀윈⠀터⠀⠀-　-　-

　        　╱　   ⠀⠀⠀　╲
　╱　　     /
　　　　　　　　　   ╲
　　　　/
　　　　　　 　|
#겨울이버블"
653,1401942597900275713,2021-06-07 16:42:16,"다들 윈터 버블 왜 안해~?
버블 맛집 윈터 구독 왜 안 해~~~??
#겨울이버블"
654,1401942597241737223,2021-06-07 16:42:16,#겨울이버블 최고의 버블맛집 2021년제일웃기고알찬버블 #윈터버블 윈터버블이 시작하고 세상이 더욱 아름다워보이고... 더보기
656,1401942591604543495,2021-06-07 16:42:15,"❤️‍🔥❤️‍🔥❤️‍🔥버블맛집❤️‍🔥❤️‍🔥❤️‍🔥
 #윈터버블 #겨울이버블"
657,1401942582263836676,2021-06-07 16:42:13,"#겨울이버블
여러분 겨울이버블 하세요~~ 윈터버블 하세요~~
만족도 1000억프로를 보장합니다! 굿굿~~^^"
658,1401942580556746754,2021-06-07 16:42:12,"#윈터버블 #겨울이버블
민정이가 말하는대로 음성지원이 되는 듯한 착각이 드는 윈터 버블 월 4500원에 구독하세요☆"
659,1401942578686140416,2021-06-07 16:42:12,#겨울이버블 #맛집 #맛집추천 #에스파 #윈터 #겨울 #버블 에스파 윈터 버블 맛집입니다 (윈터가 시킴)
663,1401942560101199875,2021-06-07 16:42:07,#겨울이버블 야 나는 김윈터 버블 오억이면 .. 웃돈 얹어서 십억이어도 한다... 당연함 김민정임 https://t.co/RMKP1Wmvfo
665,1401942545588912133,2021-06-07 16:42:04,평일 15시에 방문하면 1시간 시켜도 2시간 서비스 넣어주는 홍대 노래방보다 보너스 더 잘 퍼주시는 #윈터버블 #겨울이버블 어떻게 안 해보시렵니까... 이거 히트입니다 히트... https://t.co/7SLa5HqL60
666,1401942534515957766,2021-06-07 16:42:01,"#윈터버블 #겨울이버블

버블맛집 윈터 버블맛집 윈터 버블맛집 윈터  버블맛집 윈터 버블맛집 윈터 버블맛집 윈터 버블맛집 윈터 버블맛집 윈터 버블맛집 윈터 버블맛집 윈터 버블맛집 윈터 버블맛집 윈터버블맛집 윈터 버블맛집 윈터 버블맛집 윈터 버블맛집 윈터 버블맛집 윈터 버블맛집 윈터"
668,1401942524910993409,2021-06-07 16:41:59,"#겨울이버블

윈터 버블 구독하고 다이어트 성공한 썰!!!!
코로나 땜에 밖에 잘 안나가서 살 엄청 쪘는데 ㅠㅠㅠ 윈터 버블 구독하고 먹지 않아도 배부르게 해주는 민정쓰 덕에 다시 코로나 전으로 돌아갔어요!! 맛집을 왜 가나요? 단돈 4500원 으로 pt❌ 식단❌ 같이 다이어트해요~~~‼️💛 https://t.co/cMn2HxaC9d"
669,1401942523463958529,2021-06-07 16:41:59,"버블맛집 김윈터! 오늘 도 열일했어요~ 다들 빨리 윈터버블 구독하세요🔥🔥
#윈터버블 #겨울이버블"
671,1401942522583130114,2021-06-07 16:41:58,#겨울이버블 미슐랭3스타라고 소문냈어
672,1401942517201833984,2021-06-07 16:41:57,"#겨울이버블 #윈터버블
버블맛집 윈터~~~~"
674,1401942509194866693,2021-06-07 16:41:55,#겨울이버블 #윈터버블 우리 강아지 에스파고 팬들이 원하는 거 다 해주고 버블 천재고 밀당 잘해요 늦게 하면 손해 https://t.co/c1ho9lSMU2
675,1401942505944326151,2021-06-07 16:41:54,#겨울이버블 진짜 윈터 언니 버블은 맛집이야 이런맛집 세상에 또 없어요 저희 언니 진짜 귀엽구요 착하구요 예쁘구여 애교도 잘하고여 사진도 많이 보내주는 천사라구🥰🥰❤️❤️❤️❤️ https://t.co/Mrwsj4PsAZ
676,1401942505180917761,2021-06-07 16:41:54,#겨울이버블 #윈터버블 밀당천재 김민정..
677,1401942504174354433,2021-06-07 16:41:54,#윈터버블 #민정이버블 #겨울이버블.       여러분윈터버블믿고한달이라도해봐요진짜너무너무너무사진도잘보내주고요대화도많이하고요센스가아주넘쳐서흐릅니다얼른하루라도빨리구독하세요여러분오늘도열일한민정이정말진짜심심하지않습니다
679,1401942494166675460,2021-06-07 16:41:52,김겨울버블구독하세요 4500원이아깝지않습니다 당장달려가 #윈터버블 #겨울이버블 구독하세요 이아이는 4500원이 전혀 아깝지않은 쏘뷰리풀한 셀카를 보내준다구요
680,1401942493139140614,2021-06-07 16:41:51,#겨울이버블 01년생 천재아이돌 버블맛집겨울이버블 하세요 여러분 !!!!!! 혜자민정 !! 마더테레사 민정 !!
681,1401942491197100036,2021-06-07 16:41:51,#겨울이버블 새벽에 셀카 백만장 보내주는 윈터버블 홍보합니다 https://t.co/7pxlbFb1f3
682,1401942488730849280,2021-06-07 16:41:50,"한번도 안먹어본 사람은 있어도
한번만 맛본사람은 없다는
전설의 광야맛집 윈터버블하실분~~~~~~~~~~~~~
#겨울이버블 https://t.co/6TaTtkm2ZY"
683,1401942484859506689,2021-06-07 16:41:49,"#겨울이버블 #윈터버블

그래도 민정이가 버블을 일이라고 생각안했으면 좋겠어 너는 구독료같은거 신경쓰지말구 숨만쉬어두돼 알겠지?❤ 라뷰"
684,1401942478165483521,2021-06-07 16:41:48,#겨울이버블 #윈터버블 자자~~~ 거기거기 선생님!! 여기 와서 민정이 버블 한 숟갈 하고 가셔유!! 아즈 기가 막힙니다!!! 웃음 보장!! 밀당 보장!! 아주 애간장 타고 기가 막힌다니께??? https://t.co/P9K5QVWyLc
685,1401942473530740737,2021-06-07 16:41:47,"#윈터버블 #겨울이버블

버블맛집 윈터버블 하새요.. 진짜 재밋으니까.. https://t.co/kHDtFMLKeR"
686,1401942472012427264,2021-06-07 16:41:46,#겨울이버블 세상에 이런 맛집이없다 앞으로 봐도 뒤로봐도 만족스러운 '윈터'버블맛집 !🥳🥳😍👏
689,1401942458296987648,2021-06-07 16:41:43,버블맛집 윈터버블 #겨울이버블 https://t.co/ZHPZYYwlKh
691,1401942452190072833,2021-06-07 16:41:42,"#겨울이버블
아직도 윈터버블안하는 사람이 있다????"
694,1401942447333076992,2021-06-07 16:41:40,"#겨울이버블
이렇게 버블 자주오는 아티스트 없어요!! 우리 겨울이 오늘도 열일했어요 이 무미건조한 새벽에 팬들 감동받게 버블도 와주고 결론은 오늘 겨울이 열일했어요!!! 그러니까 에스파 버블 하세요~"
695,1401942429087899648,2021-06-07 16:41:36,"#겨울이버블
CNN이 선정한 세계에서 가장 맛있는 맛집BEST 1위 ""윈터 버블"" https://t.co/stuooHJtPe"
696,1401942416114937859,2021-06-07 16:41:33,#겨울이버블 울 강아지 신났네!!!
697,1401942413749350404,2021-06-07 16:41:32,아이참 다들 안하고 뭐해요~~^^⭐️🔥 #윈터버블 #겨울이버블 #민정이버블 #에스파 https://t.co/QHvzumgEDy
699,1401942407088730122,2021-06-07 16:41:31,"#윈터버블 #겨울이버블
끝내주는 버블 맛집 윈터 버블 김민정 버블 겨울이 버블 다들 우리 갓기의 버블 구독자가 되어보지 않으실래요? 예쁜 셀카와 갓기의 메시지가 후두둑 쏟아지는 윈터 버블 다들 윈터 버블 구독하세요~~❤️ https://t.co/apjvkhTLN9"
701,1401942401862672385,2021-06-07 16:41:30,#겨울이버블 이 집 사장님 진짜 잘 하세요 👏👏 완전 맛집 윈터버블 안 하는 사람 바보~~~~ 서비스 완전 대박임 사장님도 넘 친절하시고 넘 귀여움 ㅠㅠ 완전 강쥐같음 ㅠㅠ 츄라이 츄라이
702,1401942389984403458,2021-06-07 16:41:27,4500원으로 행복을 살 수 있다구요…??? 생각보다 여러분들 가까이 있습니다. #겨울이버블 #윈터버블
703,1401942389137100800,2021-06-07 16:41:27,#겨울이버블 구독자 출동~|^^ 버블 맛집 윈터~~
704,1401942387694309376,2021-06-07 16:41:26,버블맛집 윈터~~ #겨울이버블
705,1401942378261344256,2021-06-07 16:41:24,"#윈터버블 #겨울이버블 
이사랑둥이 앙큼상큼깅을 어찌함ㅠ 아줌마 울어🥺 https://t.co/tBfhjhLmJX"
707,1401942368303992832,2021-06-07 16:41:22,#겨울이버블 버블맛집 김윈터 하세요~~~~
708,1401942362440404992,2021-06-07 16:41:20,"#겨울이버블
버블랭 5스타 맛집
김윈터 버블 겨울이 버블
최고~~~~다들 모여라~~~~"
709,1401942358623588356,2021-06-07 16:41:19,#겨울이버블 아 김민정 셀카 필승이라고 https://t.co/hnNlhIzD3f
711,1401942354374762500,2021-06-07 16:41:18,"#겨울이버블 #윈터버블
스케줄 없는 날 밤에도 매일 찾아와서 사진 던져주고 가는 효녀 강아지가 있다⁉️⁉️
01년생에게 밀당 당하는 기분 꽤 좋네요…🙄 https://t.co/nKUIgMzU4u"
712,1401942350700552192,2021-06-07 16:41:17,#겨울이버블 윈터버블 백년동안 구독할래ㅜ 너무 좋아ㅠㅠㅠ
713,1401942341603106817,2021-06-07 16:41:15,"#겨울이버블 #윈터버블
1시간 40분 동안 버블 17개 보낸 여자 어때 버블 맛집"
714,1401942337601753093,2021-06-07 16:41:14,"#겨울이버블 #윈터버블 
이 말 쫌 설렌다 ㅋ
수신료의 가치 그리고 윈터 버블구독료의 가치.. https://t.co/AjYGCKTwGh"
715,1401942334346989569,2021-06-07 16:41:13,"#겨울이버블
우리 효녀돌 버블 맛집이다 다 구독하쒜이🗣"
716,1401942330202984451,2021-06-07 16:41:13,"#윈터버블 #겨울이버블
윈터버블 버블 맛집으로 소문나"
717,1401942329825447939,2021-06-07 16:41:12,#겨울이버블 버블맛집 윈터버블 한달에 4500원 밖에 안하니깐 안하면 손해
718,1401942322913308672,2021-06-07 16:41:11,"#겨울이버블 강아지가 버블 하는 것두 신기해 죽겠는데,,,,,이 앙큼 강아지는 서비스까지도 준대여,,,어디서 이런 덕후 심장 박살내는 것만 배웠는지 대한민국 오천만 여성들 출동하는 소리 벌써 들림..... https://t.co/5jVlKpw0gR"
721,1401942304252850178,2021-06-07 16:41:06,#겨울이버블 아직도 윈터 버블 안 하는 사람 있음??? 📢버블맛집 윈터 오늘도 윈터버블 열일📢
722,1401942296522739715,2021-06-07 16:41:04,#겨울이버블 버블천재 버블맛집 김윈터버블
723,1401942289950281731,2021-06-07 16:41:03,#겨울이버블 버블맛집 윈터 버블~~~ https://t.co/TEFhmRLgb0
724,1401942278596227073,2021-06-07 16:41:00,"#겨울이버블
아 김밍정ㅋㅋㅋㅋㅜ 윈터버블 최고ㅠㅠ🤍"
725,1401942276352319492,2021-06-07 16:41:00,"#겨울이버블 당장 구독해 복지 최고다,,,, https://t.co/fu5mRiESkr"
729,1401942260632064001,2021-06-07 16:40:56,#겨울이버블 ㅠㅠ 버블맛집 윈터 버블맛집 윈터 버블맛집 윈터 ㅠㅠ ..~~ 버블맛집 윈터 윈터맛집 버블 버블맛집 윈터 짱 윈터최고
732,1401942249479413761,2021-06-07 16:40:53,#겨울이버블 버블맛집 윈터입니다!!!!다들 하세요!! 두번하세요!! 세번하세요!!!! https://t.co/IATqoWhw1F
733,1401942246283386889,2021-06-07 16:40:52,합법유출 #겨울이버블 https://t.co/mH0N6bnylo
734,1401942243750006789,2021-06-07 16:40:52,"#겨울이버블
아 미치겟어 이앙큼강쥐때문에 https://t.co/I42oF4G46i"
735,1401942242126819329,2021-06-07 16:40:52,"#겨울이버블
하루에 셀카 3장에 서비스로 또 한장 보내주는 아이돌 어때"
736,1401942241065672704,2021-06-07 16:40:51,#겨울이버블 #윈터버블 맛집 소개하러 왔읍니다•• 셀카받으려면 소문내래요
737,1401942240012820481,2021-06-07 16:40:51,"#겨울이버블
사장님 셀카한장추가요~~~!!~!! https://t.co/6xShpLN21H"
738,1401942236095422465,2021-06-07 16:40:50,"#겨울이버블
윈터 버블 맛집이에요~ 모두들 윈터 버블하세요~~~~~~~~~!!!!!!!"
739,1401942230588215296,2021-06-07 16:40:49,"버블맛집 윈터 버블 하세요 본인피셜임
그리고 내 피셜 강아지랑 대화할 수 있음
당연함
김민정은 강아지임
#겨울이버블 #겨울버블 https://t.co/DbaeTLRp8M https://t.co/Q8kc5ABJGc"
740,1401942230084952076,2021-06-07 16:40:49,ㅊ..출동왔습니다 버블맛집 #겨울이버블 로 오세요 버블구독료 아깝지 않아요
741,1401942226758897664,2021-06-07 16:40:48,#겨울이버블 김민정최고
742,1401942225735413766,2021-06-07 16:40:48,"#겨울이버블 #윈터버블
야야야 누가 요즘 윈터 버블 안하냐 요즘은 겨울이가 대세다 모두 4500원으로 4500억원의 가치를 지닌 버블 하세요 안하면 님만 손해임!! 민정아 잘했지 사진 빨리 더줘"
744,1401942216294100992,2021-06-07 16:40:45,"#윈터버블 #겨울이버블
버블맛집 
짱민정 🤍 짱윈터 🤍 https://t.co/ZRsP5m3wDW"
745,1401942216088592385,2021-06-07 16:40:45,#겨울이버블 김민정 버블 안 하는 ... 마이 있냐?... ㅋㅋ https://t.co/F3Vb2lAtQS
746,1401942215992045568,2021-06-07 16:40:45,버블맛집 윈터라 전해라ㅏㅏㅏㅏ~~~~~~~~ 출동~~~~~~~~~~~~~~  #겨울이버블 #윈터버블 맨날맨날 와주고 뭐하냐고 맨날물어바주고 답장 열심히 읽는 김민정 버블해라
747,1401942215249711105,2021-06-07 16:40:45,버블맛집을 찾으신다면 ⭐️김⭐️윈⭐️터⭐️ 버블맛집으로 .. trytry ♡ #겨울이버블
749,1401942204713562119,2021-06-07 16:40:43,다들 #겨울이버블 하세료🤍 https://t.co/hGgceAGSlK
750,1401942200804536321,2021-06-07 16:40:42,"#겨울이버블 #윈터버블
그냥...윈터 버블하세요
너무 너무좋아요 우리 버블구독료까지 걱정하는효녀입니다^^"
751,1401942198405328896,2021-06-07 16:40:41,#겨울이버블 버블맛집. 줄서서먹는곳. 블로그후기백개잇는 윈터버블. 다들 빨리 자랑 갈겨.
753,1401942190037737477,2021-06-07 16:40:39,"#겨울이버블 
버블 맛집은 윈터🔥 버블 맛집은 윈터🔥 버블 맛집은 윈터🔥 버블 맛집은 윈터🔥 버블 맛집은 윈터🔥 버블 맛집은 윈터🔥 버블 맛집은 윈터🔥 버블 맛집은 윈터🔥 버블 맛집은 윈터🔥 버블 맛집은 윈터🔥 버블 맛집은 윈터🔥 버블 맛집은 윈터🔥 버블 맛집은 윈터🔥 버블 맛집은 윈터🔥"
754,1401942188162830336,2021-06-07 16:40:39,생생정보통피셜 필수 방문 맛집:#겨울이버블 https://t.co/hEoBhdenAW
755,1401942186917171205,2021-06-07 16:40:38,"내나이 먹고 지금 출동하러 옴
#겨울이버블 #윈터버블 
여러분 맛집영업합니다 https://t.co/v6a75ma5Vq"
756,1401942186300563457,2021-06-07 16:40:38,"그렇다고합니다
#겨울이버블 #윈터버블 https://t.co/xfEJK1pUDW"
757,1401942182748069892,2021-06-07 16:40:37,"맛집입니다. ❄🥰🥰🥰💝
#윈터버블 #겨울이버블"
758,1401942182160867331,2021-06-07 16:40:37,"#겨울이버블
다들 세계 최고 버블맛집 김윈터 하세요~~~~~~~"
760,1401942164033077250,2021-06-07 16:40:33,"#윈터버블 #겨울이버블
우리 윈터 버블맛집이에요,,
다들 윈터버블 당장해..!!"
762,1401942158316171267,2021-06-07 16:40:32,자랑하러옴 … #겨울이버블 너무 귀여워…😱 https://t.co/e5wSQGcIng
763,1401942157078917133,2021-06-07 16:40:31,"#겨울이버블
버블맛집소개합니다
시켜서하는거절대아님 https://t.co/DU6j39JJAF"
765,1401942143011155970,2021-06-07 16:40:28,#겨울이버블 #윈터버블 우리애는 밀당도 수준급 https://t.co/ALXAq8nJHA
766,1401942139072778242,2021-06-07 16:40:27,"#겨울이버블
민정이 버블 최고다|~~~~~"
767,1401942136677814273,2021-06-07 16:40:26,#겨울이버블 당장 윈터버블 결제해 👊🏻❤️‍🔥
768,1401942133410471937,2021-06-07 16:40:26,#겨울이버블 밥 안 먹어도 민정이 버블만 잇으면 배불러 벌써 마음 풍족해졋어
769,1401942132437356544,2021-06-07 16:40:25,버블맛집 김민졍 다들 하세요~💛💛  #겨울이버블
770,1401942128964472832,2021-06-07 16:40:25,"#겨울이버블
버블맛집은 김민정네 ~~~~~~~~ 들렸다 가시지 마시고 정착하세요 ~~~~~~~ 민정아 보고있지?"
771,1401942126473011203,2021-06-07 16:40:24,#겨울이버블 버블맛집 윈터네🤤🤍 https://t.co/QAi2HeDTcp
772,1401942118029881347,2021-06-07 16:40:22,"#겨울이버블
셀카서비스 무슨 노래방마냥 끝도없이 챙겨주는 민정이 버블 하세요~~~~!!!"
773,1401942112610832384,2021-06-07 16:40:21,귀여우니까 구독하자~ 시험기간에도 재깍재깍 연락 보게 만드는 마성의 김민정~ #윈터버블 #겨울이버블 https://t.co/a9GepIn5PV
775,1401942104708767746,2021-06-07 16:40:19,"#겨울이버블 #윈터버블
버블맛집 김민정.
다들 겨울이버블하세요❤"
776,1401942103114928128,2021-06-07 16:40:18,#겨울이버블 맛집이에요!!! 무조건 구독해주세요!! 안하면 본인손해
777,1401942102347370498,2021-06-07 16:40:18,#겨울이버블 버!!!!블!!!!!맛!!!!!집!!!!!!김!!!!!윈!!!!!터!!!!!!!
778,1401942093849763843,2021-06-07 16:40:16,#겨울이버블 버블 맛집 윈터보러오세요~~~~~~
779,1401942084391641090,2021-06-07 16:40:14,#겨울이버블 버블맛집 윈터 ~~~~~~
782,1401942081820450816,2021-06-07 16:40:13,"#겨울이버블

버블맛집은 어디? 윈터 겨울이버블☁️"
783,1401942077450031105,2021-06-07 16:40:12,#겨울이버블 버블맛집굳👍
787,1401942058437287936,2021-06-07 16:40:08,"#윈터버블 #겨울이버블
버블맛집 윈터 짱~~👍"
789,1401942042998042624,2021-06-07 16:40:04,#겨울이버블 모두 앙큼강쥐하세요~~~~ https://t.co/ES8rL7jg4u
790,1401942039495790600,2021-06-07 16:40:03,버블맛집김민정 #겨울이버블
791,1401942034550722561,2021-06-07 16:40:02,"#겨울이버블
버블 맛집은 윈터다 알긋냐!!!"
792,1401942026984189953,2021-06-07 16:40:00,"버블맛집 4,500원의 행복 #겨울이버블"
793,1401942025914617856,2021-06-07 16:40:00,#겨울이버블 버블 맛집 ♡
794,1401942024727658496,2021-06-07 16:40:00,#윈터버블 #겨울이버블 진짜 버블 맛집 인정이지..
795,1401942014141243397,2021-06-07 16:39:57,"#윈터버블 #겨울이버블
우리애기 버블맛집이라고 널리널리 알려달래요~ 버블 구독료의 가치 김민정 윈터 김겨울ㅋㅋㅋㅋㅋㅋ 귀여워ㅠㅠㅠㅠ"
798,1401941925536538625,2021-06-07 16:39:36,"#겨울이버블
아낌없는강아지"
801,1401941902488793088,2021-06-07 16:39:31,"민졍이 오늘 열일했어요~~~
#겨울이버블"
803,1401941883790581760,2021-06-07 16:39:26,"#겨울이버블 #윈터버블 

윈터 버블 누가 안하는데 ~!~!~!~! 개짱이에
한번 하면 계속하고싶을걸 https://t.co/bSDvEwHjS9"
804,1401941879038431236,2021-06-07 16:39:25,좋앗 #겨울이버블
810,1401941828228632577,2021-06-07 16:39:13,"#겨울이버블 
[속보] 포브스 선정 가장 만족도 높은 버블 1위로 강아지의 버블이 선정됫㉰고합니㉰..."
811,1401941822339911682,2021-06-07 16:39:11,오늘도 수고했다! 우리 민둥 👍🏻 #겨울이버블 #윈터버 https://t.co/07ufVWQDaN
812,1401941821966536710,2021-06-07 16:39:11,#겨울이버블 ㅋㅋㅋㅋㅋㅋㅋㅋㅋㅋ개우셕 아
813,1401941819315744774,2021-06-07 16:39:11,아나 이 앙큼 아기버블 안하면 님만 손해요 #겨울이버블 https://t.co/8qbfn8l2mN
814,1401941814748217345,2021-06-07 16:39:10,#겨울이버블 줘줘줘줘줘🤍🤍🤍🤍 https://t.co/PjLJtB8RG5
815,1401941793084637185,2021-06-07 16:39:04,"#겨울이버블 #윈터버블
천재아이돌 프로아이돌 최고의아이돌 김윈터♡♡♡"
816,1401941764244533248,2021-06-07 16:38:58,아 얘 #겨울이버블 해시 들어가서 계속 보고 왔나바… ㅜㅋㅋㅋㅋㅋㅋㅋ
817,1401941760478113794,2021-06-07 16:38:57,#겨울이버블 민정아 너는 천사야??
820,1401941735220019201,2021-06-07 16:38:51,#겨울이버블 너무웃겨미치겟다
821,1401941724826460162,2021-06-07 16:38:48,서비스 맛집🤍 #겨울이버블
822,1401941718128230400,2021-06-07 16:38:47,"#윈터버블 #겨울이버블
네 주세요"
827,1401941660380975107,2021-06-07 16:38:33,"오늘도 윈터 열일 했습니다 
됐나요 윈터씨?
#겨울이버블"
828,1401941645508059138,2021-06-07 16:38:29,"#겨울이버블 

우리 민정이 오늘도 열일 했대요~~~~~
다들 민정이 버블 구독하세요 https://t.co/yKdzCtpmma"
833,1401941504281636864,2021-06-07 16:37:56,"#겨울이버블
나 사랑도 보냈어 잘 받았지??? https://t.co/zNFgbADpXG"
836,1401941409196691464,2021-06-07 16:37:33,"#겨울이버블
 오늘도 예쁜짓만 하는 열일 김윈터씨...
이 정도면 버블 구독 평생할만하지...😎 https://t.co/8O1jlVAdA2"
837,1401941378356027401,2021-06-07 16:37:26,#윈터버블 #겨울이버블 윈터버블 하세요!  극락가요👼🏻 https://t.co/6Jk9KS4FnD
839,1401941339785162757,2021-06-07 16:37:16,"#겨울이버블 #윈터버블
솔직함과 필승셀카가 챠밍포인트인 우리 아이돌 •• 모두 윈터버블 하세요 구독료 아까울 틈이 없음 https://t.co/VaQESWQRy0"
841,1401941292813144071,2021-06-07 16:37:05,언니 삐져서 간거 아니죵 .?.? #겨울이버블
845,1401941212802686982,2021-06-07 16:36:46,"강아지 한마리 키우세요🤭
천재 효견입니다~ #겨울이버블"
851,1401941105684279297,2021-06-07 16:36:21,천재연예인 민정아 사랑해💛💛💛💛#윈터버블 #겨울이버블
852,1401941094103801866,2021-06-07 16:36:18,"더욱 👉👉리얼👈👈한 문자서비스
지금 &gt;&gt;당장&lt;&lt;구독하세요
월간 구독료 / 단 / 돈 / 4 / 5 / 0 / 0 / 원 /
윈★터☆버★블 ☜☜지금 가입시
셀♧카※증△정◆
지금♤가입하기☞ #윈터버블 #겨울이버블 https://t.co/GEg2KxkDIx"
853,1401941060369092615,2021-06-07 16:36:10,"#겨울이버블
새벽에 와줘서 고마워... 천사 강아지야 고마워... 사랑해... https://t.co/cQB689labq"
857,1401940896812175362,2021-06-07 16:35:31,"#겨울이버블 #윈터버블 

민정이 열일했따~~~
널리널리 퍼뜨리는중 
4500원?450억원의 가치 윈터버블 https://t.co/wXf09uW0eN"
858,1401940849647177735,2021-06-07 16:35:20,#겨울이버블 #윈터버블 구냥 너가 좋은데🥺🥺🥺 원하는 거 담엔 행동으로 하게 해줘
859,1401940809918730258,2021-06-07 16:35:10,#겨울이버블 열일하셨어 울 강쥐 🤍 https://t.co/quqcd59NrX
863,1401940700766171137,2021-06-07 16:34:44,#겨울이버블 민정이는 천재 아이돌이에요. 우리 아기는 오늘 정말 열심히 일했다 🥰🥰
865,1401940603940737026,2021-06-07 16:34:21,#겨울이버블 김..민..정...열..일..했..다.. https://t.co/TBB1TFWdpD
866,1401940546067722246,2021-06-07 16:34:07,#겨울이버블 이 말랑가ㅐㅇ얼쥐를 어쩌면 좋아....
867,1401940522516631553,2021-06-07 16:34:02,"#겨울이버블 
우리 겨울이 이시간까지 열일한다 •• 셀카 맨날 안 보내줘도 구독료 안아까워 겨울아🥰 https://t.co/SxZohQNte5"
868,1401940520981594112,2021-06-07 16:34:01,"민정이버블하규 매일매일 행복해
버블 와줘서 고마오❣️ #겨울이버블 하나도 아깝지 않다!!!!!! 버블을 할 수 있어서 고마울 뿐"
870,1401940485606834181,2021-06-07 16:33:53,#겨울이버블 민정아 근데 너 이미 너무너무 잘하고있고 늘 고마우니까 너무 부담갖지마!! 넌 이미 우릴 매우 행복하게 해주고 있어 이미 충분쓰!!
873,1401940425544327170,2021-06-07 16:33:38,#겨울이버블 #윈터버블 최고의 버블 윈터버블 겨울이버블💖💖 민정이 이렇게 귀엽다고 말하고 다닐래
875,1401940400152084480,2021-06-07 16:33:32,"#겨울이버블

윈터 버블 구독과 좋아요 꾸욱~~~
알림설정까지^_^ 감사합니다💛
(이게맞나......?) https://t.co/TZqER9MPQs"
876,1401940379872620545,2021-06-07 16:33:28,"윈터 오늘도 수고했다! ♡
#겨울이버블 #윈터버블"
880,1401940308536008717,2021-06-07 16:33:11,오늘 우리 귀여운 윈터가 열일했어요 #겨울이버블 https://t.co/A9wkiyCNzQ
881,1401940301581746178,2021-06-07 16:33:09,"#겨울이버블 김민정,,,,오늘도 열일,,,,,,,윈터 버블 안 하는 사람 바보 멍청이,,,밀당 짱 잘함,,,안달나게 하는 거 짱 잘함,,,그냥 강아지임...말투 개겨움,,, https://t.co/NiU5v6qW2i"
882,1401940283579781120,2021-06-07 16:33:05,#겨울이버블 네 민정이 버블 하세여~~~ 윈터 열일 중~~ https://t.co/XhCSRpfAVu
883,1401940278232031242,2021-06-07 16:33:03,"#윈터버블 #겨울이버블
어? 윈터버블 내카톡대화창보다많다"
887,1401940182417412096,2021-06-07 16:32:40,#겨울이버블 버블은 비싸다. 하지만 겨울과 함께 재미있어 나는 그것을 즐긴다 💗 https://t.co/JYIaePSqW1
890,1401940103270846467,2021-06-07 16:32:22,"오늘도 윈터 열일했다🤣

난 평생 윈터버블 구독할게🤟🏻

#겨울이버블 #윈터버블"
892,1401940089844813830,2021-06-07 16:32:18,"#겨울이버블
오늘도 윈터 열일했어요 https://t.co/QJw9GB4XG5"
893,1401940081326260226,2021-06-07 16:32:16,"#윈터버블 #겨울이버블
민정아 실시간 반응 볼 때 #윈터버블 로 봐 아님 #겨울이버블 로 봐????????? 나 맨날 둘 다 쓰는뎅 알려주면 하나만 쓸래~~~~~"
895,1401940017950326784,2021-06-07 16:32:01,"#겨울이버블 #민정버블
민정아 너가 일주일에 한 번 굿모닝 인사만 해줘도 버블 구독료 하나도 안아까워 🥺🥺🥺🥺🥺 김윈터 들숨엔 부를 날숨엔 재력을 얻었으면 해"
896,1401939978376994818,2021-06-07 16:31:52,"#겨울이버블 #윈터버블
오늘 하루도 고맙고 아주 많이 사랑해❤️‍🔥❤️‍🔥❤️‍🔥"
897,1401939950988234755,2021-06-07 16:31:45,"#겨울이버블
구독료로 웃다니 민정아,, 너의 버블은 값을 매길 수 없다구"
898,1401939924668936194,2021-06-07 16:31:39,"#겨울이버블 #윈터버블
효녀야 효녀 https://t.co/bHFVlN8dnN"
900,1401939922722779138,2021-06-07 16:31:39,#겨울이버블  에스파 윈터 김민정씨 오늘도 열일 하셨습니다!👍🏻
901,1401939912186683396,2021-06-07 16:31:36,"#겨울이버블 #윈터버블

아 김민정 골때려ㅋㅋㅋ 언니들 이리저리 가지구 놀다가 하늘에 별도 달도 따주겠다니까 버블구독료를 논해?ㅋㅋㅋㅋ 여러분 우리 민정이 오늘 열일했어요 다들 버블 구독료로 사진 올려주는 윈터버블하세요ㅋㅋ"
903,1401939888681852930,2021-06-07 16:31:30,"#윈터버블 #겨울이버블
버블계의 큰 손 김윈터 
당장 결제합시다
월 4500원으로 갱얼쥐의 일기장을 훔쳐볼 수 있습니다"
905,1401939819299622913,2021-06-07 16:31:14,#겨울이버블 #윈터버블 민정이는 숨만 쉬어도 열일하는 거야 왜 몰랏!!!!!
907,1401939811338838021,2021-06-07 16:31:12,"#겨울이버블 
민정이 버블 혜자입니다 윈터 버블 혜자예요 최고입니다 윈터버블하고행복지수 올리세요 윈터버블하고 10키로 감량했어요"
911,1401939745941245957,2021-06-07 16:30:56,"#겨울이버블
온 우주에 알립니다
우리 강아지 오늘 와방 열일하셨답니다"
912,1401939740190941188,2021-06-07 16:30:55,"#겨울이버블

아아메 1잔으로 즐기는 윈터버블
아아메보다 강력한 카페인"
914,1401939708561661952,2021-06-07 16:30:47,"지령받고나왔습니다 와 갓 가성비 에스파버블하고 행복 덕질 하시길 ?
#겨울이버블 #윈터버블 https://t.co/7z0tunppV8"
915,1401939697727807489,2021-06-07 16:30:45,#겨울이버블 오늘도 윈터 열일했어요~~ https://t.co/XVZeAzkv5P
918,1401939679402807296,2021-06-07 16:30:41,"#겨울이버블
아이고 우리 민정이 짜란다 짜란다 짜란다~‼️ 최고의 아이돌 최고의 말티즈 김민정~‼️ 버블 구독료 아깝지 않게 해주는 천재강아지~‼️ 윈터버블 구독 안 하면 나만 개손해 빨리 해라 바보멍충이들아~‼️‼️ https://t.co/tItIMqYcEp"
919,1401939673681825796,2021-06-07 16:30:39,"#겨울이버블 구독자님~~ 오늘도 윈터 열일했다고 퍼뜨리리고 하네요~~~

아! 김민정 버블 한달에 5만 원이어도 가치 있을 정도다!"
923,1401939635169681408,2021-06-07 16:30:30,#겨울이버블 김민정씨 오늘 열일 했어요~~~~~~~~~~~~많은 사람들 민정이 열일 했다니깐 많은 칭찬 부탁 ^^해요🐶🐶
924,1401939622679093252,2021-06-07 16:30:27,오늘 김민둥 업적:열일함  #겨울이버블
927,1401939554479656963,2021-06-07 16:30:11,모두 되로 주고 말로 받는 김윈터 버블 구독하세요^^!! #겨울이버블
929,1401939550482558977,2021-06-07 16:30:10,"다들 짱윈터 짱민정 버블하세요🤍🤍🤍✊🏻✊🏻✊🏻
#겨울이버블 #에스파"
931,1401939514130669569,2021-06-07 16:30:01,#겨울이버블  우리랑 놀자구요 심심하지 ?!? 밸런스 게임하자 우리가 내줄게 민정이는 고르기만해
932,1401939501727961090,2021-06-07 16:29:58,"#겨울이버블

민정아 열버블 댑악...
아아메 한잔 뚝딱했다....
최고의 아이돌"
933,1401939500478078976,2021-06-07 16:29:58,"#겨울이버블 4500원으로 최상의 서비스 즐기는중
매일 새벽마다 야행성김윈터 출현함
버블 구독료 좀 쎘다며 오늘 총합 셀카 세장을 던져주심
김윈터 열일함 김윈터 효녀임
모두 김윈터 버블하세요"
934,1401939499479814145,2021-06-07 16:29:58,"#겨울이버블 #윈터버블 

~늦게 하는 사람이 누구보다 손해인… 구독료 아깝지 않게 열일하는 김윈터 버블 영업합니다~ https://t.co/6fzGwH94u6"
935,1401939490667569152,2021-06-07 16:29:56,"세상사람들아! 🗣오늘 우리 민정이 열일했어!!🔥🔥🔥
#윈터버블 #겨울이버블"
936,1401939489337995265,2021-06-07 16:29:55,"민정이 왜 그렇게 사랑스러워…
미쳤네 진짜…
구독료 하나도 안아까웠어ㅜㅜ
구독 대상 민정이니까ㅜㅜ

#겨울이버블 #윈터버블 https://t.co/1AUWBfZ6mG"
937,1401939489048567809,2021-06-07 16:29:55,"오늘도 열일한… 민정이…
꼬옥 안아주자고…
ㅅrㄹ5ㅎh… ♡ ♥ 
#윈터버블 #겨울이버블 https://t.co/eoZrdtam7s"
938,1401939477350608896,2021-06-07 16:29:52,겨울누나 버블하세요~⭐️ #윈터버블 #겨울이버블 #민정버블 #에스파 https://t.co/HRnR3u64YB
939,1401939428524756996,2021-06-07 16:29:41,"#겨울이버블
짱민정♡ 짱윈터♡"
942,1401939376808988680,2021-06-07 16:29:28,"#겨울이버블
김민정 효녀임 어쩜…어쩜 이 야밤에 셀카 폭탄을 🥲🥺🥲🥺"
943,1401939361667506178,2021-06-07 16:29:25,"#겨울이버블 #윈터버블 #winter_bubble
여러분 구독료 하나도 안아깝고 오히려 득이 많은 창조경제 윈터 구독하세요 구독하고 광명 찾으세요 진짜 버블에서만 볼 수 있는 우리 이쁘니의 일상과 사진 보러오세요 버블이 윈터만 받으면 삼시세끼 배가 불러요"
944,1401939330323472384,2021-06-07 16:29:17,#겨울이버블 효녀 겨울이 언니 버블 구독료까지 챙겨주는 착한 언냐 언니는 사람이 아니라 천4❤️❤️❤️ https://t.co/uTxceHnYLU
945,1401939292063027202,2021-06-07 16:29:08,"#겨울이버블
울 민정이 열일했습니다 모두 박수 부탁드립니다 https://t.co/Einnocw3GR"
946,1401939273700372482,2021-06-07 16:29:04,#겨울이버블 오늘 열일하신 말랑강쥐 https://t.co/aGFvgbhqcs
948,1401939263650816002,2021-06-07 16:29:01,"#겨울이버블 #울강아지열일해요 #내천재밀당강아지 #천재밀당강아지평생사랑하겠다는피의연합 #효녀강아지 #김윈터열일 
🥺🥴😍👍너어는 진짜 https://t.co/K2HMKq4nNX"
949,1401939234009747458,2021-06-07 16:28:54,#겨울이버블 여러ㅓ분... 우리... 우리 아기 오늘 열일했어용 🔥🖤 내가 니를 사랑한다
951,1401939198009958403,2021-06-07 16:28:46,"#겨울이버블
민정이 열일했어요!!! 귀여워 ~~~~~~ ♡"
952,1401939197519294464,2021-06-07 16:28:46,"#겨울이버블 #윈터버블
자신의 행동을 널리널리 퍼뜨리라는 윈터님의 지령이 있었습니다. 최고이십니다
 굿굿~~^^👍 https://t.co/uIQbJa5ZXZ"
953,1401939157761486848,2021-06-07 16:28:36,"#겨울이버블
팬들 버블 구독료 안 아깝게 셀카 3장이나 보내주는 윈터버블하세요..~ 사실 45000원의 가치임… https://t.co/X7KWfC5ZMz"
954,1401939146164162561,2021-06-07 16:28:33,"#겨울이버블
❣🚨우리 민정이 오늘 열일했어요 세상사람들~🚨❣"
955,1401939134378242055,2021-06-07 16:28:31,"민정아 너가 친구 가족들보다 연락 더 많이 온다 나쫌눈물날라한다.. 하지만 행복해
#윈터버블 #겨울이버블"
956,1401939105835978752,2021-06-07 16:28:24,"#겨울이버블
우리 민둥맨둥씨는 새벽에 나타나 열일을 하셔 저의 버블 구독료가 마치 4500만원 값어치를 하는 듯하게 느껴 주셔요 https://t.co/oKCwgHsTIW"
957,1401939023535304704,2021-06-07 16:28:04,라고 셀카 3개 올린 친구가 홍보해달라네요 윈터버블 4500원 KBS 수신료보다 알차다 많이들 하세요 #윈터버블 #겨울이버블 https://t.co/gEpJvyvNOF
958,1401938993764175879,2021-06-07 16:27:57,"뱉은 말은 지키는 김윈터 멋쟁이
구독료 안 아깝게 셀카 보내주고 끊임없이말을걸어주는나의에스파가 계신데 윈터버블 왜 안 해?!?!?!!!
아기강아지가 열일했다고 퍼뜨리래서 쓰는 거 아님
뒷광고 아님 요구받은거아님
진짜왜안하지?
#윈터버블 #겨울이버블 https://t.co/bwRUlMoDuJ"
959,1401938960092336129,2021-06-07 16:27:49,"#겨울이버블

사랑해 정말루…"
960,1401938936025341952,2021-06-07 16:27:43,#겨울이버블 오늘도 열일하신 윈터 박수👏👏👏👏👏🥳🥳여러분 윈터버블구독 하세요 세상에서 가장 잘한일입니더
961,1401938920980418560,2021-06-07 16:27:40,"#겨울이버블
우리 애가 참 효녀네요 대신 할미농락을 살짝 곁들인"
962,1401938920154177536,2021-06-07 16:27:39,"#겨울이버블

🚨🚨🚨🚨🚨김윈터‼️‼️‼️‼️‼️‼️🚨🚨🚨🚨🚨🚨📢📢📢📢📢📢📢모두주목‼️‼️김윈터열일‼️‼️‼️‼️‼️📢📢📢📢📢📢📢🔊🔊🔊🔊🔊🔊‼️‼️‼️🔊🔊🔊🔊🔊🔊🔥🔥🔥🔥🔥🔥🔥🔥🔥🔥🔥🔥🔥🔥🛎🛎🛎🛎🛎🛎🛎김윈터 열일함🛎🛎🛎🛎🛎🎤🎤🎤🎤"
963,1401938887165943812,2021-06-07 16:27:32,"#겨울이버블 #윈터버블
4500원이 아깝지 않은 우리 윈터버블하세요ㅋㅋㅋㅋㅋㅋㅋㅋㅋㅋㅋㅋㅋㅋ"
964,1401938851833155587,2021-06-07 16:27:23,#겨울이버블 #윈터버블 #민정이버블.      여러분 얼른 윈터 버블 구매하세요 윈터님 요새 열일합니다~~~~
965,1401938848435687426,2021-06-07 16:27:22,#겨울이버블 울 와깅이가 널리 퍼트리래~~~ 오늘 열일했다 겨울이~ https://t.co/ZdyKsGmeKX
966,1401938842869854208,2021-06-07 16:27:21,"#겨울이버블 
우리 윈깅이 오늘 열일했어요 오구오구 자래쪄"
967,1401938838843392004,2021-06-07 16:27:20,#겨울이버블 김민정 오늘도 열일했다. 너무 잘하니까 3시까지 야근 부탁드려요
968,1401938830492536837,2021-06-07 16:27:18,"#겨울이버블
겨울잠님이 윈터에게 별풍선을 선물 하셨습니다...
민정아 보고있다면 별풍 리액션으로 사진 한장만 더.."
969,1401938827858485250,2021-06-07 16:27:17,"#겨울이버블
오늘도 열일한 민정이… 버블구독료 안아깝게 셀카도 보내주구… 민정이버블이면 5만원이여도 할듯 민정이가 짱이야❤️"
970,1401938800650035201,2021-06-07 16:27:11,"나지금 천국이다
김겨울.. 일주일동안 안온대도 입 싹 닦고있을께 
#겨울이버블"
971,1401938771692560384,2021-06-07 16:27:04,"#윈터버블 #겨울이버블

우리김윈터씨 오늘도 열일중이십니다 오늘 새벽 내내 열일하실 예정이니 당장 결제하세요 늦지않았습니다⭐️🥸😎🥸🖤 월4500원으로 최상의서비스를제공합니다❤️❤️❤️❤️"
972,1401938759076040704,2021-06-07 16:27:01,"#윈터버블 #겨울이버블
민정이 요 말티쥬 같이 귀여운 녀석 이밤에 사진을 보내주다니 수고했고 사랑한다 민정아 너 겨울왕국 안나 닮았어 사랑해 그냥 4500원어치 사진 감사함네당❤️❤️"
973,1401938744635056129,2021-06-07 16:26:58,"#겨울이버블 #윈터버블
우리천재강쥐 오늘도 열일해따"
974,1401938735764172804,2021-06-07 16:26:56,김윈터 버블맛집이에요 .. 오늘도 윈터는 열일했다 \(^____^)/ #겨울이버블
975,1401938722254295053,2021-06-07 16:26:52,"#겨울이버블
겨울이 말 잘 듣는 마이가 되엇어요.."
976,1401938676658040832,2021-06-07 16:26:41,"난. 구독자가 아니라. 아기강아지를 사랑하는 팬일뿐이야. 

#겨울이버블"
977,1401938673277435906,2021-06-07 16:26:41,"#겨울이버블 

오늘 민정이 열일했따🔥"
978,1401938634119417863,2021-06-07 16:26:31,"#겨울이버블
아기 민정이 오늘 열일했답니더"
979,1401938628947808260,2021-06-07 16:26:30,#겨울이버블 저희 강아지 열일했어요 알아주세요 사람들 김민정 버블 내 지갑보다 풍족하다
980,1401938624413790215,2021-06-07 16:26:29,"우리 밍정이 오늘 완전 열일했어요 ㅠㅠㅠㅠ̑̈
우리 바보망뭉이 ㅠㅠㅠ̑̈ 고마워
#윈터버블 #겨울이버블"
981,1401938616364851203,2021-06-07 16:26:27,"#겨울이버블
우리 애기 효녀에요.... 진심 버블 결제한거 후회1도 안함
행복하네요"
982,1401938605849731085,2021-06-07 16:26:25,#겨울이버블 ៖៖ 그랫대요 세상사람들아 https://t.co/pMTefPakl6
983,1401938593560494080,2021-06-07 16:26:22,#윈터버블 #겨울이버블 우리의 야행성 아기강아지를 어째 https://t.co/6w4zXGwV3a
984,1401938585763258377,2021-06-07 16:26:20,#겨울이버블 사천오백만원내도버블할거임 ㅡㅡ🖤
985,1401938544541663233,2021-06-07 16:26:10,"#겨울이버블 구독자애칭은 뭔가요
윈튜버님 열일 감사합니당 &gt;_&lt;"
986,1401938500857913351,2021-06-07 16:26:00,"#겨울이버블
민정이 진짜루 체고야 
진짜루 
민정이는 진짜 짱이고 최고임"
989,1401938237359153153,2021-06-07 16:24:57,"#겨울이버블 
죽도록 사랑해..........................................."
990,1401938181239369730,2021-06-07 16:24:43,"#윈터버블 #겨울이버블 
하 오늘따라 요거요거 왜케 요망해ㅋㅋㅋ"
993,1401938119037906944,2021-06-07 16:24:28,자본주의에 글복한 K-아이돌 김윈터 #윈터버블 #겨울이버블
994,1401938083784785921,2021-06-07 16:24:20,#겨울이버블 너 진짜 센스 넘치고 귀여워
995,1401938071285764101,2021-06-07 16:24:17,"#겨울이버블

참된 IDOL
엠비티아이도 IDOL
김민정에게 매달 4500원씩
죽을때까지 바치겠다는 무언의 약속 https://t.co/GUQ5AQ1GpR"
996,1401938059415867393,2021-06-07 16:24:14,버블 구독료?.. 더 내 더 내 #겨울이버블
997,1401938042315706378,2021-06-07 16:24:10,#겨울이버블 너 정말 아기천사같다
998,1401938036758253571,2021-06-07 16:24:09,#겨울이버블 #윈터버블 그냥진짜사랑만줘 우리 민정이 겨울이🤍 보내주는 셀카 텍스트 전부 사랑해🥲💛
999,1401937971180302340,2021-06-07 16:23:53,"#겨울이버블
버블 구독료의 가치 제대로 체감하게 해주는 사진................"
1000,1401937926167023616,2021-06-07 16:23:43,#겨울이버블 버블구독료 넘 웃겼나봐 ㅋㅋㅋㅋㅋㅋㅋㅋㅋㅋㅋ
1001,1401937882894405634,2021-06-07 16:23:32,ㅋㅋㅋㅋㅋㅋㅋ머냐고 쫄은거냐고 #겨울이버블
1002,1401937817760985090,2021-06-07 16:23:17,안경셀카… 안경셀카가 시급해… #겨울이버블 https://t.co/7Srb5sbpzW
1003,1401937699934642180,2021-06-07 16:22:49,#겨울이버블 밀당바보인줄 알았는데…밀당의 신이야
1004,1401937688622628864,2021-06-07 16:22:46,"민정아... 너가 잘 모르는 것 같아서 말하는군데 지금 고작 4500원 내고 이런 호사를 누려도 되나 싶을 지경이야
#윈터버블 #겨울이버블"
1005,1401937608536559626,2021-06-07 16:22:27,"#겨울이버블 #윈터버블
비어가는 텅장은 민정이 사진으로 채우기.....내 인생 최고의 15000원이었다ㅏ🌟 민정아🥰"
1006,1401937596985475078,2021-06-07 16:22:24,"#겨울이버블
나지금 극락옴
 https://t.co/3QUL6qneZ9"
1007,1401937587816779780,2021-06-07 16:22:22,#겨울이버블 너 천재지?
1008,1401937583194578946,2021-06-07 16:22:21,"#겨울이버블
김민정 천재만재 😻😻😻😻"
1009,1401937545257046021,2021-06-07 16:22:12,삼만원이여도 결제한다 #겨울이버블 #윈터버블 https://t.co/AlxRgGZGFb
1010,1401937500453539848,2021-06-07 16:22:01,"#겨울이버블
4500원 보다 더 값진 사진을 받은 거 같은데요"
1011,1401937497999831047,2021-06-07 16:22:00,"#겨울이버블 

윈깅아.. 나는 버블구독료따윈 아깝지않아.. 별도 달도 따다줄게.. 언니의 목소리를 위해 언니만의 공기청정기가 될게."
1012,1401937467746357250,2021-06-07 16:21:53,"#겨울이버블 #윈터버블

버블구독료 안아깝게 셀피 보내주는 카미아이돌 겨울이......⭐🤍 https://t.co/hIevq4C9Gz"
1013,1401937458984411139,2021-06-07 16:21:51,"당신은 나에게 심장 마비를 일으키고 있어요. 이제 어떻게 잠을 잘 수 있을까요?  

#윈터버블 #겨울이버블 https://t.co/v5YdJ3wxF5"
1014,1401937457218654208,2021-06-07 16:21:51,#겨울이버블 한 번 밀당 해주고 진짜 교복셀카 주신 강아지 https://t.co/BvgmNb1iuo
1015,1401937450868477952,2021-06-07 16:21:49,"#겨울이버블
알라뷰 근데 이왕에 몇장만 더 주라...헤헷"
1016,1401937432627474434,2021-06-07 16:21:45,"#겨울이버블 민정아,,,,니 진짜 기엽다....내가 젤 사랑하는 아형 양갈래 김민정...니 딘짜 사랑스렂다 학원 다녀 혹시?????? https://t.co/LUQOk17SGf"
1017,1401937315744739335,2021-06-07 16:21:17,"#겨울이버블
아 귀염둥이야ㅜ"
1018,1401937277761122306,2021-06-07 16:21:08,"#겨울이버블

버블구독료 4500원 내고
4억 5천짜리 셀카 받은썰 https://t.co/gnRBC9kY7a"
1019,1401937274497994754,2021-06-07 16:21:07,#겨울이버블 엉엉 운다ㅠㅠㅠ사랑햐ㅠㅠㅠㅠㅠㅠㅠ넘이쁘쟈냐
1020,1401937209221992452,2021-06-07 16:20:52,"쩡아... 너무 혜자야,,, ㅠㅠ 버블 천재 김윈터 어떡하지? #윈터버블 #겨울이버블"
1021,1401937185310314501,2021-06-07 16:20:46,#겨울이버블 교복셀카는 인정이지 버블 구독료 평생 내도 안아까워ㅠㅜ
1022,1401937182974038016,2021-06-07 16:20:45,"#겨울이버블
효녀야....................................................................................................................................................................................................................................................................."
1023,1401937098433720326,2021-06-07 16:20:25,"#윈터버블 #겨울이버블
오히려 내가 돈을 받고하는 기분이야…"
1024,1401937060269674498,2021-06-07 16:20:16,"#겨울이버블
ㅋㅋㅋㅋㅋㅋㅋㅋㅋㅋㅋㅋㅋ 죈뇌....행복하다 니때매"
1025,1401937030188126211,2021-06-07 16:20:09,"평생 사랑해 김민정씨
나랑 결혼하자❤️‍🔥

#겨울이버블 #윈터버블"
1026,1401937029609312257,2021-06-07 16:20:09,(대충 죽은자의 트윗) #겨울이버블 https://t.co/KndN52PUZs
1027,1401936788374003712,2021-06-07 16:19:11,"#겨울이버블 
이제 새벽에 버블 왕창 보내도 자라고 안 할게... 같이 놀테니까..."
1028,1401936773194739716,2021-06-07 16:19:08,#겨울이버블 칭찬칭찬!!
1029,1401936668404322309,2021-06-07 16:18:43,"#겨울이버블
민정아 현기증 난다. 빨리 더 줘"
1030,1401936615396675587,2021-06-07 16:18:30,안 잘게 사진주면(? #겨울이버블
1031,1401936593624047621,2021-06-07 16:18:25,#겨울이버블 구독료 누구야 ㅋㅋㅋㅋㅋㅋ 나와 ㅋㅋㅋㅋ
1032,1401936551102267405,2021-06-07 16:18:15,너때문에 심장 토한지 오래다 ..ㅋㅋ #겨울이버블
1034,1401936450321485834,2021-06-07 16:17:51,"#겨울이버블 #윈터버블
너어어는 진짜"
1035,1401936435511320576,2021-06-07 16:17:47,#겨울이버블 김민정 ㅋㅋㅋㅋㅋㅋㅋㅋㅋㅋㅋㅋㅋㅋㅋㅋㅋㅋㅋㅋㅋㅋㅋ버블 구독료 누가 말해써ㅜㅋㅋㅋㅋㅋㅋㅋㅋ
1036,1401936397410312193,2021-06-07 16:17:38,김민정!!!!!ㅠ 마이 죽을거같애 귀여운짓 그만해줘....ㅠ 마이들이 다 쓰러지길 원하는거라면.. #윈터버블 #겨울이버블
1037,1401936385548894212,2021-06-07 16:17:35,#겨울이버블 왜 안 돼??! WHY NOT.
1038,1401936384030511104,2021-06-07 16:17:35,"#겨울이버블

너 너무 귀엽다 진짜 ......"
1039,1401936367156748288,2021-06-07 16:17:31,"#겨울이버블 #윈터버블
너진짜... https://t.co/Z6QnjDlBlq"
1040,1401936364254339079,2021-06-07 16:17:30,"#겨울이버블
ㅋㅋㅋㅋㅋㅋㅋㅋ 민정아"
1041,1401936342943027203,2021-06-07 16:17:25,이 할미는 죽어가요 #겨울이버블
1042,1401936254585819136,2021-06-07 16:17:04,"#겨울이버블
뭘 원하시는데요ㅜㅜㅡㅠㅠ"
1043,1401936167373709312,2021-06-07 16:16:43,#겨울이버블 #윈터버블 밀땅 잘하네...^^ https://t.co/T6G8G2VNDL
1044,1401936165217861633,2021-06-07 16:16:43,#겨울이버블 칭찬가득 사랑담아 보내볼게ㅠㅠ🤍🤍🤍
1045,1401936158506975238,2021-06-07 16:16:41,"#윈터버블 #겨울이버블
너 밀당고수구나..? 원하는걸 말해봐…다해주께"
1046,1401936153184374787,2021-06-07 16:16:40,너 있는 쪽으로 절한다구~!~~~!~~!!~! #윈터버블 #겨울이버블
1047,1401936116152897536,2021-06-07 16:16:31,"#겨울이버블 #윈터버블
원하는거 말만해 !"
1048,1401936115464998912,2021-06-07 16:16:31,"#겨울이버블

보이진 않지만 내 사랑 가득줄게 ❕"
1050,1401936094849994754,2021-06-07 16:16:26,"#겨울이버블 너가 나에게 뭐해줄거냐고 묻는다면,,,,,,,,,,,, https://t.co/g8tRdRkFAa"
1051,1401936088868945923,2021-06-07 16:16:24,아 김민정 ㅠㅠㅠ 놀리니.... #겨울이버블
1052,1401936086511722498,2021-06-07 16:16:24,"김또밀
김민정 또 밀당한다
#겨울이버블"
1054,1401935906852933633,2021-06-07 16:15:41,#겨울이버블 우리애 버블천재마따 ㅠㅠㅠㅠㅠ
1055,1401935890839085061,2021-06-07 16:15:37,"#윈터버블 #겨울이버블
쩡 제발 더 보내줘"
1056,1401935879547981833,2021-06-07 16:15:35,#겨울이버블 잘한다 잘한다 더더 해줘 https://t.co/OsqjE9Nb1k
1057,1401935868227588097,2021-06-07 16:15:32,"#겨울이버블

더 보내줘 ???!! 
아 귀여움 한도초과 민정이 때문에
미치겟어요 ."
1058,1401935845985161218,2021-06-07 16:15:27,"#겨울이버블
 더 줘!!!!!! ㅜㅜㅜ https://t.co/vRrjYp7vi5"
1060,1401935828025106432,2021-06-07 16:15:22,ㅋㅋㅋㄱㅋㅋㅋㅋㅋ아 왠지 제대로 밀당 당할 거 같은 느낌이 드는데 그치 민정아... 더 주세요...더 보내주세요..  #겨울이버블 https://t.co/ocHPHRFTDa
1061,1401935825491791874,2021-06-07 16:15:22,"#겨울이버블
제발 더줘 제발제발제발 더주세요 더주시면 서울쪽으로 절할게요"
1062,1401935808093818880,2021-06-07 16:15:18,"#겨울이버블
민정이 안경 쓴 모습
궁금해, 궁금해 미치게써!!!!!!!"
1064,1401935748308389893,2021-06-07 16:15:03,#겨울이버블 네! 더 보내주세요!!!! 🤭⭐️ https://t.co/An1Zul0soI
1065,1401935728238424064,2021-06-07 16:14:58,#겨울이버블 ㅠㅠ https://t.co/gsFn7rSMu4
1066,1401935724174139398,2021-06-07 16:14:58,"#겨울이버블
안경 셀카 #가보자고"
1068,1401935673968390150,2021-06-07 16:14:46,우리 겨울이 밀당도 할 줄 아는 뇨자야 #겨울이버블
1069,1401935667752366080,2021-06-07 16:14:44,#겨울이버블 더주라....더......ㅈ...ㅝ
1070,1401935642259443714,2021-06-07 16:14:38,"#겨울이버블

다소 과격한 나지만 
그만큼 간절하시다는거지 https://t.co/VyHbBCQ24T"
1071,1401935622244241411,2021-06-07 16:14:33,"#윈터버블 #겨울이버블
 제발 https://t.co/oOSpIcrQNY"
1072,1401935584285761537,2021-06-07 16:14:24,#겨울이버블 민정아 한 200개쯤 보내주면 안 되까??
1073,1401935560931827713,2021-06-07 16:14:19,"#겨울이버블
웅 다 너무 좋아 많이 보내줘ㅠㅠㅠㅠ"
1074,1401935557379297285,2021-06-07 16:14:18,민정님 더주세요 ㅠㅠㅠㅠㅠㅠㅠㅠㅠㅠ #겨울이버블 https://t.co/Uet0KfEsbP
1075,1401935519852818433,2021-06-07 16:14:09,"김민정 팬들 제법 잘 다룸,,ㅋㅋ 
어제는 짱시크녀마냥 안 잘건데~~~식 생존 신고를 햌ㅅ다면 
오늘은 갓갓사진들을 마구마구 풀어줌....
심지어 더 보내주까???이러고 있음...사랑한다 너 강아지 맞냐,,,
#겨울이버블"
1076,1401935466509733889,2021-06-07 16:13:56,#겨울이버블 안경셀카!!!!!
1077,1401935448478392321,2021-06-07 16:13:52,#겨울이버블 당연하지!!!!
1078,1401935406208221185,2021-06-07 16:13:42,#겨울이버블 #윈터버블 저기 녹음실 아닌가여~!?~?~? 나 기대해두 대지 언니
1080,1401935166877044743,2021-06-07 16:12:45,#겨울이버블 민정이사복사진 넘좋다구ㅠㅠㅠㅜ https://t.co/D05EfKM67i
1081,1401935146421407745,2021-06-07 16:12:40,"#윈터버블 #겨울이버블
민정아 비니 로고 하트로 안 가려서 올리면 불법이다 내가 정했따"
1082,1401935128696291335,2021-06-07 16:12:36,"아근데웃겨

애리는
열심히로고가려보냈는데
                                                       민정이는
                                            그냥공개해버림
#윈터버블 #겨울이버블 https://t.co/nxzuEh05ej"
1083,1401935099470356488,2021-06-07 16:12:29,"#겨울이버블

디용대용ㅜㅜㅜㅜㅜ 넘 귀엽다"
1085,1401935003949273090,2021-06-07 16:12:06,"#겨울이버블
쩰이가 셀카 보내면서 비니 상표 가렸는데 너가 보내준 셀카에 고대로 나온 게 너무 웃겨 ㅋㅋㅋㅋㅋㅋㅋㅋㅋ"
1086,1401934950706814979,2021-06-07 16:11:53,"ㅋㅋㅋㅋ 버블 귀여워 죽겠서 ㅠㅠㅠ ❤️ 
#겨울이버블"
1087,1401934934567047169,2021-06-07 16:11:49,#겨울이버블 너땜에 잠 다 잤다... 이눔아
1088,1401934852442660866,2021-06-07 16:11:30,"#겨울이버블 셀카 존귀☺️
애리랑 어딜 그렇게 놀러다닌거니"
1089,1401934776399925248,2021-06-07 16:11:12,"#윈터버블 #겨울이버블
ㅋㅋㅋㅋㅋㅋㅋ 젤이는 맨날 로고 총총 가려서 올렸는데 당당하게 그대로 보내는 김민정 제법 귀여워요, https://t.co/UaYS5OTEtl"
1090,1401934719122436099,2021-06-07 16:10:58,나를 죽여라 그냥...... 진심 #겨울이버블
1091,1401934667540942848,2021-06-07 16:10:46,#겨울이버블 레코딩 비하인드 찍엇다고해줘.. 제발 ... 제발 ...ㅜㅜㅜㅜ
1092,1401934653603270656,2021-06-07 16:10:42,"#겨울이버블
민정아....... 기절ㅜ"
1093,1401934646045073415,2021-06-07 16:10:40,#겨울이버블 민정아 https://t.co/KwSIUTWqvw
1094,1401934638185009158,2021-06-07 16:10:39,하....#겨울이버블 #윈터버블 https://t.co/3MXBKaUyXf
1095,1401934637073539074,2021-06-07 16:10:38,"#지구젤리버블 #겨울이버블
애리언니 하트로 가려놓은 비니로고 겨울이는 안가리고 올렸대요~~~"
1096,1401934578642821122,2021-06-07 16:10:24,#겨울이버블 귀여워 제발 https://t.co/DH4uJ7zv68
1097,1401934577396895749,2021-06-07 16:10:24,"#겨울이버블
민정아 톡 보내자마자 바로 읽는 거 너무 좋고 귀여워 ㅋㅋㅋㅋㅋㅋㅋㅋ ㅠ"
1098,1401934559151747075,2021-06-07 16:10:20,어..? 나..?? #겨울이버블
1099,1401934551799136260,2021-06-07 16:10:18,#겨울이버블 ? 이새벽에사람죽이려고저런사진을
1100,1401934519087689730,2021-06-07 16:10:10,"#겨울이버블 심장폭행죄로 고소. . .
이 강얼쥐 어떡하조? 미쳐벌이겠어요"
1101,1401934484778283009,2021-06-07 16:10:02,"#겨울이버블 #윈터버블 
세상에 진짜 버블 이렇게 많이 보내주는 아이돌이 어딨어요.......... 4인권 끊고싶다 진짜로 다들 에스파 하세요ㅠㅜㅠㅠㅠㅠㅠㅠㅠ"
1102,1401934445318266881,2021-06-07 16:09:53,"#윈터버블 #겨울이버블 
너네가 바보멍청이면 난..난......난 .... 너네밖에모르는 머저리"
1103,1401934441342140422,2021-06-07 16:09:52,"#겨울이버블
기엽다...기엽다..기엽다..기엽다...기엽다..기엽다..기엽다...기엽다..기엽다..기엽다...기엽다..기엽다..기엽다...기엽다..기엽다..기엽다...기엽다..기엽다..기엽다...기엽다..기엽다..기엽다...기엽다..기엽다..기엽다...기엽다..기엽다..기엽다...기엽다..기엽다..기엽다...기엽다.."
1104,1401934427123449858,2021-06-07 16:09:48,"#겨울이버블 

나 미쳐"
1105,1401934399927508993,2021-06-07 16:09:42,"#겨울이버블

야 민정아 나 못자"
1106,1401934338816573445,2021-06-07 16:09:27,"#겨울이버블
아 겨울아~~~~ 나 진짜 이 날 착장이랑 헤어 너무 좋아하잔니ㅣ...ㅠㅠㅠ 표정 앙큼한 거 무슨 일이야~,..💟💟"
1107,1401934290720415748,2021-06-07 16:09:16,아닌뒈 아닌뒈~ 귀여미 둘인뒈~ #겨울이버블
1108,1401934193957892100,2021-06-07 16:08:53,"#겨울이버블 김민정 귀여워,,,"
1109,1401934190065512452,2021-06-07 16:08:52,#윈터버블 #겨울이버블 어떡해 너무 예뻐 🤍 바로 배경화면 ...♡
1110,1401934167009488896,2021-06-07 16:08:46,"# 이거 민정 …
#겨울이버블 #윈터버블 https://t.co/OfzOg9oWXx"
1111,1401934100496207873,2021-06-07 16:08:30,"#겨울이버블 
6/8 화요일
제목: 널 사랑해 
난널 사릉하나바
난 널 만나기 위해 태어란나바
너 책임져
너땜씨 내심장 뱅신댄나바
나 어떡해
                책임져 https://t.co/He1qQzW0jV"
1112,1401934057424834561,2021-06-07 16:08:20,"#겨울이버블
이제 놀자더니 사진만 주고 가는거야!!!!???!!!!? 더 놀아줘 놀아달라구 너무 쿨녀자나"
1113,1401934024969388037,2021-06-07 16:08:12,#겨울이버블 각오해라 https://t.co/qvAZzkJoFo
1114,1401933954471497733,2021-06-07 16:07:56,#겨울이버블 웃겨 빨대로 커피가 쫍 올라가고있는게!!!!! 귀여워ㅠㅜ
1115,1401933947139809283,2021-06-07 16:07:54,"#겨울이버블

사랑해...."
1116,1401933900620865538,2021-06-07 16:07:43,#겨울이버블 쩡 나도 이날 짱조와해🥺🥺🥺 https://t.co/kK5Dtxr1Iz
1117,1401933872619606020,2021-06-07 16:07:36,"#겨울이버블 #윈터버블
하 미치도록 귀엽따ㅠㅠㅠ https://t.co/bQjmzcBQVc"
1118,1401933871315243012,2021-06-07 16:07:36,#겨울이버블 오키오키 모른척하께
1120,1401933816466268166,2021-06-07 16:07:23,김민정 그는 신인가? #윈터버블 #겨울이버블
1121,1401933805829586949,2021-06-07 16:07:20,"#겨울이버블 너 진짜 기엽다 민정아,,,,,,효녀 강아지,,,,에효🤔🥺사랑만 할게"
1122,1401933791866724354,2021-06-07 16:07:17,김윈터 'ㅜㅜㅜㅜㅜㅜㅜㅜㅜㅜㅜㅜㅜㅜㅜㅜㅜㅜㅜㅜㅜㅜㅜㅜ #겨울이버블 https://t.co/MOHzk6NNr4
1123,1401933749244231685,2021-06-07 16:07:07,#겨울이버블 머리가모가어때서 일단 너 얼굴때무내...나우ㄴ다ㅜ걍예쁜데ㅜㅜ
1124,1401933701815029761,2021-06-07 16:06:55,"#겨울이버블
민정아ㅠㅠㅠㅠㅠ!!"
1125,1401933686489055236,2021-06-07 16:06:52,"#윈터버블 #겨울이버블
야나니때매진짜"
1126,1401933620613468163,2021-06-07 16:06:36,"#겨울이버블
너무너무너무너무 귀여워기절"
1127,1401933601365659653,2021-06-07 16:06:31,"#겨울이버블

사랑해... 너무 예쁘고 김윈터... ⭐️"
1128,1401933596735066113,2021-06-07 16:06:30,#겨울이버블 커피 먹는 강아지가 있다?
1129,1401933589235703809,2021-06-07 16:06:28,머리 왜저래ㅐ 무시하세옹 #윈터버블 #겨울이버블 https://t.co/GoJpr811gY
1130,1401933560991285248,2021-06-07 16:06:22,"#윈터버블 #겨울이버블
뭐 마시는 지 맞춰본다 정답은 아이스아메리카노~"
1131,1401933520646275074,2021-06-07 16:06:12,#겨울이버블 ㄱ미누민정아ㅠㅠㅠㅠ민정ㅇ아ㅠㅠㅠㅠㅠㅠㅠㅠㅠㅠㅠㅠㅠㅠㅠㅠ나 물먹다가 흘렸어ㅠㅜㅠㅠㅠㅠㅠㅠ머야ㅜ진심 개조아ㅜ지나쥬ㅠㅠㅠㅠㅠㅠㅠㅠㅠ
1132,1401933504233938945,2021-06-07 16:06:08,#겨울이버블 언니 혹시 아아?
1133,1401933502489059330,2021-06-07 16:06:08,#겨울이버블 하아 ................요즘은 강아지가 사진 보내는법도 아네
1134,1401933437355782144,2021-06-07 16:05:52,#겨울이버블 머맄ㄱㅋㅋㅋㅋㅋㅋ귀여웡
1135,1401933378878799873,2021-06-07 16:05:38,#겨울이버블 사진 기절!!!!!
1136,1401933371794542596,2021-06-07 16:05:37,잠 다 잤다 겨울이 귀여워서 #겨울이버블
1137,1401933370527948803,2021-06-07 16:05:36,"#겨울이버블

민정이 사진 내눈에는 너무 이쁜데ㅜㅜ"
1138,1401932150077739008,2021-06-07 16:00:45,"겨울아 언니는 먼저 잘게... 넘 졸리네,,, 잘 놀구 잘자... zzzZzz #겨울이버블"
1139,1401932129458524163,2021-06-07 16:00:40,김애리는 노래추천… 유지민은 플리 공유… 이젠 김윈터씨 차례… #겨울이버블
1140,1401931457514274819,2021-06-07 15:58:00,"#겨울이버블
민정아...언니는 먼저잘게...
재밌게 놀아 ( ᵕ̩̩ ᵕ̩̩ ) 
뭐하고 노는지는 모르지만...
행복한 밤 보내렴"
1141,1401931021289889792,2021-06-07 15:56:16,#겨울이버블 민정아나잠깻어
1142,1401930744050585602,2021-06-07 15:55:10,"#겨울이버블 이렇게 밤마다 꼬박꼬박 버블 와주는 민정이가 새삼 넘 고마워서,,,과제랑 셤때매 밤새야해서 다 던지고 싶을 때두 민정이 생각하면서 버틴다 혹시라도 민정이 버블 올까봐!!!고마워 천사 강아지야😲🥺❤️"
1143,1401930663222136838,2021-06-07 15:54:51,"#겨울이버블 #윈터버블
안자구 머하냐 똥강아지야"
1144,1401930622780592132,2021-06-07 15:54:41,효녀도 이런 효녀가 읎다... 매일 출석이다 널 어또케 안 사랑하니🥲 #겨울이버블
1145,1401930059292708871,2021-06-07 15:52:27,"#겨울이버블 #윈터버블
할미는...이제 밤새 놀 기운이 읍따.... 체력을 길러볼게.......그래도 버블 이렇게 보내주는 거 너무 고마워...💕💕 자기 전까지 신나게 놀다가 잘 때는 좋은 꿈도 꾸자🌕 오늘 하루도 너무 수고했어 내새끼ㅠㅠㅠ"
1146,1401929676197490694,2021-06-07 15:50:56,타이밍 죽였다..🌟 #윈터버블 #겨울이버블 #민정버블 #에스파 https://t.co/6zBq2F1cYQ
1147,1401929582521946113,2021-06-07 15:50:33,#겨울이버블 가지먀ㅑㅑㅑㅑ♥️
1148,1401929568823349254,2021-06-07 15:50:30,#겨울이버블 내일이주말인것처럼놀아줘
1149,1401929510421864451,2021-06-07 15:50:16,"나는 내일 수업이 있기 때문에 지금 자러 갈거야 , 윈터 잘자⭐
#겨울이버블"
1150,1401929394730409985,2021-06-07 15:49:48,생존신고하고 사라지는 새벽요정 민정이.. #겨울이버블
1151,1401929301813956613,2021-06-07 15:49:26,"#겨울이버블
밤을 새더라도 놀아줄게"
1152,1401929292217405448,2021-06-07 15:49:24,#겨울이버블 야 모하구 놀아줄건데에~~~ https://t.co/70zrRg3s3v
1153,1401929233912320007,2021-06-07 15:49:10,"#겨울이버블

으음 맛있다 https://t.co/P4EWHBaIv8"
1154,1401929194112651267,2021-06-07 15:49:01,가지맠! #겨울이버블
1155,1401929179457744903,2021-06-07 15:48:57,"#겨울이버블
고집쟁이귀여둥이야 안자구 머할건데!!!"
1156,1401929152253489157,2021-06-07 15:48:51,#겨울이버블 하고풍거 삭다해라
1157,1401929032447397888,2021-06-07 15:48:22,미안혀.. #겨울이버블
1158,1401929003301183497,2021-06-07 15:48:15,#겨울이버블 🥺🥺🥺가지마
1159,1401928969880965120,2021-06-07 15:48:07,김민정 아무래도 새벽에 버블 오는 거 맛들인 것 같지 #겨울이버블
1160,1401928969037877250,2021-06-07 15:48:07,#겨울이버블 야 김초딩 너 글케 귀여운 거 아니다??....귀여워도 적당히 귀여워주셈
1161,1401928864809439233,2021-06-07 15:47:42,밀당보소...  #겨울이버블
1163,1401928795016241153,2021-06-07 15:47:25,"#겨울이버블
왜자 안돼 자지마 놀자
왜자 안돼 잠와? 아니야 안돼 자지마
놀자"
1164,1401928764452343820,2021-06-07 15:47:18,"#겨울이버블  

누가 민정이 자라구 했어요 ?!
민정아 우리랑 놀쟈ㅏㅜㅜ"
1165,1401928756797739008,2021-06-07 15:47:16,#겨울이버블 안대 자지마!!!!!
1166,1401928749843578889,2021-06-07 15:47:15,#겨울이버블 #윈터버블 아놔이언니또밀당하네~~
1167,1401928742159544326,2021-06-07 15:47:13,#겨울이버블 자지마 놀자 ㅠ
1168,1401928733368274944,2021-06-07 15:47:11,"#윈터버블 #겨울이버블
야 누구야 누가 그래써!!!!!!"
1169,1401928722576412677,2021-06-07 15:47:08,"#겨울이버블
아니야 놀자ㅠㅠ"
1170,1401928704079532032,2021-06-07 15:47:04,#겨울이버블 누가가래!!
1171,1401928682034241540,2021-06-07 15:46:59,#겨울이버블 아냐 할미가 미안해 할미 자려다 불켯다 가지마
1172,1401928658097295368,2021-06-07 15:46:53,#겨울이버블 자지마자지마자지마
1173,1401928643815768066,2021-06-07 15:46:49,"윈터언니 아직 자지 않았어? , 나도 . 근대 뭐해요 지금???
#겨울이버블"
1174,1401928593836417027,2021-06-07 15:46:38,아니야 ㅠㅠㅠㅠㅠ 나랑 놀자~~~ #겨울이버블
1175,1401928510910832642,2021-06-07 15:46:18,"#겨울이버블
민정아!!"
1176,1401928453151105028,2021-06-07 15:46:04,"#겨울이버블 
놀아보자고~~~"
1177,1401928431319719941,2021-06-07 15:45:59,#겨울이버블 #윈터버블 민정아ㅏ아아아
1178,1401928410121703424,2021-06-07 15:45:54,"#겨울이버블 #윈터버블
민정이 시간이 왓따"
1179,1401928376693129219,2021-06-07 15:45:46,"#윈터버블 #겨울이버블 
민정이 오늘 뭐해써ㅓ 넘 궁금해 미치게써..~"
1180,1401928317960286212,2021-06-07 15:45:32,#겨울이버블 뭔가 올거같았엌ㄱㅋㄱㅋㅋㅋㅋㅋㅋ&gt;&lt;
1181,1401928311345876998,2021-06-07 15:45:30,#겨울이버블 ㅋㅋㅋㅋㅋㅋㅋㅋㅋㅋㅋㅋㅋ김민정 말투 개겨움
1182,1401928285831892993,2021-06-07 15:45:24,#겨울이버블 ㅜㅡ 겨울언니 보고싶었어. .
1183,1401928274108837888,2021-06-07 15:45:21,"#겨울이버블 
귀여워...🥺🥺"
1184,1401928184812081155,2021-06-07 15:45:00,#겨울이버블 뭐하고 놀꾸~~~?
1185,1401920520715608065,2021-06-07 15:14:33,"#겨울이버블 
민정아 좋은 꿈 꾸룜 🙌🏻"
1186,1401918918894112769,2021-06-07 15:08:11,"The Sky looks beautiful. 
Just like your smile.😉😊
저는 지민이 씨에게  용기를 줄게요💜
#겨울이버블 https://t.co/CHrGw1GpYi"
1187,1401909989371834374,2021-06-07 14:32:42,겨울이 오늘 일찍 일어났으니까 빨리 잘거지?! 잘자 💕 살랑앵 #겨울이버블
1188,1401900937493442566,2021-06-07 13:56:44,#겨울이버블 민정아 별 건 아니고 그냥 너 가져~ https://t.co/3XeofrxcPc
1189,1401892743329157121,2021-06-07 13:24:10,겨우우웅리리리리리 아 한동안 맨날 밤마다 쓸라고 했는데 못썼어 바빴는데 버블 답도 바로 확인 못하고 보니까 늦게 자고 재미있게 놀고 했던데 늘 그뤃게 재미있고 활기차게 보냈으면 좋게따 공주야!!! 오늘도 고생했어 #겨울이버블 #윈터버블
1191,1401851262312738818,2021-06-07 10:39:20,#겨울이버블 강아지 사진만 3장 왔던데?? 나 아직 셀카 3장 기다리고있다????~~~~ https://t.co/fx4AJo2VJl
1192,1401842103357894659,2021-06-07 10:02:57,"#유지민은봐라
#지구젤리버블 
#겨울이버블 
#닝깅이에게
이거 봐봐 얘들아 https://t.co/JaBYJR9rgn"
1195,1401777864266051586,2021-06-07 05:47:41,#겨울이버블 가사가.. 너무 조아서..
1196,1401777815289163781,2021-06-07 05:47:29,#겨울이버블 민정아민정아 기타곡 팝송말구 케이팝생각있으면 아이유-에필로그🥺🥺
1199,1401747417242865665,2021-06-07 03:46:42,"#겨울이버블
민정아 꿔바로우 머거"
1201,1401740408296665095,2021-06-07 03:18:51,나풀나풀 아기강아지가 무슨 운동을 한다구... 긔엽다 #겨울이버블
1202,1401737918167670786,2021-06-07 03:08:57,"#유지민은봐라 #겨울이버블 
지민이가 민정이한테 자주 맞는 이유를 알 거 같아..😶"
1203,1401737808562167808,2021-06-07 03:08:31,긴급속보 유지민 현재 궁금해미치겠어 시전중 #겨울이버블
1205,1401725504638517249,2021-06-07 02:19:37,#겨울이버블 굿몰닝 운동 파이팅 🥺🥰
1206,1401725006883688452,2021-06-07 02:17:39,해피 운동!!!! 아령을 다 집어!!! 러닝머신에서  빨리 달려요!! 다 해요!!!! 우리 민정이 제일 강하다는 걸 증명해!!!! #겨울이버블 https://t.co/bxYxsU2FwT
1207,1401724381542318081,2021-06-07 02:15:09,"#겨울이버블
민정아 운동 잘하구 맛점하룜~~~"
1208,1401724160888377346,2021-06-07 02:14:17,나도 운동해야하는 데 시작이.....힘드넼 ㅠ #겨울이버블
1209,1401723396698914832,2021-06-07 02:11:15,한주동안 행복하길 빌어요. #지구젤리버블 🌙  #유지민은봐라 ❤️ #닝깅이에게 🦋 #겨울이버블 ⭐ https://t.co/pR6yoKMOYD
1210,1401722658241191940,2021-06-07 02:08:19,#겨울이버블 3시에 자구 10시에 운동가는 멋찐 언니 김.민.정. 따봉 드립니다ㅜ https://t.co/TG7UEdeOZg
1211,1401721887240048643,2021-06-07 02:05:15,#겨울이버블 다치지 말구!! 운동 다 하고 맛있는 거 먹자🤤
1212,1401721766238507010,2021-06-07 02:04:46,#겨울이버블 운동하구 맛있는거 먹어😳
1213,1401721591281504264,2021-06-07 02:04:04,#겨울이버블 운동노래 민정아 https://t.co/3ig0m0VpD7
1214,1401720934684266497,2021-06-07 02:01:28,안녕하세요 민정. 당신은 일찍 잤어야한다 😅 #겨울이버블 #윈터버블
1215,1401720442717573123,2021-06-07 01:59:30,#겨울이버블 부지런한 아기!! 칭찬칭찬~~~~
1216,1401720408664018944,2021-06-07 01:59:22,#겨울이버블 #윈터버블 진짜 안늦고 갔구나 월요일 아침부터 운동하는 부지런한 아이돌... 멋있어🔥 다치지 말고 상쾌한 하루 보내용~
1217,1401720303676395520,2021-06-07 01:58:57,개쓰레기요일 버티게 해주는 #겨울이버블
1218,1401720116748845059,2021-06-07 01:58:13,#겨울이버블 올~~~~ 김민둥~~~ 멋진데~~~ 안 졸려? 괜찮아?ㅋㅋㅋㅋ
1219,1401720075304857601,2021-06-07 01:58:03,#겨울이버블 #윈터버블 아주 바람직해 굿굿!
1220,1401719901375528964,2021-06-07 01:57:21,#겨울이버블 운동 안 늦었어? 부지런한 멋쟁이네!!
1221,1401719782425075712,2021-06-07 01:56:53,"#겨울이버블 
귀요미 운동 홧팅❤️❤️"
1222,1401719755543773192,2021-06-07 01:56:47,#겨울이버블 열~ 안늦었네 ㅋㅋㅋㅋㅋ
1224,1401714161801781253,2021-06-07 01:34:33,"#겨울이버블
밍쩡이운동그래서갓나요
운동끝나고 연락바람. 오바. 📞"
1226,1401713363185389568,2021-06-07 01:31:23,김민정 운동 갔습니까? #겨울이버블 #윈터버블
1227,1401709332706725892,2021-06-07 01:15:22,"#겨울이버블
김오또케 일어나라"
1228,1401705678947819524,2021-06-07 01:00:50,#겨울이버블 삼십분뒤에운동가셔야합니다공주님
1230,1401692745970839554,2021-06-07 00:09:27,"쩡아 오늘도 기분좋은 하루보내
넌 나의 첫번째니까💛💛 
#겨울이버블 https://t.co/H8pUpKhTsU"
1231,1401691116395659268,2021-06-07 00:02:58,#겨울이버블 #윈터버블 김민정강아지 일어나세용~ 밥먹고 운동가야지 ~
